grade,n_nepalinlp_word,n_naive,sentence
1,2,2,"दुईहात जोडेर\
"
1,4,5,दोर्जे ः ठिक भन्यौ !
1,9,9,"अभ्यास १ जनाउने चित्रमा ठिक (√) चिह्न लगाउनुहोस् ः\
"
1,7,8,उदाहरण ठुलो रुखमा ९ ओटा आँप छन् ।
1,5,6,वर्षायाममा ठुलो पानी प यो ।
1,1,1,"योग\
"
1,8,8,"अभ्यास सबैभन्दा सानो सङ्ख्यालाई गोलो घेरा लगाउनुहोस् ः\
"
1,2,2,"वस्तुका गुण\
"
1,36,37,"मिलाई गाउनुहोस् : हुँदैन गर्नु हतार हँदै बु 0०० हेर न सेतो हिमाल, हाँसेछ हाम्रो पहाड सम्म छ तराई मधेश, सुन्दर हाम्रो नेपाल हातमा हात राखेर साथमा साथ fewr काम छन् हाम्रा हजार, हुँदैन गर्नु हतार ।"
1,16,17,"केही वस्तु ठुला हुन्छन् | केही साना हुन्छन् | तिनीहरू गोलो, चारपाटे, तीनकुने, लाम्चा, डल्ला हुन्छन् ।"
1,11,11,"अभ्यास एउटा कक्षा कोठामा भएका १५ जना विद्यार्थीमध्ये ७ जना केटा\
"
1,19,19,"उँ मेरो नेपाली, कक्षा १ गुरु : ef stort गाउँछन् | मिठो धुन बजाउँछन् | त्यसैले रुकतारे चाहिरुन त?"
1,4,5,त्यसमा के के फल्छ ?
1,7,7,"सोर एघार बिस तेर उन्नाइस चौध सत्र\
"
1,6,7,"कानले नाकलाई सोध्यो, ""तिमी के गर्छौं ?"
1,2,3,इकु आरु ।
1,4,5,". खोरमा सुरुमा ओटा भेडा\
"
1,64,66,"(आ) सामान ओसार्ने दुईओटा जनावरहरूको नाम लेख्नुहोस् : (इ) मानिस ओसार्ने दुईओटा जनावरहरूको नाम लेख्नुहोस् : (ई) तपाईँको गाउँ/टोलमा भएका सवारी साधनहरूको नाम लेख्नुहोस् : हाम्रो सेरोफेरो, कक्षा 1 WR % ०७) हेरेर साथीलाई भन्नुहोस् : न | ठिक =~ CyoO ) १ — 7 | : ad # ig 2 0 क छ किक cS) ea @ > @ सडकमा fea के के गर्नुपर्छ ?"
1,5,5,"उत्तर ः २० ओटा किताब\
"
1,46,47,Me अनि क्रचाले Snr a बजार्छन् VHA ४ रुकलव्य आर्छ मिठो णीत गारुछ | Of fra हेरी वर्णन गर्नुहोस् : हि eas ts ge ae 0 A 15 €/ सुन्नुहोस् र त्र वर्णमा गोलो (0) घेरा लगाउनुहोस् : क्ष mR त्रेक्ष्तु त्र्र्णी RUT see Wed MDT ।
1,2,2,"ती वस्तुमध्ये\
"
1,5,7,( ख) कुकुर .............................. गरी कराउँछ ।
1,2,2,"पानी पिएको\
"
1,19,20,सहयोग पु याउने एउटा मह वपूर्ण र आधारभूत सामग्रीका रूपमा कक्षा व्रिmयाकलापबाट हुने सिकाइलाई मजबुत बनाउन सहयोग गर्ने छ ।
1,9,10,ढेडुलाई देखेर सबै हाँसे | (क) कसले टीका भेद्यो ?
1,3,4,एकआपसमा बाँडेर खानुहोस् ।
1,5,6,उत्तर ः लम्बाइ लामो छ ।
1,10,10,"एक दिनभरि तपाई  के के गर्नुहुन्छ परिवारसँग छलफल गर्नुहोस् ः\
"
1,7,11,"क) ठड ठण् टद्ध टढ ढघ ............. ............. ............. ............. .............\
"
1,5,6,२. अज कुन बार हो ?
1,4,5,(ण) ङेकुबाजा कसले बजारु ?
1,3,4,आफ्नी बहिनीलाई दिए ।
1,5,6,यी स्रोतहरूको नियमित सरसफाइ गर्नुपर्दछ ।
1,9,9,"तलको चित्र हेर्नुहोस् र दिइएका प्रश्नको उत्तर भन्नुहोस् ः\
"
1,6,7,(ङ) पवित्राले पेडा किन्न कै गरिन् ?
1,6,6,2111... उखु खाङ | 2111... ©!
1,46,47,"रिता रातो रिबन बोकी णडन् | रातो रिबन देखेर याक आयो | यती पनि आयो | मेरो नेपाली, कक्षा १ 1१३३ Wa र YvVVe Wa | हँ 1 iY | 14 eo a) dG) | जाउँ (aa पो जाने =U हेर जा ay fs जाछ छैन ।"
1,6,7,| | | | | | ।
1,4,5,उसले ओभानो सुकुल देख्यो ।
1,1,1,"सिरक\
"
1,4,5,कलमले कोरेर बाटो देखाउनुहोस् ।
1,2,2,"अगाडि को\
"
1,6,6,"रेखा तानेर बाजाको नाम मिलाउनुहोस् ः\
"
1,9,10,( आ) (इ) (ई) (उ) विद्यालयमा कसले घन्टी बजाउनुहुन्छ ?
1,8,9,"अब के भयो, हेर्नुहोस् र साथीहरूसँग छलफल गर्नुहोस् ।"
1,3,3,"उनकी बहिनी रामकलासँग\
"
1,4,5,(ख) चरो किन उड्यो ?
1,4,4,"हामी पनि कमिला झैँ\
"
1,5,6,| (अ) उमाले कै ल्याइन् ?
1,13,14,"RYE हाम्रो सेरोफेरो, कक्षा १ हेरौँ र जानौँ : हाम्रो वरपर हावा छ ।"
1,53,54,"मेरो नेपाली, waa ७९ a 'घनश्याम काकाको घडी' पाठमा प्रयोग War मात्रा नलागेका र aver ख, ग, घ वर्णमा णोलो (0) घेरा लगाउनुहोस् | a सार्नुहोस् र पढ्नुहोस् : घ का ff खु कै जै खौँ घाउ घिउ Gur कोख तिमी ७. थोप्लामा रेखा तानी रङ भर्नुहोस् : Ud घं% ७. घि पो ।"
1,7,8,"म त अहिले भन्दिनँ, पछि भन्ने हो ।"
1,5,6,| 2 | ८ | ।
1,9,9,"कस्तो छ, ठिक चिह्न ( ) चिनो लगाऔ  ः\
"
1,13,13,| १ दश र १ एक = ११ | Ta ११ ११ ॥
1,2,2,"सोर सोर\
"
1,13,14,थोप्लामा रेखा तान्नुहोस् : ge a@ fe ढी ढु न नानि नी नु ।
1,14,14,"दृष्टिगत गर्दै पाठ्यव्रmम विकास कन्ेद्रले विद्यालय शिक्षालाई व्यावहारिक, समयसापेक्ष र गुणस्तरीय बनाउने उद्देश्ययले पाठ्यव्रmम\
"
1,5,5,"+ =  उत्तर ः .........................\
"
1,11,12,त्यो कुन सङ्ख्या हो जुन १२ भन्दा ४ ले कम हुन्छ ?
1,15,16,2 0 के \ % ७०) पढौँ र बुझौँ : हाम्रा वरपर विभिन्न वस्तुहरू छन् ।
1,7,7,"उक्त्त कक्षामा २४ जना छात्रा भए कति\
"
1,1,2,खाए ।
1,3,3,"हाम्रो सुरक्षा ९०\
"
1,8,8,"जाडो र गर्मीमा लगाउने लुगाको नाम लेखौ  ः\
"
1,2,2,"विद्यालय हिँडेर\
"
1,39,41,"FoR) मेरो नेपाली, कक्षा १ Od पढनुहोस् र साथीलाई सुनाउनुहोस् : कहाँ || झाडी न Uf er | ""11 9909101909 ; @ © श्र] शब्दलाई वाक्य बनारुर भन्नुहोस् : काँटी, गोटी, गोठ, छिटा, केक, ठाउँ, ठकठक जस्तै : काँटी ठोक ।"
1,4,4,"१ २ ३ =\
"
1,5,5,लेखी शिक्षकलाई देखाउनुहोस् | NER!
1,13,13,"ज्ञण्छ अभिभावकको दस्तखत मिति शिक्षकको दस्तखत मिति गणित स्वाध्याय सामग्री, कक्षा १ ज्ञण्छ\
"
1,5,5,"घन्टी बज्यो टिन् टिन् टिन्\
"
1,14,14,उनीहरूले खुला दिसापिसाब गरेकाले झाडापखाला फैलिएको कुरा बुझे | pen 3 छ arg ॥
1,5,6,करेसाबारी वा पूmलबारीमा बिरुवा रोप्नुहोस् ।
1,7,8,६. सुन्तला र स्याउमध्ये कुन थोरै छन् ?
1,2,2,"हाम्रो सामान\
"
1,10,10,"एक दुई तीन चार पाँच छ सात आठ नौ दश\
"
1,3,4,किरा खाने दाउमा ।
1,8,8,"विद्यार्थीले पूरा गरेको वर्कसिटको मूल्याङ्कन गरी पुनः आफ्नो\
"
1,6,6,"बायाँबाट चौथो कागजमा घेरा लगाउनुहोस् ः\
"
1,3,4,चिनौ  र सम्झिऔ  ।
1,8,9,तपाई को घरमा के के रुख बिरुवा छन् ?
1,5,6,हामीसँग जम्मा कति कलम भए ?
1,40,41,"सूर्यले मानिसलाई घाम दिए | हावाले शीतल दिए | ROO हाम्रो वेरोफेरो, कक्षा १ “a> @) मौसमका सङ्केतहरू हेरौँ र चिनौँ : क (ew AB. © / ७०४ ७ (छ) चित्रग्राफ तयार पारौँ : आफूलाई मन पर्ने मौसमको चित्रपत्ती लिऔँ ।"
1,4,4,(आ) घरको रङ कस्तोछ?
1,4,5,एक : | दश ।
1,3,3,"दश १ ०\
"
1,2,2,"भेट्दा अभिवादन\
"
1,6,7,वस्तु स्पष्ट नदेखिने कारण के हो ?
1,5,6,""" गोमा माइजूले दिनुभएको हो ।"
1,4,5,कुनै चिज ठोक्किएपछि थर्किन्छ ।
1,2,2,"पाँच पाँच\
"
1,12,12,"जना विद्यार्थी ९ जना विद्यार्थीमध्ये ५ जना छात्रा छन् भने कतिजना छात्र\
"
1,4,5,बाक्लो लुगाले न्यानो हुन्छ ।
1,14,16,टर — NY 5 41 tel) : | all i Ze (0 Eat oe Pa ?
1,4,5,"कविता : धन्यवाद, दोर्जे ।"
1,10,10,"मानव निर्मित र प्राकृतिक वस्तुहरूका पा च पा चओटा नाम\
"
1,4,5,कहीँ गहिरा खोल्सा छन् ।
1,5,5,"जनावर बिरालो कुकुर हात्ती बाँदर\
"
1,5,6,(आ) सबिनाले बाटामा कसलाई भेटिन् ?
1,5,5,खं|गणः ग गा [घि खी।
1,1,1,"बयानब्बे\
"
1,8,9,"घाम, हावा र बादलको अवस्था नै मौसम हो ।"
1,7,7,"तपाई ले सङ्कलन गरेका वस्तुको नाम परिवारका\
"
1,7,8,बसेको छु भने मेरो स्थान कहाँ छ ?
1,2,3,सावधानी अपनाउनुपर्छ ।
1,10,10,"तपाई ले पालना गरेको कक्षा नियममा ठिक चिह्न ( )\
"
1,3,3,| : ॥
1,1,1,"टण्\
"
1,10,11,( अ) (आ) (इ) (उ) नचिनेको मानिसले दिएको खानेकुरा खानुहुन्छ ।
1,1,1,"नङपुर\
"
1,5,6,घाउचोट लाग्न सक्छ त्यहीँ लडेर ।
1,1,1,"कोठा\
"
1,3,4,आवाजलाई ध्वनि भनिन्छ ।
1,5,5,अरू कागले काकालाई ठुड्न खोजे।
1,2,3,]:उ:उ1 1 ।
1,54,57,"८ कक» धन दाइको धारामा, धेरै पानी आउँछरे 0 . 002 धुपौरोको gue, बास्ना मिठो छाउँछरे टुट्न ढा धजा गाँसी धाणामा, धरतीको माझमा — fa बाजा बज्दै छ, धौलाजिरि हाँस्दै छ | नास्पाती र निबुवा, भेद्न गर आमाबा नौनी घिउ Gea, नैना रेसम गारुछन् नोट राखी कोटमा, नानी गई णोठमा नास्पाती र निबुवा, फल्दा रै'छन् बोटमा ।"
1,4,5,""" आमाले ठिक भन्नुभयो ।"
1,5,5,"पाठ सुझाव वा टिप्पणी दस्तखत\
"
1,1,2,चढ्छौँ ।
1,3,3,"ट क्ष्ह क्ष्ह\
"
1,75,76,"ला) ओटा केरा एकै ठाउँमा राखे भने मी af १ जम्मा ५ ओटा केरा हुन्छ | [Ll | |” -+{ | | गणितीय वाक्यमा लेख्दा : १ ३ न २ न् ५ | | [| [| | (तीन) + दुई) नद (पाँच) उत्तर : ५ ओटा केरा गणितीय वाक्यमा :| ]+[_J=| | उत्तर: [ | केटाकेटीहरू गणितीय वाक्यमा: | ]+[ =| | उत्तर: [ | केटाकेटीहरू मेरो गणित, कक्षा १ २७ > जम्मा कति भए ?"
1,5,5,"चिह्न ( ) लगाउनुहोस् ः\
"
1,4,5,ड्ड नाङ्लोमा के छ ?
1,3,4,"लौका, फर्सी, गाजर ।"
1,3,4,घर अलिकति चर्कियो ।
1,9,10,पाठकहरूबाट आउने स झावहरूलाई केन्द्र हार्दिक स्वागत गर्द छ ।
1,21,22,"~ |b ३ तत्र छ छ छड छ छ ङा Ze चिम्टाइलो माटो लिनुहोस् चारपाटे, गोलो, बेलनाकार आयातकार, बाटुलो आकार बनाउनुहोस् ।"
1,27,28,"ऐर मेरो नेपाली, कक्षा १ eo थोप्लामा रेखा तान्नुहोस् : @) सुन्नहोस् र उत्तर भन्नुहोस् : क a ata क्रषभ र क्रचा ae rs mere रुक्लै थिरु ।"
1,7,8,(इ) चाडपर्वमा हामी के के लुगा लगाउँछौँ ?
1,1,1,होइन!
1,6,6,"उदाहरण मोतीको घरमा १७ ओटा गोलभँेडा\
"
1,4,4,कुखुरा कनिका बाँडेर खान्थे।
1,4,5,के के भइरहेको छ ?
1,4,5,ओलन कहाँ गयो होला ?
1,147,150,"V \ a tL] EJ CJ > ठुलामा ठिक (१) लगाउनुहोस् : 7 [ > टेबलमाथि centers ठिक (५) लगाउनुहोस् : er la [ २४ मेरो गणित, कक्षा १ > wert ठिक (५) लगाउनुहोस् : = SSS [| [| > होचामा ठिक (५) लगाउनुहोस् : || | > बायाँ रहेको चित्रमा ठिक (१) लगाउनुहोस् : [| [| > कुक्रबाट नजिक रहेकालाई ठिक (५) लगाउनुहोस् : मेरो गणित, कक्षा १ २५ > सिधा रेखामा ठिक (५) लगाउनुहोस् : | | | | > am रेखामा ठिक (५) लगाउनुहोस् : AZ — [| | | > त्रिभुजमा ठिक (१) लगाउनुहोस् : | | | | | | > वृत्तमा ठिक (१) लगाउनुहोस् : | | | | | | ७ चतुर्भुजमा ठिक (१) लगाउनुहोस् : | | | | | R& मेरो गणित, कक्षा १ ९ सम्मका ase हँ — Matcmt २ : चित्रमा भएका सिसाकलम र तिखार्नेमध्ये कुन धेरै छन् ?"
1,6,6,"खाली ठाउ  भरेर कक्षामा सुनाउनुहोस् ः\
"
1,6,6,"समूहमा नमिल्ने चित्र पहिचान गरौ  ः\
"
1,13,13,"ढ अभिभावकको दस्तखत मिति शिक्षकको दस्तखत मिति गणित स्वाध्याय सामग्री, कक्षा १ ढ\
"
1,3,4,लखन दाइ रमाए ।
1,5,6,"मुखले भन्यो,  म खाना खान्छु ।"
1,5,6,(आ) बुबाका बुबालाई के भन्नुहुन्छ ?
1,23,25,"टाटेपाटे जेब्रा Te ts 4 Ved ik, a ae देख्यो | जुनारको बोट देख्यो | खरानी | . | छ घसेर बसेको जोगी देख्यो ।"
1,7,8,भाइले हतार हतार गरी तातो आलु खायो ।
1,16,17,विशेष भूमिका र हने हुँदा सम्बद्ध सबैको रचनात्मक सुझावका लागि पाठ्यव्रmम विकास केन्द्र हार्दिक अनुरोध गर्दछ ।
1,6,6,"यसलाई पिउन र खाना बनाउन प्रयोग\
"
1,4,4,"ती वस्तु सिधा वा\
"
1,10,10,"सँगैको खाली कोठामा पछाडि आउने सङ्ख्या लेख्नुहोस् र भन्नुहोस् ः\
"
1,1,1,"गिलास\
"
1,5,6,” (क) तराईमा को बस्छन् ?
1,13,13,"ढज्ञ अभिभावकको दस्तखत मिति शिक्षकको दस्तखत मिति गणित स्वाध्याय सामग्री, कक्षा १ ढज्ञ\
"
1,30,31,शब्द लेख्नुहोस् र भन्नुहोस् : (क) caret झ्याप क्वाप mera @ सुन्नुहोस् र उत्तर दिनुहोस् : दुम्सी र फ्याउरो ठुलो जङ्णल थियो | जङ्णलमा atm > W~ दुम्सी बसेको थियो ।
1,7,7,"अभ्यास दिइएका वस्तुहरूलाई तलका बराबर सङ्ख्याका थोप्लापत्तीसँग\
"
1,7,7,"खरायो र कछुवाको कथामा खेल खेलौ  ः\
"
1,1,1,"साथीलाई\
"
1,13,14,". १०० सम्मका हिन्दु अरेबिक सङ्ख्याङ्क म र मेरो परिवार तथा हाम्रो समुदाय १५३\
"
1,5,5,"चिनेर धर्का तानी जोड्नुहोस् ः\
"
1,6,6,"चर्पी र धारामा चिप्लो हुन्छ हेर\
"
1,3,3,"कोही मान्छन् इद\
"
1,6,6,"ँषतभभल क्भखभलतभभल भ्ष्नजतभभल ँयगचतभभल भ्भिखभल ँष्खभ\
"
1,11,12,"| |"" [न ] (च) मेरो घरमा ९ ओटा गाईवस्तु छन् ।"
1,3,4,दही अनि घिउ ।
1,13,13,"ज्ञटठ अभिभावकको दस्तखत मिति शिक्षकको दस्तखत मिति गणित स्वाध्याय सामग्री, कक्षा १ ज्ञटठ\
"
1,1,1,"अग्लो\
"
1,5,5,"योगफल २० सम्म आउने जोड\
"
1,20,21,"नाक कान चिउँडो निधार ओठ ७४७ शिक्षकले भनेको सुनी साथीसँग कुराकानी गर्नुहोस् : = “ph अमर : नमस्कार, सोनाम ag !"
1,4,4,"जम्मा ७ जना विद्यार्थी\
"
1,4,4,11 aay 145७ ॥
1,6,7,प्रकाश दिने वस्तुलाई प्रकाशको स्रोत भनिन्छ ।
1,4,5,ध्यानमा भरुकाले उनी बोलेनन् ।
1,22,23,> सबैभन्दा सानो Ages (_) लगाउनुहोस् : १२ | १२ ११ १४ १२ | १६ > अगाडि र पछाडि कति कति हुन्छ ?
1,3,3,"लागि ४ लाई\
"
1,3,4,खुमा खेलेर आइन् ।
1,1,1,"उनन्चास\
"
1,5,6,अभ्यास दीपासँग ६७ रुपियाँ छ ।
1,60,62,"|) |) |) . | | मेरो नेपाली, कक्षा) ६६३ | | | (ङ) पढेको सुनेर प्रश्नको उत्तर भन्नुहोस् : | कमललाई किताब किन्नु थियो | उनी कृष्ण दाइको पसलमा TW | उनले GA र कृष्णको कथा भरुको किताब किने | बहिनीका लाणि Het पनि किनिदिरु | | कमल सामान झोलामा राखेर घर फर्के | | (अ) कमललाई के गर्नु थियो ?"
1,7,7,"अभ्यास समय र कामलाई जोडा मिलाउनुहोस् ः\
"
1,6,6,"अभ्यास उस्तै आकृतिलाई धर्काले जोड्नुहोस् ः\
"
1,2,2,"मान्यजन नमस्ते\
"
1,15,16,"करुवाको पानी, कलकली खाए करेसामा फुलेका, फूल कति कति फूल रोप्ने कविता, कति धेरै जाती ।"
1,5,6,"म पाठाको é , माउ हो।"
1,3,3,"विद्यालयको नाम ः\
"
1,6,7,साथीस ग मिलेर स्थानीय गीत गाऔ  ।
1,12,12,) “९ @) उत्तर लेख्नुहोस् : (अ) यातायातका चारओटा साधनहरूको नाम लेख्नुहोस्?
1,10,11,( अ) (आ) (इ) माथिका चित्रमध्ये कुन मन प यो ?
1,5,5,"म र मेरो परिवार १\
"
1,1,1,"डठ\
"
1,7,7,"( अ) (आ) (इ) (ई) (उ) क\
"
1,7,8,दोर्जे विद्यालय जाँदा मने पनि जान खोज्छ ।
1,3,3,"गणितीय वाक्यमा, +\
"
1,2,2,"ज्ञज्ञ ज्ञघ\
"
1,8,9,(आ) गैरीगाउँका मानिसहरू किन बिरामी परेका थिए होला ?
1,6,6,"गणित स्वाध्याय सामग्री, कक्षा १ ज्ञठघ\
"
1,4,5,साथीलाई के भयो के ?
1,4,5,कसले : दिनुभरुको हो ?
1,1,1,"ठिक\
"
1,6,7,ओटा भेडा र बाख्रा बाँकी भए ।
1,5,6,"बिर्को, गिलास आदि) सङ्कलन गर्नुहोस् ।"
1,1,3,आऊ ... !
1,8,9,"घर, गाडी, खेलौना र किताब मानिसले बनाएका हुन् ।"
1,2,2,"मा टुव्रm्याउनुहोस्\
"
1,1,1,"चौध\
"
1,2,3,उज्यालो भइसक्यो ।
1,7,8,१४ EEE | | | | | ।
1,5,6,(ख) मैनाले के के बोकी ?
1,8,8,"जमिनको प्रकार आउने शब्दहरू खोजेर घेरा लगाउनुहोस् ः\
"
1,10,10,"उदाहरण डोरीको प्रयोग गरी घरमा भएको टेबुलको लम्बाइ र चौडाइ\
"
1,3,3,"खेल्ने विधि ः\
"
1,10,11,गरिएको छ तापनि यसमा अझै सुधारका ठाउँ रहेका हुन सक्छन् ।
1,5,5,"अभ्यास मोतीको घरमा बाँकी रहेका\
"
1,32,33,केही बिरुवाहरू होचा छन् | केही अग्ला छन् | नरम डाँठ भएका साना बिरुवा झारपात हुन् | कडा डाँठ भएका मझौला बिरुवा बुद्यान हुन् | कडा डाँठ भएका अग्ला बिरुवा रुख हुन् ।
1,7,7,"सडकको दायाँ किनार हिँड्ने बानी गरौ \
"
1,6,7,उदाहरण नरेन्द्रसँग २० ओटा सिसाकलम छन् ।
1,3,3,"खेल सुरु भो\
"
1,5,6,१० र ७ मिलाउँदा हुन्छ ।
1,1,1,"अठसट्ठी\
"
1,16,17,९६ हाम्रो वेरोफेरो; कक्षा १ % ७७) कथा सुनौं : राजु र शान्ति आँगनमा खेल्दै थिए ।
1,12,13,( अ) (इ) (ई) घर र विद्यालयमा कहाँ कहाँ दुर्घटना हुन सक्दछ ?
1,2,2,१७२ ॥
1,3,5,. कतिओटा स्याउ छन् ?
1,7,9,"| | | | | | , | ।"
1,4,4,कछुवा खरायोभन्दा अगाडि थियो।
1,3,4,सबैतिर उस्तै छैन ।
1,7,9,g e . हामी उभिएको ठाउँ जमिन हो ।
1,3,3,"छलफल गर्नुहोस् ः\
"
1,1,1,ला|लि|ली|लु।
1,7,9,( अ) हामीले कुरा गर्दा मुखबाट .......................... निस्कन्छ ।
1,5,6,त्यहाँ मामाको छोराको विवाह थियो ।
1,3,4,ढोल झ्याम्टा बजाई ।
1,9,9,"काकाले सोच्नुभयो, ""यी कागले त काउली सखाप पार्ने भए।"
1,7,8,(ई) के तपाईँ अस्पताल पनि जानुभएको छ ?
1,27,28,"घुँडा yy. समारु | त्यही बेला घमराज त्यहाँ आइपुगे | घमराजले घनश्याम काका आत्तिरुको देखे | उनले घटना FHT खोजे | घमराजले सोधे, “के भयो घनश्याम काका ?"
1,13,14,उनी लडिन् | उनलाई माइजुले उठाउनुभयो | माइजुले दुखेको ठाउँमा मलम पनि लगाइदिनुभयो ।
1,8,11,(ई) चाडपर्वमा ............................. आउनुहुन्छ | (उ) हामी चाडपर्वमा ............................. खान्छौँ ।
1,4,5,(ख) बुबाले के लगाउनुभयो ?
1,6,6,"खाली बाकसमा उपयुक्त सङ्ख्या भर्नुहोस् ः\
"
1,6,6,"( अ) हुरी बतास चलेको बेला\
"
1,11,11,"+ = २ ० + २ + = २ = २\
"
1,7,8,¥ उड्यो एउटा परेवा बाँकी कति छ ?
1,8,9,( अ) तपाई को परिवारमा को को हुनुहुन्छ ?
1,11,12,"0, ~~ मुसाले भन्यो, “मकै नखाउ है = LL 70 भालु !"
1,5,6,(घ) ओलन कहाँ णयो होला ?
1,1,1,"पिरो\
"
1,7,8,१ |आइतबार सोमबार हप्ताको दोस्रो बार हो ।
1,10,10,"तपाई लाई मन पर्ने विषयमा चित्र बनाई रङ भर्नुहोस् ः\
"
1,4,4,"सिक्का र नोटहरू २०\
"
1,5,5,"अभ्यास तपाई को घरका विभिन्न\
"
1,31,32,(७) “फक | ३ र [| | मिलाउँदा ७ हुन्छ | (७) | | ५ र | | Prensa ७ हुन्छ | (७) a ६ र | | fraser ७ हुन्छ ।
1,4,4,"गाडा, टाँगा, साइकल, मोटरसाइकल\
"
1,11,11,| 2 ”” [1211%1 1 ee L&C Cede elie eel गाढा?
1,5,6,(ई) जिब्राले के थाहा पाउँछ ?
1,31,32,"a जा जि जु सानो म a सुन्नुहोस् र उत्तर भन्नुहोस् : छानामा छाउरो "" पाङ्ग्रे छानामाथि चढ्यो | es छाउरालाई बोलायो | छानामा रे a ङ्याउरो पनि थियो | उसले ।"
1,4,4,"उत्तर ः ३१ आलु\
"
1,3,3,"यसलाई बिउसम्म पुग्ने\
"
1,4,4,"यसबाट अन्न, तरकारी र\
"
1,6,7,| (डु) नवीन के गर्दै थियो ?
1,9,9,"तलका आकृतिमा भएका रेखाहरूमा तपाई लाई मन पर्ने रङको\
"
1,5,5,"जना छात्रा ४ जना छात्र\
"
1,2,2,"कै ची\
"
1,6,7,0 / eee G | जोर ।
1,4,5,विद्यालय वरपरको जमिन हेर्नुहोस् ।
1,2,2,"हामी नियमित\
"
1,6,7,(ख) को को असल छिमेकी भरु ?
1,4,5,कानको काम के हो ?
1,5,6,सबै रिसाएको देखेर मोबाइल डरायो ।
1,6,6,"विषयक्षेत्र ः सञ्चार प्रविधि र बजार\
"
1,7,8,(आ) के तपाईँको घरमा पनि जनावर छन् ?
1,3,4,कोठा सफा राख्नुपर्छ ।
1,7,8,". दुई अङ्कसम्मका सङ्ख्याको घटाउ मेरो विद्यालय १४७\
"
1,2,2,"कागजको टुव्रmा\
"
1,38,38,८. an ay 7 2 झारपात केही थिरुन | ide OF TG ge Ge Gene रुकैछिनमा vo हुल मानिस NP AS el 7000 2 आरु | कोही भ्याइँभ्याइँ 2 बाजा बजाउँदै णाउन थाले | कसैले ued बाजा बजार|।
1,5,6,(ख) खुमाले के के खाइन् ?
1,3,5,इदशरर = ३२ ; ।
1,43,44,"| हाम्रो येरोफेरो, कक्षा १ ns ee eo @) मिल्नेमा धर्का तानेर जोडौँ : लाइन मिलेर हिँड्न साथीसँग झगडा गर्न कक्षाकोठा फोहोर गर्न oe ३ [a = Cee |, / कक्षाकोठा सफा राख्न hae ye साथीसँग मिलेर पढ्न wy , & a eo ॥"
1,6,6,"खरायो बिउ झि दा कछुवा चिनोमा\
"
1,1,1,"पाठ्यप\
"
1,1,1,"शनिबार\
"
1,8,9,२. केरा मन पराउने विद्यार्थीहरूको सङ्ख्या कति छ ?
1,2,2,"बिस बिस\
"
1,4,5,१९९६ हाम्रो सेरोफेरो; कक्षा ।
1,1,1,"बायाँ\
"
1,6,6,"द्धड गणित स्वाध्याय सामग्री, कक्षा १\
"
1,4,5,खैरो खरायोले जडीबुटी खायो ।
1,9,9,"यो सानो आँखामा सुन्दर देश छ, सुन्दर देश छ\
"
1,6,7,(a) ङिमाले बिहानदेखि के के गरिन् ?
1,5,5,"अभ्यास उपयुक्त सङ्ख्या लेख्नुहोस् ः\
"
1,11,11,"ड्ड  माथि  र  तल को प्रयोग गरेर वाक्यहरू बनाउनुहोस् र परिवारका\
"
1,14,14,"तहका बालबालिकामा साक्षरता, गणितीय ज्ञान तथा सिप र जीवनोपयोगी सिप विकास गर्न सिकाइ अभ्यासको\
"
1,14,15,आफूसँग भएको ५ ओटा फूलका थुँगामध्ये १ ओटा फूलको थुँगा साथीलाई १... ७2 दिए ।
1,1,1,"छब्बिस\
"
1,4,5,दुवै चिनो राखेर दौडिए ।
1,6,7,के तपाई  अस्पताल पनि जानुभएको छ ?
1,4,5,एक हातमा बाजा लिनुहोस् ।
1,56,57,":4 ow च्याउ i क्यामेरा मन्दिर दु A न्दि ¢ मेरो नेपाली, कक्ष१ FEY a कोठामा दिइरुको वर्णबाट चित्रको नाम लेख्नुहोस् : er [भया SJ | च्या | oT | ww en | fog er ल्ला = uf १० = 4 = Z ~ = & | छक = शी a तपाईँको घरवरपर कै कै छन् ?"
1,5,6,जम्मा कति पाना किताब पढे ?
1,3,3,"मा लेख्नुहोस् ः\
"
1,26,27,"” उत्सव A जोडसित करारु | SOT कु आइन् | उदय पनि आरु | ) ७ पक उत्सवले भने, “पारि डाँडामा केरे +. se हेर त !"
1,3,3,"हामी सँगै बसेर\
"
1,3,4,के भयो के ?
1,5,6,(क) कुमुदले के पालेका थिरु ?
1,2,2,"ढ ट\
"
2,2,3,दश भयो ।
2,3,4,भाइ : दिदी !
2,28,29,"मेरो नेपाली, कक्षा २ परि & १६. तालिकामा जस्तै गरी वाक्य बनाउनुहोस् : प्रचलित शब्द परिवर्तन प्रयोग शब्द गरेपछि बन्ने शब्द salir दाजुभाइ ददिदीभाइ् १. मेरा दाजुभाइ छन् ।"
2,2,1,"स्स्स्स्स्स्स---र.,
"
2,30,31,कपाकप खाना > फि खारुर उनीहरू Yor णरु | केही समयपछि = Sts aE as ae गशुसुक्क निदारु | बिहान Saat पो उनीहरू —_— झसङ्ग AL | उनीहरूले हिजोको पाठ ।
2,2,2,"किट फरथ्तिकि
"
2,5,6,पासाङ मुनेलाई धेरै माया गर्थिन् ।
2,5,5,"बान्ता पखाला घाउ खटिरा बिरामी
"
2,2,3,आफूतिर तान्छ ।
2,6,7,(आ) तपाईँको परिवारमा को को हुनुहुन्छ ?
2,7,7,"हामीसँग भरुको पैसाले चिउरा, चामल र दुध
"
2,6,6,"९. तलका शब्दबाट वाक्य बनाउनुहोस्‌ :
"
2,3,4,गर्नुभयो तर सक्नुभएन ।
2,8,9,"उनले गुरुआमाले भन्नुभरुको कुरा सम्झिइन्‌, “कुनै जीवजन्तुलाई पिट्नुहुन्न ।"
2,60,61,"(छन्, छैनन्) a ११. शब्दको क्रम मिलार्र वाक्य सार्नुहोस् : Sioa अहिले जाडो छ कि गर्मी, जाडो र गर्मीबाट बच्न तपाईँ के गर्नुहुन्छ, लेख्नुहोस् : जाडोबाट बच्न गरिने उपाय गर्मीबाट बच्न गरिने उपाय a a SS मेरो नेपाली, कशा २ &; १३. शब्द शब्द BURY लेख्नुहोस् : (क) आजचर्कोघामलाण्यो | आज चर्को घाम लाण्यो | (ख) बादललेआकाशढाकेकोछ poe (ग) जाडामाहुस्मुलाग्छ ।"
2,3,3,"'डै 2 71
"
2,12,12,"& ३. रेडियोबाट बज्ने कुनै रुउटा कार्यक्रम सुनी त्यसका बारेमा पाँच वाक्य
"
2,6,7,केहीबेर अभ्यास गरेर शिक्षकसँगै गीत गाउनुहोस्‌ ।
2,2,2,"तपाई |
"
2,7,8,"भित्रबाट मुसाले भन्यो, “arg, बाई, बिराला ag !"
2,6,6,"(१०. शब्दको क्रम मिलारुर सार्नुहोस्‌ :
"
2,18,19,जगणमोहनले झोला राखे | हवार्डजहाज उड्यो | जणमोहन GST परे | १ (क) जणमोहन बुबासँग कहाँ जाने भरु ?
2,9,9,"राम्रो बानीमा राम्रो र नराम्रो बानीमा नराम्रो लेख्नुहोस्‌ :
"
2,2,2,"अन्नदाता किसान
"
2,2,3,घाँस हाल्छ ।
2,3,4,"कनत त 07 -
"
2,3,4,नुमाले बाहिरतिर हेरिन्‌ ।
2,5,6,स्वयम्सेवक : राम्रो गर्नुभएको रहेछ ।
2,2,2,"जथाभावी फोहोर
"
2,6,7,(अ) गीतालाई के समस्या परेको थियो ?
2,17,18,| ३. एक जना किसानले ४५१ ओटा सय दश एक कुखुराहरू पालेका रहेछन् | यदि उनले र ।
2,6,7,राधा : आजभोलि निकै काम छ ।
2,9,9,4. क MG. ढोकाको उचाइ कति से.मि. ere ?
2,2,3,११ ”” ।
2,4,5,उनका कुरा सबैले माने ।
2,5,6,(ख) वनजङ्णल किन रमाइलो हुन्छ ?
2,4,5,सबैको स्वास्थ्यमा ख्याल गर्छु ।
2,7,7,"म छ), 27, सल्ला काट्ने हल्ला छन्‌
"
2,18,19,तितो खाँदा फाइदा हुन्छ | गुलियो मिठो हुन्छ | गुलियो मात्र ware रोणी भड्टन्छ | काम बिस्तारै गर्नुपर्छ ।
2,17,18,[| ४. कक्षा ३ को पाठ्यपुस्तक कक्षा ४ को पाठ्यपुस्तकभन्दा कति कम वा बढी बिक्री भएका रहेछन् ?
2,2,2,"«र. वि
"
2,2,3,आवाज हो ?
2,2,2,"पो माका
"
2,7,8,दुध खाने मौका हेरी बसेका छन्‌ ङ्‌याउरा ।
2,2,2,"पापी 0010
"
2,9,9,"& ८. तलका शब्द प्रयोग गरी वाक्य लेख्नुहोस्‌ :
"
2,2,3,(ख) रमिलालेकथालेखी ।
2,6,7,( ख) बिरालाले मुसालाई के गयो ?
2,4,5,हाँस्दै मिठाई कचौरामा हालिन्‌ ।
2,1,2,सकेन ।
2,1,1,"जाड
"
2,6,6,"000 कछ गेरो नेपाली, कशा २
"
2,165,166,"तपाईँहरू दुवैले ठिक भन्नुभयो | लक 9८ मेरो गणित, कक्षा २ &/ सानो सङ्ख्यालाई गोलो घेरा लगाउनुहोस् : (क) ५र६ (ख) दर६ (ग) रेर ४ (घ) १५ र २५ (ङ) ७५ र ६७ (च) २२३५ र ३२५ छ ठुलो सङ्ख्यालाई गोलो घेरा लणाउनुहोस् : (क) रद (ख) २४ र ४३ (ग) ७६ र ७९ (घ) २३६ र २६३ (ङ) १५३२ र RB (च) ६७१ र ७०५ मेरो गणित, कक्षा२ 0500 | सङख्याहरूको बढदो क्रम र घददो क्रम ७० छलफल गर्नुहोस् : iy | 9 Lg ४ Sg & 0 ca ° v ७ छ Go ७ 60 १ १) ७ bie बढ्दो क्रममा लेख्नुहोस्: | O घददो क्रममा लेख्नुहोस् : ७० फिट [se Tre a ३४ Tas = & sali aT |. ike j | ee दछ; हाड ज | | | 1१ [| WSS) मेरो गणित, कार ७. माथिबाट घद्दो क्रममा लेख्नुहोस् : छू त 2 TA : [| (0 (&, तलबाट बढ्दो क्रममा लेख्नुहोस् : _- _ i aa [ A Ht * ।"
2,2,2,"द्र तत
"
2,2,3,खुसी भरु ।
2,2,2,"पिर ाडडरु
"
2,1,2,गर्नुभयो ?
2,50,51,"“ee : Soa 000 [ | © तत दिइरुका सिक्काहरु हेर्नुहोस् र कति रुपियाँ हो चिनेर लेख्नुहोस् : मेरो गणित, कक्षा २ (२०१ 6; तत दिइरुका नोटहरूका चित्रहरू हेर्नुहोस् र कति रुपियाँको हो चिनेर लेख्नुहोस् : elaal हुक"" रु. | ५ [| ; a] [| | 1011. Foal Bo ~ ॥"
2,1,1,"सूचना
"
2,2,2,"हा डि
"
2,8,9,अनिसा : आज म विद्यालय जाउँ कि बिहेमा ?
2,4,5,(क) को अगाडि aver ?
2,6,7,"लौ, झयालमा स्याल पो बसेको रहेछ ।"
2,2,3,बजार जानुभयो ।
2,2,3,खोर त ?
2,8,9,मलाई पुतली मन पर्छ तर पुतलीले मह बनाउँदैनन् ।
2,4,4,"खोलिदिरुकामा छिमेकीलाई धन्यवाद दिनु
"
2,10,10,"७. चुम्बकले तान्ने वस्तुको कोठामा रातो रङ र चुम्बकले नतान्ने
"
2,2,2,"धेरै नराम्रो
"
2,7,8,हजुरबुबा: mn शारदा : खाना खानुभयो हजुरबुबा ?
2,3,3,(ङ) जीत गाउँछिन्‌।
2,6,6,"(अ) पौडी खेल्दा खोलानालामा एक्लै नजाने
"
2,5,5,"७, नमुनाअनुसार रङ भरौँ :
"
2,4,5,म सुकुलमा थचक्क बसेँ ।
2,5,5,भन्नुहुन्छ कहानी वर अनि परका।
2,2,2,"पने ककललललललललकोककालेकरलललललललन्क,
"
2,1,2,माने ।
2,46,52,"(ण) बिचको वर्ण झिकेर नयाँ शब्द बनाउनुहोस् : जस्तै : तिहार - तिर © १३ 'पनीमा साधना' कथामा पहिला कुन कुन घटना आउँछन्, मिलारर लेख्नुहोस् : - केटाकेटीले नाक छेोपेका थिरु | - पाहुनाले जुत्ताको तुना बाँधेका थिरु | - साधना देउसी खेल्न TST | - साधना नाक छोपेर मरिमरी हाँसिन् ।"
2,5,6,त्यहाँ साँगुरा गल्ली पनि थिरु ।
2,9,10,खेल खेल्नुभन्दा अघि शरीरलाई घुमाउने र मर्काउने क्रियाकलाप गर्नुपर्छ ।
2,2,2,"(छिमेकी /पराइ)
"
2,6,6,"पा यो ज भ यो जा
"
2,6,6,"उनले लखनका बुबा मिस्त्री _छखा या
"
2,17,18,त्यो डाँडाको oa नाम सराङकोट हो | उनीहरूको विद्यालयबाट पूर्वतिर पोखराको फेवाताल र उत्तरतिर माछपुच्छे हिमाल देखिन्छ ।
2,1,2,आइपुगे ।
2,2,3,( ओभायो ।
2,8,8,"(आ) हजुरआमा खाजा 1 | (खान्छ, खान्छन्‌, खानुहुन्छ)
"
2,6,6,"१४. उदाहरणमा जस्तै णरी लेख्नुहोस्‌ :
"
2,5,6,(आ) सोनिकालाई डाक्टरले के भन्नुभयो ?
2,3,4,दाइको पछि लागेँ ।
2,3,3,आवाज आउँदै छ।
2,13,13,"ं कान्छी, दुई, राम्री, सिपालु, सबै, धेरै, सहयोजी, हँसिलो, निलो, शान्त, मिठा ँ
"
2,1,2,दिनुहोस्‌ ।
2,32,33,(RE WM ४१ देखि १०० सम्मका ees कै व्तकहरू जन्नुहोस् र पढनुहोस् : ५१ एकाउन्न ५२ बाउन्न 2 का ५३ त्रिपन्न ala) ५४ चवन्न 2 कक छ aaa co ५५ पचपन्न 1 ।
2,3,4,नाम मानिसका मात्र ?
2,13,13,"गोडा, घोडा, जोडा, छोडा, सोडा | कोट, खोट, घोट, चोट, नोट, बोट, भोट
"
2,4,4,"त्यहाँ कालो आस्र सिकारीलाई
"
2,3,3,"को सल्लाहअनुसार शल्य
"
2,7,7,"या रा तो पि शो पं श
"
2,9,10,(आ) कुकुरले जस्तै अरू कुन कुन जनावरहरूले मासु खान्छन्‌ ?
2,3,3,"उत्तर भ्ौँ :
"
2,2,2,"(आँखा /कान)
"
2,6,7,उजिर : मेरो नाम उजिर हो ।
2,7,8,सानी ७०७ छ Bic सुकुलमा बस्दै थिइन् ।
2,11,12,[| २. फूलमायाले तीन दिनमा जम्मा कति किलोग्राम मौसम बिक्री गरिछन् ?
2,4,5,केही वस्तु पानीमा घुल्छन्‌ ।
2,4,4,"आज नानी पनि बिरामी
"
2,3,4,तपाईँले पनि हेप्नुभयो ।
2,1,1,११!
2,5,6,तिमीलाई केसँग डर लाण्छ नि ?
2,8,9,(अ) तपाईँको करेसाबारीमा कुन कन तरकारीका बिरुवाहरू छन्‌ ?
2,50,50,"So. खाली ठाउँमा मिल्ने शब्द लेखी वाक्य बनाउनुहोस् : पक्रनुहुन्छ बनाउँछ आउँछ लेख्छ WR मेरो नेपाली, om २ & ८ तलका शब्दहरू पढनुहोस् र लेख्नुहोस् : झापा were पाता ""212 gps &|९. तलका शब्द प्रयोग गरी तपाईँको घरका बारेमा बताउनुहोस् : रङ, सफा, छानो, तला, झयाल, ढोका, बजैँचा, करेसाबारी ७॥"
2,6,7,"गरौँ गरौँ राम्रो काम, राख्नुपर्छ नाम ।"
2,5,5,"| गेरो नेपाली, का २
"
2,7,7,"शू क शा जु लो क हु
"
2,8,9,गर्नु पनि आधारभुत तहको शिक्षाका आवश्यक पक्ष हुन्‌ ।
2,1,2,सुने ।
2,1,2,हू ।
2,1,1,"छिमेकमा
"
2,1,2,खान्छन्‌ ।
2,6,6,"नयाँ वर्ष २०७७ को उपलक्ष्यमा समस्त
"
2,5,5,"जनवर गरो नेपाली, कमा २
"
2,8,8,"आँखा यता न जा लुक्नु कति म जा
"
2,3,3,"संवाद पढौँ :
"
2,4,4,"खुँडा म ७ कि
"
2,2,2,यका ॥
2,3,4,समथर जमिन हुन्छ ।
2,2,2,"देखिँदैन आकार
"
2,15,11,"(क्र) चिलले ०/००५०-३,०:३:० 410,0:0:0:0204:0 0 ७ ७.० 2 002-0 खान्छ ।"
2,4,4,"सेतो र पातलो लुगा
"
2,5,5,"त्री ५) त हद ई)'
"
2,3,4,स्याल त भाणिहाल्यो ।
2,2,3,भाइ पनि !
2,5,7,(इ) विद्युतीय उपकरणहरू चलाउँदा ............ हुनुपर्दछ ।
2,5,5,"(किन्यो, किन्दै छिन्‌, किन्ने छ)
"
2,6,7,त्यही भरुर मौरी घरमा पालेको छु ।
2,6,6,ककर खान्छ लछेर र /5201(4 ॥
2,6,7,काटनु पर्छ नङ पनि होसियार भई ।
2,3,3,"छ सट १
"
2,6,6,"थे १. लय मिलाई गाउनुहोस्‌ :
"
2,1,1,"भजन
"
2,4,5,आमा कार्यालय जानुभरुको थियो ।
2,8,9,८ (उ) सर्प ............... एक ठाउँबाट अर्को ठाउँमा जान्छ।
2,7,8,| | PERT GEE ७१२६; Poot EEE ।
2,1,1,"उनका
"
2,4,5,आउ हामी घुणुती खेलौँ ।
2,7,7,"६. तलका शब्दहरू पढ्नुहोस्‌ र लेख्नुहोस्‌ :
"
2,7,8,क बि रुखको हाँणामा चराका बचेरा देख्यो ।
2,10,11,उत्तर पत्ता लगाउन तलको गाणतीय [1५२ वाक्य प्रयोग गर्न सकिन्छ ।
2,4,5,सहरमा उनीहरुले सामान किने ।
2,8,8,"6, १ आफूलाई मन पर्ने वस्त बनाऔँ :
"
2,3,4,हामी जीत णाउँछु ।
2,6,7,उनको हात र लुगामा हिलो लाग्यो ।
2,3,3,७ ४“ कक?
2,7,7,"रूपक र उनका साथीहरू विद्यालयका सामानहरू प्रयोग
"
2,5,6,मुसो सधैँ पर पर भाण्थ्यो ।
2,8,9,| (ख) यस नोटमा कुन जनावरको चित्र छ ?
2,7,8,केही जनावरहरू अन्य जनावरको मासु खाएर बाँच्छन्‌ ।
2,9,10,"तार, सानो ढुङ्गा, इँटाका टुक्रा आदि सामग्री सङ्कलन गर्नुहोस्‌ ।"
2,6,7,उर्मिलालाई सुगा घरमा लैजान मन लाण्यो ।
2,7,6,"&._ तल दिइएका पहिरनका नाम लेख्नुहोस्‌
"
2,2,3,(ण) आमारबुबालेणीतगाउनुभयो ।
2,9,9,(ई) म अशक्त र वृद्धलाई बसमा बस्न सिट छोडिदिन्छु।
2,6,6,"बाढीको धमिलो पानीभित्र | न. प्र
"
2,1,1,"स्याङ्जामा
"
2,8,9,हामी हाम्रा गुरु र णुरुआमालाई धेरै मन पराउँछौँ ।
2,9,10,कसरत र व्यायाम गर्नाले शरीर स्वस्थ र बलियो हुन्छ ।
2,13,13,"iS 5 ७ | Paes भन्यो, “मसँग भरुको पटका पडकार्र ;:: : ॥"
2,1,1,फददकरारिकि?
2,1,2,किन्यौँ ।
2,6,7,(क) केटाकेटीले कसका घरमा देउसी खेले ?
2,4,5,तराईको माटो मलिलो हुन्छ ।
2,5,6,(ण) नुमालाई किन नरमाइलो लाण्यो ?
2,4,4,"त्यहीँबाट बहने, नदीहरू ओरालो
"
2,3,3,तत ती वया?
2,5,5,"पुजारी नजिकै घर हुने व्यक्ति
"
2,4,4,(ख) तिमीले दालभात “1111?
2,6,6,ष्र क पु2 113 (03 ५३?
2,2,3,| विकि ।
2,7,8,"हावा पानी नपाउँदा, त्यसै मरी जाने छ ।"
2,4,4,"दु अस्पताल घरपालुवा जनावर
"
2,1,2,थुप्रियो ।
2,12,13,सङ्ख्याहरूको गणना गर्दा पछि आउने सङ्ख्या पहिले आउने सङ्ख्याभन्दा ठुलो हुन्छ र ?
2,5,5,"७. रुचि र बानी १११
"
2,3,4,“म भात खान्छु ।
2,6,6,"चङ्गा, पङ्खा, शङ्ख ब्वाँसो, बिरालो, कुकुर
"
2,2,2,"(आदर /गाली)
"
2,4,5,(ई) धान अन्नबाली हो ।
2,38,39,"” उनले | मितबालाई सोधे | द्याम्को, दमाहा, ढोलक, सनाई, झयाम्टा, कर्नाल गाउँघरका | बाजा हुन् | यस्ता बाजा शुभकार्यमा बजाइन्छ | अरू पनि धेरै बाजाहरू छन् | पर्वअनुसार फरक फरक किसिमका बाजा बजाइन्छ बाबु भनेर मितबाले जवाफ ।"
2,8,9,(रञ्जना घरको पेटीमा रुक्लै बसेर गट्टा खेलिरहेकी हुन्छिन्‌ ।
2,6,7,हामी पनि सेलरोटी खाऔँ न त ।
2,8,9,२. उदाहरणमा दिइ्डरुको जस्तै गरी पूरा गर्नुहोस् : ।
2,5,5,"साथीसँग मिलेर स्किपिङ खेलौँ :
"
2,13,13,"(ग) शब्द पढ्नुहोस्‌ र वाक्य बनाई भन्नुहोस्‌ : पिर्का, खोर, ओडार, मैदान, लोखर्के
"
2,8,8,"कपडा धुन र नुहाउन पानी 01 (८१, (163,
"
2,3,4,x 7 | ।
2,9,10,(उ) हावाको सहायताले हामी के के काम गर्न सक्छौँ ?
2,6,6,"'ख) तलको तालिका पूरा गर्वुहोत्‌ :
"
2,10,10,"रमिताः मान्छेहरूलाई थाहा भरुर पनि यसरी खोलामा खोला किनारमा जथाभावी
"
2,4,5,उहाँले आफ्नो परिचय दिनुभयो ।
2,2,2,"” क
"
2,10,10,"&/ दिइएका शब्द छ्नोट गरी वस्तुहरूका आकारको नाम लेख्नुहोस्‌ :
"
2,3,3,"फैलाउँछु यो कुरा
"
2,5,6,जानुभरुको भरु त्यहाँ के के ।
2,7,7,"क फल, गाई, डाँफे, चन्द्रमा, सूर्य, लालीगुराँस
"
2,2,3,किनाराबाट हिँड्नुपर्छ ।
2,3,3,"डाक्टर ५) वि
"
2,10,11,” त्यसैले अबदेखि मैले कसैका बारेमा नराम्रो नसोच्ने निधो गरेँ ।
2,3,4,लोखर्केले न्याउरीलाई भेट्यो ।
2,3,4,दाङमा बस्ने दङाली ।
2,2,3,बसुँ कि !
2,4,5,पनि उनीहरूकै हुन्छ नि ।
2,2,3,राधा तिमीलाई ?
2,9,9,"(गण) ओहो  ” साथीलाई त कति ठुलो घाउ लागेछ
"
2,8,8,"बाचा गर्दछौँ हो बाचा गर्दछौँ जि पछा 0२
"
2,7,7,कोभिड-१९ बाट जोगिन के के गर्नुपर्छ ?
2,5,5,"0. 1100 वि मा” खा
"
2,5,6,(घ) बचेरालाई देखेर को रमायो ?
2,11,11,"&/ तपाइँले आफ्नो गाउँ सहरमा बनेका के के सामान किन्नु भएको
"
2,8,9,समभावको विकास पनि आधारभूत शिक्षाका अपेक्षित पक्ष हुन्‌ ।
2,4,5,फोहोर फाल्ने मान्छेलाई सम्झाउनुपर्छ ।
2,2,3,हाउभाउसहित नाचौँ ।
2,19,20,जसमध्ये पहिलो दिनमा ३७५ जना बालबालिकाहरूलाई मात्र भिटामिन A खुवाइयो | कति जना बालबालिकालाई भिटामिन A खुवाउन बाँकी रह्यो ?
2,8,8,"बाखो खोरमा, गाई णोठमा, मुसो दुलामा, चरो गुँडमा
"
2,11,11,etete =[ | ६ तीन पटक | | ६५३ न MMM?
2,6,7,न (क) न्वारन भनेको के हो ?
2,4,5,हतार गरे लतरपतर हुन्छ ।
2,4,4,"त्यही देशको माटोमा पछ
"
2,1,1,मिली?
2,3,3,"टोपी आफ्नै गाउँमा
"
2,3,4,अर्को ठाउँसम्म पुग्छन्‌ ।
2,14,15,ओटा भुजाहरू २. प्रत्येक विद्यार्थीसँग ५ ओटा सिसाकलम भए ६ जनासँग कतिओटा सिसाकलम होलान् ?
2,9,9,"&/ तलका प्रश्न अभिभावकलाई सोधेर तालिकामा उत्तर भर्नुहोस्‌ :
"
2,6,7,"छानामाथि खर छ, झन्डा फरफर छ ।"
2,4,4,"ह' ताप र प्रकाश
"
2,1,2,हाल्नुभयो ।
2,7,7,",० १११० 0 ३ ९) 0». ॥"
2,3,3,"मिलिजुली काम गर्ने
"
2,6,7,(ख) नवीनलाईई आमाले के के किनिदिनुभयो ?
2,9,10,"८ (आ) बाटो, धारा र विद्यालय व्यक्तिगत सम्पत्ति हुन्‌ ।"
2,3,3,"ओज. “को छ
"
2,94,95,"पोखरी हेर्न धेरै मानिस आउँछन् | तपाईँलाई पनि त्यहाँ जाउँ जाउँ AVA होला | अब तपाईँ छेडे दह कसरी जानुहुन्छ, कापीमा लेखेर कक्षामा सुनाउनुहोस् | WY) मेरो नेपाली, or २ | | ee» निर्देशनअनुसार क्रियाकलाप गर्नुहोस् : | (क) बिचको वर्ण झिकी नयाँ शब्द लेख्नुहोस् र पढ्नुहोस् : | पालिका छाउरो लेखक कुखुरा मैदान चिउरा | (ख) शब्दको अन्त्यमा वर्ण थपेर नयाँ शब्द लेख्नुहोस् : | यो | ली | न | | | | (ण) सुन्नुहोस् र उत्तर भन्नुहोस् : | | | | | | eee | (31) को लेखक हुनुहुँदो रहेछ ?"
2,3,3,"पदछ ५ 1%11%112
"
2,4,4,"हाम्रो कक्षामा पच्चिस जना
"
2,5,5,"गेरो नेपाली, कक्षा २ विक
"
2,17,18,म दुई कक्षामा पढ्छु | मेरो घर महेन्द्रनगरमा छ | मेरो विद्यालयको नाम महाकाली आधारभूत विद्यालय हो ।
2,20,23,_ १ . | = | अबदेखि आफू असल बन्ने वाचा ’ IPH | सबै जना साथी बनी खेल — खेलौँ भन्यो ।
2,7,8,"- आकायेप्ल सामग्रीहरू दायाँ र बायाँ होतियार, रोक्ने
"
2,2,2,"हिलामा जैँडा
"
2,4,5,मेरो नाम साहिल हो ।
2,4,4,"टेक्ने टेक्ने टेक्ने टेक्ने
"
2,2,2,"(कुराकानी, नुहाइधुवाइ)
"
2,7,7,हावा पानी र माटोको कल बु दर?
2,22,23,दश एक (क) | एकको स्थानमा २ र१ जोड्दा ३ हुन्छ | ro (ख) दशको स्थानमा ६ र ५ जोड्दा ११ हुन्छ ।
2,8,8,"हात मुख धोए र पढ्न बस म ४
"
2,3,4,'फोल पदार्थ खाइन्‌ ।
2,7,7,"| ,, पफ्र्यालको उचाइ कति से.मि. Me?"
2,1,1,"फन)
"
2,5,7,. का मैले भुइँखाटमा ओछ्यान मिलारुँ ।
2,6,7,(आ) सन्चलाल सहयोग माग्न कहाँ गए ?
2,3,3,"न 0 पा
"
2,94,93,"गणितीय वाक्य, 2 [ J+LJ=CJ औषधी खानुपर्ने दिन सङ्ख्या [| मेरो गणित, कक्षा २ (२४१ + चित्रमा आठओटा केरा दिइरका छन् | यसबाट ८-४ लाई समाधान गर्नुहोस् : “909 -9-92) « Git द ¥ £ ९ 2 ४ त 0040 कक) 9| 19. 9. ७ खि 2 2 २ २ आठओटा केरा [|] जना | | आठओटा केरा दिइएका छन | यदि विद्यार्थीहरूलाई बराबर हुने गरी | | एक जना विद्यार्थीले L_] ओटा बाँड्दा प्रत्येक विद्यार्थीले [ | केरा पाउने गरी सको al ओटा गएन बाँड्दा जम्मा जना ओटा करा प्राप्त गर्छन् ।"
2,29,30,त 0005 त गुरुआमा गुरुलाई अति मान्दछु आमाबुबा महान् हुन् भनी जान्दछु ‘es | सको काम गर्न अघि सर्न थालेँ म «ब्याक / यसै गरी अणाडि बढ्न थालेँ म ।
2,6,7,(ण) हरि र लखन किन उभिरु ?
2,9,10,(आ) तलका जस्तै आकृतिहरूलाई जोडेर घरको नमुना तयार पार्नुहोस्‌ ।
2,4,5,(घ) तिमी फुर्तिलो बन ।
2,4,5,रेल रोकेर दौडँदै आयो ।
2,7,8,04 0 छ| ' रुकछिनमा हुरी थागियो ।
2,2,2,"दि 4
"
2,1,2,पाउनुहुन्छ ।
2,10,10,"अक्नी) कुटेर रातो रङ, बेसारबाट पहेलो रङ र आगार वा
"
2,1,1,"दाजुले
"
2,5,6,(घ) काणले ओछ्यान कसरी बनायो ?
2,13,14,मैले तिमीलाई | or सघाउनुपर्थ्यो | गल्ती भर्छ अमिसा : ठिकै @ ag ।
2,7,8,दिदी : म त कहिले ठ्याकठ्याक सुन्छु ।
2,6,6,"हाम्रा गाउँटोलमा विभिन्न सामानहरू ""९०७ टङ
"
2,112,112,"यस महिनाको अन्तिम दिन हो | | 8. यस वर्षको भदौ महिनाको क्यालेन्डर अवलोकन णरी त्यस महिनामा 3 परेका ud तथा दिवसहरूको मितिलाई साल/महिना/गतेको ढाँचामा लेख्नुहोस् : | क्र.स. पर्व / दिवस मिति 3 शिक्षकको दस्तखत अभिभावकको दस्तखत 3 WR) मेरो गणित, कक्षा २ TR TAT 024 ज्ञान QP १००० सम्मका सङख्याहरू WW १ देखि ५० सम्मका सङ्ख्याहरू बक्क Woes णन्नुहोस् र पढ्नुहोस् : A एक 3G छ १ ए्क र्ठ्छ्छ a om २ दुई aga 9 सात aa@ ag द्र छछिछि aaa aa चार oe ४ चार ठठठै ९ नौ aa 4 पाँच qo दश मेरो गणित, कक्षा २ RR बक्क Koes णन्नुहोस् र पढ्नुहोस् : a aaa ११ एघार !"
2,4,4,"ललल फिका हा टिककलटरि
"
2,1,2,गुहार !
2,1,2,गयो ।
2,30,31,E eee ae te he let ay de ale ge. ate 0 1 2 3 4 s छ ङ | 10 पा पा ता 1111 1071 0111 0011 7111 | ।
2,2,2,"७52 टि
"
2,4,5,(आ) फर्सी अन्न हो ।
2,6,6,"मेरो साथीको नाम सन्दिप 0७८, हो।"
2,7,8,«he निकाल्दिनँ | कसैको श्वासप्रश्वासमा बाधा पुन्याउँदिनँ ।
2,4,5,(ङ) गाईले घाँस खानुभयो ।
2,3,3,"कुने दुई काम
"
2,5,5,( हु जु )१ ॥
2,6,7,कमलालाई भोलिपल्ट स्वास्थ्य चौकीमा जचाउन लैजानुभयो ।
2,7,8,| यस महिनामा | ओटा शनिबार छन् ।
2,6,9,शिक्षकको हस्ताक्षर : .............. अभिभावकको हस्ताक्षर : .................- ।
2,7,8,(अ) विद्यार्थीहरू भ्रमणका लागि कहाँ गएका थिए ?
2,3,3,"(तिमी, यिनी, तपाईँ)
"
2,3,3,"पढ्ने व्यक्तिलाई विद्यार्थी
"
2,7,7,"क 095० ३०००३०%०%०३%कककैीकैककुकुक केक 9०३० %०३०%३%३००%०%कककककेककेककक०%००%०%०%००%०००३%०% केक
"
2,8,9,(आ) तपाईँ उक्त चाडपर्वमा के के परिकार खानुहुन्छ ?
2,6,6,सप्तरङ्गी टिका लगाई 0 (री ॥
2,8,8,"(ख) तलका शब्द प्रयोग गरी वाक्य बनाउनुहोस्‌ :
"
2,2,2,"कडी 02
"
2,6,7,(घ) रतनले कति बजे खाना खान्छन् ?
3,3,3,"सबिना आले लखन
"
3,4,5,चुकुल खोलेर सुकुलमा बस्यो ।
3,9,10,त्यसैले अहिले नै हामीले गृहकार्य र कक्षाकार्य सकेका छौँ ।
3,1,1,"(ग)
"
3,1,2,हिँड्यो ।
3,7,8,(अ) सन्तनुकी दिदीले छिमेकीलाई कसरी सहयोग गर्नुभयो ?
3,13,14,"हाम्रो सेरोफेरो, कक्षा ३ २१३ पढौँ र उत्तर लेखौँ : हामी पृथ्वीमा बस्छौ ।"
3,7,7,(इ) आगलागी भएमा दमकल बोलाएर आगो निभाउनुपर्दछ।
3,13,14,” भूमिलालले वास्तविक कुरा बुभ्नै सकेनन् | (क) बाटामा हिँडेका मानिस किन भिजे ?
3,6,7,"राख्दा ४० जना विद्यार्थीहरूलाई : ; पा
"
3,4,4,"तिनीहरू खानेकुरा खोज्न उँधोतिर
"
3,8,9,(उ) तपाइँका छिमेकीले कुन कुन काम /पेसा गर्नुहुन्छ ?
3,6,6,"फटाइमा आरुको अन्तर अवलोकन जर्नुहोस्‌ :
"
3,5,6,सामानको जम्मा पन्चानब्बे रुपियाँ भयो ।
3,8,8,"(आ) गड्याङगुडुङ गरेका बेला बाहिर निस्कँदा 1111“ ले
"
3,3,3,"७ पत्रपत्रिका बेच्ने
"
3,3,3,"पवनले खल्तीको पैसाले
"
3,9,10,(आ) उनका घरमा लुगा धोएको पानीलाई कसरी सदुपयोग गरिन्छ ?
3,3,3,"साँचो बोल्ने सफल
"
3,4,4,"पोखरी फोहोर हुन नदिन
"
3,2,3,जाँदै थियो ।
3,6,5,"५, गणितका आधारभूत क्रिया ९७-१८४
"
3,6,7,फर्कने बेलामा उसलाई धेरै थकाइ लाण्यो ।
3,3,3,"कमला र कला
"
3,4,5,"मेरो गणित, कक्षा पूव .
"
3,5,6,विद्यालयबाट गाईहरू काति टाढा होलान् ?
3,3,4,हरिया जङ्णल देखिरु ।
3,6,6,"मलाई पनि रुक छिन चङ्गणा उडाउन
"
3,1,1,"शिक्षक
"
3,2,2,"बिहान सबेरै
"
3,7,8,कुन रका र दही राखेर भोणटेलाई साँध्नुभयो ।
3,1,2,थाले ।
3,11,12,नाम्चेबाट त सणरमाथा पनि देखिन्छ अरे | बुबा : ठिक भनेछन् ।
3,8,8,"” “हुन्छ, तर मैले अहिलेसम्म गरेको मिहिनेतको ज्याला
"
3,5,6,र खाना समात्न सहयोग गर्छन्‌ ।
3,8,8,खाटको लम्बाइ £---2 सुत्ने कोठाको लम्बाइ गौ ।
3,4,5,यस चाडमा णमा आउँछन्‌ ।
3,5,5,(आ) तराजु समय नाप्ने उपकरणहो।
3,2,2,"सुमिना यादव
"
3,11,12,"शेशनी : अँ, मलाई त भलिबल र बास्केटबल खेल्न मन पर्छ ।"
3,10,10,"हामीले लगाएका कृत कृन पहिरतहरू के केबाट बनेका हुन्‌, जोडा
"
3,3,3,|] |] ॥
3,9,10,"ल्यारुको होइन, अब म तेरो मुटु र कलेजो खान्छु ।"
3,7,7,"फोहोर कतै देखिन्‌ भने ठिक ठाउँमा फाल्ने
"
3,4,6,तिमीलाई मिठो — पेडा ल्याइदिउँला ।
3,7,7,"त्यसका बारेमा रुक रुक वाक्य लेख्नुहोस्‌ :
"
3,5,5,"डड्ले खेल्हङे 7 सुत्ने छ
"
3,11,12,(आ) चित्र १ र चित्र २ को ध्वनिमा के फरक छ ?
3,3,3,"रूपाले जाउलो र
"
3,4,4,"कैरा गणित, कजा ९
"
3,9,10,| | | (आ) हरिया साणसब्जीअन्तर्णत के कै पर्दछन् ?
3,3,4,(अ) भाइ आउनुभरुछ ।
3,5,5,रु 32 चा उ] हुछ।
3,22,23,पञ्चमीको दिन शुद्ध भई व्रतका लाणि तयार हुन्छन् | षष्ठीको दिन निराहार व्रत बस्ने गर्दछन् | साँझमा अस्ताउँदो सूर्यलाई अर्घ दिने गरिन्छ ।
3,27,28,"A विद्यालयको चित्र कोर्ने अभ्यास गर्नुहोस् र रङ भर्नुहोस् : हाम्रो सेरोफेरो, कक्षा ३ ९७ Cy गत हप्ताको प्रतियोगितामा उत्कृष्ट भएको तलको चित्र तपाइँलाई Aah, कस्तो लाग्यो ?"
3,5,6,गरी जम्मा कतिओटा स्याउ भए ?
3,78,80,"nee 4 a लत ROA | oR हाम्रो सेरोफेरो, कक्षा ३ ९९ oe: रङ्गीन कागजका टुक्राहरू काटेर धागामा टाँस्नुहोस् र माला बनाएर कक्षामा सजाउनुहोस् : ) चुक ®, —— se ०,756 र जु ७ छौँ ~g 1 oe . 74 dé. कागजका टुक्रा, कपास, धागो, डोरी, कपडाका टुक्रा, पेन्सिल ताछेको EA पत्र, पात, ससाना सिन्का आदि टाँसेर कोलाज चित्र बनाउनुहोस् : < 7 > = \ हँ ~ J ० तपाइँले कल्पना गरेका विषयमा एउटा कोलाज चित्र निर्माण गर्नुहोस् ।"
3,4,4,"कक्षाकोठामा प्रस्तुत गर्नुहोस्‌ :
"
3,4,4,"पाठ २२ क्षेत्रफल २४७
"
3,6,6,"ग्लोबमा एकातिर उज्यालो र अर्कोतिर अँध्यारो
"
3,4,4,वामी वितिताछे हेननननतननतारकु ॥
3,10,11,यस पाठ्यपुस्तकले निर्धारित सक्षमता विकासका लागि विद्यार्थीलाई सहयोग गर्ने छ ।
3,8,10,"४ को स्थान : ............................. ४ को स्थानमान : .......................,.,
"
3,1,1,"भिन्न
"
3,7,7,"(घ) म फूल रोप्छु ""1171 0 कत
"
3,3,4,प्रभाको अनुहार उज्यालो ।
3,8,9,” उसको यो भनाइ MNS चोरले पनि सुन्यो ।
3,9,10,यसै गरी बगेको पानीलाई खेतबारीमा सिँचाइ गर्न प्रयोग गरिन्छ ।
3,6,6,"छ १२. मिल्ने समूहमा राख्नुहोस्‌ :
"
3,7,8,"कुवा, इनार, खोलामा धुलोफोहोर वस्तु मिसिरुमा पानी -
"
3,5,6,(क) यो कहाँको चित्र होला ?
3,22,24,| (ज) तपाईँले हेरेको मेला वा जात्राका बारेमा पाँच वाक्य भन्नुहोस् | | शिक्षकको हस्ताक्षर : .............. अभिभावकको हस्ताक्षर : .................. | | विष?
3,7,7,"आधारभूत शिक्षाको माध्यमबाट बालबालिकाहरूले प्राकृतिक तथा सामाजिक
"
3,11,11,"५७' तपाईंको ज्यामिति बाकस (1औ फक 0090 भित्र भरका तल चित्रमा
"
3,3,4,टालाले डालो छेप्नुभयो ।
3,5,5,"२५ पैसामध्ये २५ पैसा बाटामै
"
3,49,50,"त्यसै गरी कुनै चाडपर्व वा विशेष कार्यमा आफ्नो विद्यालयले दिने शुभकामना पत्र तयार पार्नुहोस् : साकेला पर्वको अवसरमा सम्पूर्ण महानुभावहरूमा सुख, शान्ति र समृद्धिको हार्दिक मङ्णलमय शुभकामना व्यक्त गर्दछौँ | सन्तकुमार वान्तवा प्रधानाध्यापक तथा राष्ट्रिय माध्यमिक विद्यालय परिवार ५० ६. पालैपालो पढ्नुहोस् र उत्तर दिनुहोस् : धनियाँ : नमस्कार !"
3,10,10,"(अ) तपाईँको घर वरपर रहेका कुनै दुई प्राकृतिक सम्पदाको नाम
"
3,7,8,| (इ) समुदायले जोमसोमलाई के गरेका छन् ?
3,2,2,"नियमित शारीरिक
"
3,22,22,7 5 मसिनो सुईले 8 अर्थात् 40 सेकेन्ड देखाएको S | त्यसैले यस घडीमा 10 बजेर 32 मिनेट 40 सेकेन्ड गएको छ।
3,2,2,"ज्यासितीय आकारहरू
"
3,2,3,आदि पर्छन्‌ ।
3,8,9,रेणबाट आफू पनि बचौं र अरूलाई पनि बचाऔ ।
3,10,10,: (हाँस्दै) खानेकुराहरू बजारबाट वा खेतबारीबाट ल्याउने त हो नि।
3,1,1,"त्यसो
"
3,8,8,"१ २ ३ 0 न्‌ ६ ७ द
"
3,8,8,क900010090000410000009:000:0:55:0055 $9099060090040:595क को $9099060090045 कक कम कक ॥
3,2,3,") , फर्सी,
"
3,1,1,"न्यु
"
3,9,10,(ड) खेल खेल्दा सामग्रीहरू कसरी जतन गर्ने गर्नुभएको छ ?
3,7,7,"आहा कति सुन्दर छ लाली गुराँस हाम्रो
"
3,9,9,"राख्दा ५६ ओटा सुन्तला राख्न सकिन्छ र ४ ओटा
"
3,3,3,"(म, हामी, उनी)
"
3,8,9,उनीहरू सँगै बस्दा आआफ्ना गाउँघरका कुराहरू साटासाट गर्छन्‌ ।
3,90,91,"So दुईओटा शब्द प्रयोग णरेर वाक्य लेख्नुहोस् : टलक्क THY: जस्ताका छाना टलक्क टल्किरु | हलक्क बढ्नु Ln जुरुक्क उठलु : een omen घुम्न | 11१११०००००००००००००००००००१००००००००००००१०१००००००००००००००००००००००१००००००००० ७ ८ छिटो छिटो पढ्नुहोस् : काउली खाउली ठुला मुला लायो रायो डोरी तोरी लौका मौका पर्सि फर्सी & १, शब्द र अर्थ बिचमा जोडा मिलाउनुहोस् : सही निर्णय काणज समय बेला हस्ताक्षर फैसला अक्कल बुद्धि लेख्न र छाप्न प्रयोग गरिने काणत मेरो नेपाली, कक्षा ३ १०९ & ११. साथीले पढेको सुनेर कापीमा लेख्नुहोस् : गाउँको नजिकै रुउटा स्याल बस्थ्यो | स्याल बाठो थियो ।"
3,6,7,(ख) टेलिभिजनबाट कसरी सूचना पाउन सकिन्छ ?
3,3,3,"फल पाकेको दिनपछि
"
3,9,10,"(उ) सागपात र फलफल खाने तर माछामासु नखाने व्यक्तिलाई ............
"
3,5,6,(क) चित्रमा कसले के गर्दैछन्‌ ?
3,4,4,"घिउ ५४ तेल ०
"
3,5,6,"छी हेरौं, मैले कति सिके ?"
3,15,18,", ) (SF) उपयुक्त शब्द छाती खाली ठाउँ पूरा TWAT : (A) चराले ................. ले चारो टिप्छ ।"
3,2,3,बिरुवा हुन्‌ ।
3,4,5,(आ) गृहकार्य कहिले सक्छौँ ?
3,3,4,जात्राको नाम जिब्रो ।
3,4,5,(अ) बाघले मृगलाई खान्छ ।
3,6,7,पृथ्वी तीनओटा पत्रहरू मिली बनेको छ ।
3,4,5,चकटी कति लामो होला ?
3,10,10,"रेखाखण्ड 00 5 -_ सेन्टिमिटट रेखाखण्ड 20 5 _ सेन्टिमिटर
"
3,4,4,"हुरीबतास चलेको बेला घर
"
3,8,9,यसले शरीर न्यानो राख्न र उड्न सहयोग गर्दछ ।
3,8,8,"पुराना पत्रपत्रिका वा पुस्तकहरूबाट विभिन्न पोसाकका चित्रहरू सङकलन
"
3,14,15,त त रो ३. एउटा मिठाई पसलमा १५ ओटा मिठाईको op pee बाकस छ ।
3,4,4,"००५ खु | |)
"
3,15,16,हरेक मानिससँग केही न केही क्षमता हुन्छ रे | आफ्नो क्षमतालाई चिन्ने कोसिस गर्नुपर्छ रे ।
3,10,11,टोल सुधार समिति र वरपरका मानिसहरू मिलेर खोला सफा गर्छन् ।
3,3,3,"नाम्चेभन्दा पनि माथि
"
3,13,13,"&; १०. उदाहरणमा जस्तै गरी 'म' का ठाउँमा 'हामी"" राखेर वाक्य बनाउनुहोस्‌ :
"
3,16,17,बसमा बस्ने सिट खाली थिरुन | आमाले उभिरुर माथिको डन्डी समाउनुभयो | म आमाको नजिकै Sirs ।
3,5,6,) पर्यटकहरू हिमाल हेर्न आउँछन् ।
3,7,7,"खानेक्राहरूलाई शक्ति दिने, रक्षा गर्ने र वृद्वि
"
3,4,5,कुखुराले के कुरा गन्यो ?
3,7,8,अरू कुन कुन खानाहरू जनावरबाट प्राप्त हुन्छन् ?
3,43,44,गर्मी) | र ता | | (ख) गिलायमा आधा भरिने गरी माटो राखी त्यसमा पाती थप्दा हावाका फोका देखिनुका कारण लेख्नुहोस् | (ग) तपाइँको घरदेखि विद्यालयसम्मको अवस्था झल्किने THAT तयार पार्तुहोस् | (घ) विस्वलिखित कार्यहरू हावा बा पावीमध्ये कृतबाट भएका हुन् छुट्याएर लेख्नुहोस् ।
3,28,30,"| Q पेम्बा : हुन्छ, साबुनपानीले हात धोएर “७ 0 pl मात्रै खाउँ है | J * rn शान्ति : तिमीलाई थाहा छ, सागसब्जी _ . परि: केबाट पाइन्छ ?"
3,1,1,"हेमा
"
3,2,2,"आई आको
"
3,11,11,उहाँ मिहिनेती किसान हनुहुन्छ | गाई पालनबाट राम्रो आम्दानी भएको छ।
3,2,3,"छि |, ।"
3,31,28,६० ३वर्ग सेम... १ से.मि.को दुरीमा तेर्सो र ठाडा सिधा रेखाहरू खिची १ से.मि. लम्बाइ र १ से.मि. चौडाइ भएका वर्गाकार कोठाहरूमा विभाजन गरी कोठाहरू गणना गरौँ ।
3,28,29,७७ चित्रमा देखारु जसरी सबैले आफनो हात उठाउनुहोस् : रप्छ हातलाई खुम्च्याउँदा बनेको आकृति पनि कोण हो | हातको पाखुरा र नाडीलाई भुजा र कुहिनालाई शीर्षबिन्दु मान्न सकिन्छ ।
3,5,5,"(फा थियौँ” (तादी) बजनतोरेननताहतालानारलताततान मोजा
"
3,10,10,"रुणाखोकी आरुका बेलामा तुलसीका पात पानीमा पकारुर पिउनाले रेण निको
"
3,25,24,"९९९ fase anes aes] | | | | मेरो गणित, कक्षा३ | BY 6.5 को फरकमा आउने सङ्ख्यालाई गोलो घेरा (८0) लणाउनुहोस् : १|।"
3,2,3,रुणाखोकी लाण्छ ।
3,4,5,७ फुल्ले बिरुवा हुर्काउनुहोस्‌ ।
3,1,1,"ह्)
"
3,2,3,टुक्रा लियो ।
3,12,13,उनी १०:०० बजे विद्यालय पुगिन् भने उनीलाई विद्यालय पुग्न कति समय लाग्यो ?
3,18,19,| यस घडीमा || बजेर यस घडीमा | | बजेर | | | मिनेट | | सेकेन्ड गयो ।
3,6,6,"नतिजा जननी महो ते 60 बकर
"
3,3,4,० मेलातिर लागणेछन्‌ ।
3,16,17,"wR हाम्रो सेरोफेरो, कक्षा ३ (आ) चित्र २ मा वातावरण सफा राख्न के के गरिएको छ ?"
3,4,5,रूपकले चित्र कोरेको छ ।
3,8,8,"तपाइँका राम्रा व्यवहारहरू के के छन्‌, लेख्नुहोस्‌ :
"
3,1,1,"मिथिलाक्षर
"
3,1,2,सोध्नुभयो ।
3,6,7,"कालिज, परेवा, बाँदर दिनमा सक्रिय हुन्छन्‌ ।"
3,5,5,"सय | |दश | ]एक
"
3,59,60,"सबैका बानी र रुचि फरक फरक हुन्छन् | छ; १४. शब्द र अर्थबिच जोडा मिलाउनुहोस् : तरबार पनिउँको काम गर्ने रक प्रकारको काठको साधन दाबिलो हतियार दुधालु खुट्टामा लगाउने णहना पाउजु बाँस जस्तै वनस्पति निगालो धेरै दुध दिने ७ १५. तपाईँलाई णर्न मन पर्ने कामको सूची बनाई शिक्षकलाई देखाउनुहोस् | @ १६ तपाईंका असल बानी के के हुन, लेख्नुहोस् ।"
3,6,6,"७७ चित्र हेरेर छलफल गरौँ :
"
3,8,9,आइतबारर सोमबार गरी जम्मा कतिओटा माइक्रोबस काठमाडौँबाट बाहिरिए ?
3,2,2,"दम्पती शरीर
"
3,16,17,"कुनै महिनामा २९ दिन, कुनैमा ३० दिन, कुनैमा ३१ दिन त कुनैमा ३२ दिन पनि हुन्छन् ।"
3,7,8,चित्रमा देखाए जस्तै बिस्तारै दौडने अभ्यास गर्नुहोस् ।
3,45,10,"920909900090099-09:09-0-91000-0000099-09 09-0-900:99000-0010099:00-9900:9000£:£0:0-09:9:000-00009-00909:009:099 900-95009-9-0:99-00:9 ०919 9: 9-019-470-9-0 09-0-0:019-009 000-4:0014£000800-8-019 0-00-009:9-004-000-9-9190 000-9-099-9099:80990
"
3,2,3,२७ पैसा: ।
3,9,10,६ २८ ८ र ४द (४५ भन्दा ठुलो भयो ।
3,9,9,"बढ्दो क्रम : [ २३४५ ३२५७ | [ ६५१४
"
3,9,9,"जालमा परेका परेवाहरू पछुताउँदै बुढो परेवालाई बचाइदिन अनुरोध गर्नु
"
3,7,8,त र र र र र हो ।
3,3,3,"शृड्खला बनाउनुहोस्‌ :
"
3,5,6,किनेर ल्याएको केरा पनि खायौँ ।
3,10,11,अग्लो स्थानमा पा ६ | रहेको ताल तिलिचो ताल हो ।
3,2,2,"हेर त
"
3,5,5,"तलका प्रश्नहरूको उत्तर लेख्नुहोस्‌ :
"
3,8,9,(ख) राममाया नजिक आउँछे | जमुना टाढा जान्छे ।
3,5,5,"पसलेसँग रुक किलोग्राम सुन्तलाको मूल्य
"
3,13,13,"७ रुपियाँ र ८० पैसा रु पैसा |१२ रुपियाँ र ६० पैसा रु
"
3,7,8,वर्षाको समयमा बादल लाग्छ र पानी पर्छ ।
3,3,3,"आज त बिहानै
"
3,2,3,णाउँतिर लाजिन्‌ ।
3,3,4,""" बटुवाले भने ।"
3,2,2,"तक गकप
"
3,2,2,"जान हर्‌
"
3,196,197,"र आ लु बे ते 3 र न्त का Re g दा a F म ला री र ध क भ ट मा a सा के मो चि घि ख el TT पा a मो जि उ कु a उ नी ना a पा ती रा TT द् ही १७८ मेरो नेपाली, कक्षा ३ @ १३. तलको तालिका हेरेर धेरैबाट थोरैको क्रम faz लेख्नुहोस् : चना : २0 माना snus ७ १४. सुनेर कापीमा लेख्नुहोस् : नदीनाला हाम्रा सम्पत्ति हुन् | नदीमा ढुङ्णा, णिद्टी र बालुवा हुन्छन् | हामीलाई घर बनाउन geo, णिद्टी र बालुवा चाहिन्छ | यस्ता वस्तुहरू हामी नदीबाट ल्याउँछौँ | आजभोलि नदी किनारमा क्रसर उद्योग नै खोलेर मान्छेहरूले जथाभावी geo, Pract र बालुवा निकाल्ने णरेका छन् | यसरी नदीबाट ढुङ्णा, rect र बालुवा धेरै झिक्दा नदी भासिन्छ | नदीमा बस्ने माछाहरू हराउँछन् | बाढी जान्छ | खेती गर्ने जमिनको माटो aver | नदी किनारमा बनेका घरहरू भत्किन्छन् | यसले हाम्रो वरपरको वातावरणलाई बिगार्छ | त्यसैले हामीले नदीनालाहरूमा क्रसर उद्योग खोलेर जथाभावी ढुङ्णा, णिद्टी र बालुवा झिक्नु हुँदैन | हामीलाई चाहिने जति मात्र फझिक्नुपर्छ | झिक्दा पनि रुकै ठाउँबाट झिक्नु हुँदैन | नदी किनारमा रुख Dae | हाम्रा नदीनालाहरू जोगाउनु हामी सबैको कर्तव्य हो ।"
3,1,2,खबर ?
3,6,6,"टु २ मेरो गणित, कक्षा ३
"
3,5,5,"मधेसमा धेरै उब्जनी हुनुहुन्छ 1000010101010010101010101001011010110101010001012011010010111000110101015100
"
3,7,7,"बहुल जाति भाषा धर्म संस्कृति छन्‌ विशाल
"
3,8,8,"&/ ३. जोडेर शब्द बनाई कापीमा लेख्नुहोस्‌ :
"
3,31,33,न ही OE org Saf बाघको जस्तो sas सिंहको Ns — सुनाइ चङ्गख कुकुर जस्तो सुताइ घोडाको : घुमाइ व्यर्थ हुँदैन कहिल्यै कोही छैनन् पराइ लेखाइ हेर्दा छापेका अक्षर क्या राम्रो srs !
3,4,5,” () तल हुन्छ ।
3,5,6,यसले विभिन्न रोगहरू लाग्नबाट बचाउँछ ।
3,5,6,"परशुराम टाकुरामा बस्यो, कुरो सुन्यो ।"
3,32,33,विद्युत् सेवा पुगेका ठाउँमा टेलिभिजनको प्रसारण पुच्याउन सकिन्छ | रेडियोका लाणि सामान्य sarc मात्र भर पनि पुग्छ | रेडियो र टेलिभिजनका मुख्य फरक यिनै हुन् | (क) हामी के पढेर जानकारी लिन्छौँ ?
3,5,6,(ख) कस्ता मानिस असल बन्छन् ?
3,7,7,"यसरी बनेको आकृतिको नाम लेख्नुहोस्‌ : त्‌
"
3,2,2,"शि सी
"
3,6,7,(क) नाप्नु भनेको तुलना गर्नु हो ।
3,2,2,"०० निउ
"
3,3,4,यसरी निहुरिएर हिँड ।
3,16,17,"GO हाम्रो सेरोफेरो, कक्षा ३ छ dia: ७४ “ घटना १ (७ चिनाराम धूमपानका अम्मली हुन् ।"
3,3,4,म अर्कातिर बस्छु ।
3,1,2,पर्छ ।
3,2,3,भन्दै हुनुहुन्थ्यो ।
3,7,8,यस घडीमा | बजेर| | मिनेट गयो ।
3,3,3,सेती : रुहोर?
3,2,2,"श्रेष्ठ छ्ठ
"
3,4,5,राउटे घुमन्ते जाति हुन्‌ ।
3,5,6,(ई) झरनाको पानी कसरी झर्छ ?
3,10,10,"लामो सुईले 9 को नजिक अर्थात्‌ 44 मिनेट जनाउने धर्कामा
"
3,6,6,"लौ गमला त णोमाको गाईले पो
"
3,5,6,को सबैभन्दा पछि पुण्यो होला ?
3,2,2,"मेला वन
"
3,7,8,मानिसहरू किन बिरामी परे भनेर खोजी गन्यौँ ।
3,6,6,"यो देखेर डकर्मी भाइले फेरि सोधेछ,
"
3,9,9,"शीर्षबिन्दुहरूको नामलाई बिचमा र छेउका बिन्दुहरूको नामलाई छेउमा राखेर
"
3,11,12,चित्रलेखा : nanan शमरिफन ee चित्रलेखा : म कक्षा तीनमा पढ्छु ।
3,10,11,पाठ्यपुस्तक विद्यार्थीमा अपेक्षित दक्षता विकास गर्ने रुक मुख्य साधन हो ।
3,5,6,अस्ति गाउँमा सबैले सल्लाह गरे ।
3,82,83,"@ ११. शब्द र अर्थबिच जोडा मिलाउनुहोस् : याक रुक जाति राउटे भाले चौरी लेकाली हावा वायु चारैतिर सेरोफेरो लेकमा बस्ने S १२. तलका शब्द प्रयोग गरी वाक्य बनाउनुहोस् : लोखर्के | oss सूचना =n १२६ मेरो नेपाली, कक्षा ३ &, १३ तपाईंलाई के के मन पर्छ, लेख्नुहोस् : फलफूलका नाम : eee sn पि पि घरपालुवा जनावरका नाम eee sn पि कपडाका नाम jn) si sn फूलका नाम : es sn sn @ १४. तलको पाठ कापामा सार्नुहोस् : “रु स्वरूप !"
3,7,8,” तर धेरैले सही अनुमान गर्न सकेनन्‌ ।
3,2,2,"यहाँको जमिन
"
3,7,8,(ग) चित्रमा खेलेको खेलको नाम के हो ?
3,3,3,"उसको हिँडाड्इ ढिलो
"
3,7,8,यी नेपाली क्यालेन्डरमा दिइएका महिनाका नाम हुन्‌ ।
3,11,12,"उ फुर्तीसाथ चिच्याउन थाल्यो, “मेरो गोरु कसले चोरेको हो, तुरुन्त ल्या ।"
3,1,1,"कककहहककककक00001
"
3,5,6,यो भाग ज्यादै तातो हुन्छ ।
3,2,2,"दशओटा सुन्तलाको
"
3,7,7,"२,३५४ ओटा नयाँ बस नेपाल भित्रिर ।"
3,3,3,"बिउबाट दुसा निस्केको
"
3,9,9,"ष्. रुउटा सिनेमा घरले शनिबार २,१२३ टिकट बेच्यो ।"
3,4,5,नाचगान कार्यक्रम गरेका थिए ।
3,9,8,"खसी रु. ६,४९० मा र एक बोरा चामल
"
3,10,10,"र वास्तविक तौल कति कति रहेछ तलको तालिकामा भर्नुहोस्‌ :
"
3,1,2,दश ।
3,6,6,"हिन्दु अरेबिक सङ्ख्याङक (11०० /19101८ 1011€191)
"
3,6,6,"550059:0919555 कककाक0565586160:91955क कककाकककक596150:9095555559005555060:90955:5:0009055550:0:0:5555:05555 855 कक 55:555555कककककक509:
"
3,6,6,"बाँदरले करारुर भन्यो, “उहाँको जिउ चिलाउँदै
"
3,1,2,धिरु ।
3,13,14,त्यसैले यो शिक्षकको सिकाइ क्रियाकलापको योजना नभई विद्यार्थीका सिकाइलाई सहयोण पुन्याउने सामग्री हो ।
3,6,7,(ई) जनावरले खाना कहाँबाट प्राप्त गर्छन् ?
3,10,11,यस्ता ठुला साना गुच्चा थिचेर वा जोडेर विभिन्न वस्तुहरू बनाउनुहोस् ।
3,6,6,"अरू मानिस पनि भेला भरु )
"
3,3,3,"छिमेकीलाई बाधा पर्ने
"
3,7,8,दुवै नगरपालिकामा गरी जम्मा कतिओटा सडकबत्ती रहेछन् ?
3,3,3,"स् पैसा पैसा
"
3,3,3,"कचेरा आधा पाकेको
"
3,4,5,मेरी आमा व्यापार गर्नुहुन्छ ।
3,7,8,चितुवाले दाउ छोपेर बसेको ठुला खरायोले देखे ।
3,2,2,"उनले मजन्तेलाई
"
3,5,5,"मेरो गणित, कक्षा ३ पूेद३
"
3,8,9,'/१0/7 को क्षेत्रफल | | वर्ग एकाइ हुन्छ ।
3,7,8,(अ) आमा मामा र हजुरबुबा गोठमा जानुभयो ।
3,6,6,"त्यही फूलका माला गाँस्ने लाग्यो रहर
"
3,4,5,कति रुपियाँ बाँकी रहयो ?
3,5,5,"के श पं डु म
"
3,9,10,"छठ पर्व, ल्होसार, माघेसङ्क्रान्ति र इद पनि चाडपर्व हुन्‌ ।"
3,2,3,रङ लगाउनुहोस्‌ ।
3,1,2,भड्टसक्यो ।
3,3,4,भाड्ले भु पुछे ।
3,10,11,” आमा दङ्ण पर्नुभयो | (क) मङ्णललाई हिमाल कस्तो लाण्यो ?
3,134,134,"We | 1774 ay a ae aa” (२२४) १०० < 200 aa ag aoe छठ हो मेरो गणित, कक्षा ३ (२७ it तुलना गर्नुहोस् : हजार सय दश एक हजार सय दश एक ४२४४ | ४२३४ | ४००० = ४००० २०० = 200 vo > 30 | ४२४४ (०) | ४२३४ ७. ब्लकहरू णनी सङ्ख्या लेख्नुहोस् र () मा =, ‘>’ अथवा ‘<’ चिहन राख्नुहोस् : Oui. of Od: LL a a Re सेरोगणित, were eo सङ्ख्याङ्कहरू लेखी तुलना गर्नुहोस् र (८) मा =, >’ अथवा “० forest प्रयोग गर्नुहोस् : हजार सय दश एक हजार सय दश एक हजार सय दश एक हजार सय दश एक मेरो गणित, कक्षा३ २९ ७७ छलफल गर्नुहोस् : १२५५ ४३२५ pt ht tt tt १००० २००० ३००० ४००० ५००० ६००० ७००० ८0०० ९००० ex © १२७४ किन?"
3,15,15,"अनुभवबिच तादात्म्य कायम गर्दै यसको सहज प्रयोग गर्न शिक्षकले सहजकर्ता, उत्प्रेरक, प्रवर्द्धढ र खोजकर्ताका रूपमा
"
3,4,4,नाला न 20 पकन?
3,2,3,मन्दिरहरू छन्‌ ।
3,7,8,"मासु, माछा र अन्डा पनि जनावरबाट पाइन्छ ।"
3,3,4,सामानहरू मिलास्र राख्छु ।
3,10,10,"(क) पाठबाट उल्टो अर्थ दिने शब्द पत्ता लगाई लेख्नुहोस्‌ :
"
3,7,7,"& ३ जेडेर भन्नुहोस्‌ र लेख्नुहोस्‌ :
"
3,3,3,"खोलावारिबाट खोलापारि तर्छन्‌
"
3,14,14,"साक्षरता, गणितीय अवधारणा र सिप रुवम्‌ जीवनोपयोजी सिपको विकासका साथै व्यक्तिगत स्वास्थ्य तथा सरसफाइसम्बन्धी
"
3,4,5,घरी ठुला ठुला छन्‌ ।
3,1,1,"व्क्युहकक
"
3,6,6,"७४७ सङ्ख्याको ढाँचा पूरा गर्नुहोस्‌ :
"
3,34,35,(७७ ०. «० 401० पीर «० 10 ०१ 1० 1% 05 ६० ११ पहि ११ ३१ १ नन लिन बिक थक १० तुक तक हन हन तक हिन लिक तन तन पुहतत तलका तनी ।
3,34,35,व्रतालुहरूले यस पर्वमा परिवारका सबैको कल्याणको कामना गरी व्रत बस्छन् | यस पर्वमा महिला र पुरुष दुवैले श्रद्धा Vay भक्तिपूर्वक व्रत बस्ने गर्दछन् | प्रत्येक वर्ष कार्तिक शुक्ल पक्षको पञ्चमीका दिनदेखि व्रत आरम्भ हुन्छ ।
3,9,10,"१५ मिनेट - |, [| सेकेन्ड |२० मिनेट २ ||?"
3,2,3,नानीलाई देख्यो ।
3,8,9,अब त्यो थ्रैलीमा जम्मा कति रुपियाँ भयो होला ?
3,3,3,"सुकर्म बन्छ ईश्वर
"
3,4,5,त्यो विद्यार्थीतिर फर्किरुको हुन्छ ।
3,5,5,"हर्षसाथ निम्तो गछौं झुकाई माथ
"
3,12,12,"&; १२. दिइरुको शुभकामना पढी जन्मोत्सवको सट्टा कुनै चाडमा दिइने शुभकामना राखी
"
3,8,7,क आयत यसको लम्बाइ २ से.मि. छ।
3,4,5,केटाकेटी धेरै खुसी भरु ।
3,4,4,नस बबनन- बजार जानुहुन्छ।
3,3,3,चर रा जनाणिलिण।
3,6,7,केले नाप्ने (ई) दाइलाई ज्वरो आएछ ।
3,7,8,"बुबालाई सोधें, “बुबा यिनीहरू कस्ता मानिस हुन्‌ ?"
3,2,3,जानकारी लिन्छौं ।
3,6,6,"टेलिभिजन पछि मान्छे हेर्न जान्थे रे
"
3,12,13,विद्युतीय साधन वा अन्य प्रविधिबाट रेकर्ड गर्न र प्रतिलिपि निकाल्न पाइने छैन ।
3,1,2,थिरु ।
3,5,6,मामाले बारीबाट साग टिपेर ल्याउनुभयो ।
3,1,1,"खोलानाला
"
3,6,6,"छुद्याउनुहोस्‌ र कक्षामा प्रस्तुत गर्नुहोस्‌ :
"
3,8,8,"% ९०१ हेरौँ, चिनौं र छलफल गरौँ :
"
3,69,70,"पालेका छन् | निमाका घरमा चौशै गाई, घोडा, खच्चर र भेडा पालेका छन् | दिव्याका घरमा राँणा, मुर्रा भैंसी र जर्सी गाई पालेका छन् | निमा घरबाट आउँदा साथीहरूलाई छुर्पी ल्याइदिन्छिन् | उमा र दिव्याले घिउ ल्याउँछन् | उनीहरू सँगै बस्दा आआफ्ना गाउँघरका कुराहरू साटासाट गर्छन् | रुकअर्काका कुरा सुनेर उनीहरू दङ्ग पर्छन् | रमाइलो पनि मान्छन् | त्यसैले तीनै जना साथीहरू सबैको गाउँघरमा घुम्न जाने योजना बनारुका छन् ।"
3,7,8,उता मनोजले अर्को चाडपर्वको भिडियो फेला पारे ।
3,5,6,aN राम्री : हो त ।
3,11,12,"भिन्डी, धान, मकै, बदाम र भटमास गर्मी समयमा पाइने बिरुवा हुन्‌ ।"
3,1,2,बनाउँछ ।
3,5,5,"तक गयर गयर गयर कक
"
3,10,11,सबै चित्रलाई पानामा टाँसेर पोस्टर तयार पारी कक्षामा प्रदर्शन गर्नुहोस्‌ ।
3,3,3,"४. बाल दिवस
"
3,6,7,धोरुपछि हात पुछ्ने झनै राम्रो बानी ।
4,1,2,बन ।
4,5,5,जीवनचक्र चार चरणमा पूरा हुन्छ।
4,8,9,यो ठाउँ मर्स्याङ्दी र त्रिशूलीको दोभान पति रहेछ ।
4,6,7,"मिस॒ : हो, तपाईँले ठिक भन्नुभयो ।"
4,7,7,"स्वास्थ्य शारीरिक तया हिर्जनान्सक कला कक्षा ४
"
4,10,11,"छाती, घाँटी र टाउकालाई सिधा राखी श्वासप्रश्वासमा ध्यान केन्द्रित गर्नुहोस् ।"
4,3,3,"डोटी पुस्तक पसल
"
4,11,11,"६, ज्वरो आएका, खोकी लागेका मानिसको सम्पर्कमा नजाने, यदि जानै परे
"
4,6,7,बिराम गरेको भए मलाई पो भन्नुपर्थ्यो ।
4,7,8,(घ) श्यामले चत्रेलाई घिच्याएर पानी बाहिर ल्यायो ।
4,5,5,"खाजा खाँदै गर्दा जयदेव गुरुले
"
4,10,10,"चुम्बकीय वस्तु र अचुम्बकीय वस्तु छुट्याएर तलको तालिकामा भर्नुहोस्‌ :
"
4,8,8,"जिउ तताउने अभ्यास गरिसकेपछि सम्पूर्ण विद्यार्थीहरूको चार समूह
"
4,5,5,"यस्तै काठमाडौँको कोटेश्वरबाट भक्तपुरको नगरकोटसम्म
"
4,4,4,"पर्दा अर्काले सहयोग गर्ने
"
4,3,3,एउटा तारको २?
4,5,6,सबै जनावरहरूमा यो क्रम चलिरहन्छ ।
4,3,4,णर्दा 6 हुन्छ ।
4,4,6,1. ................. धेरै वर्षसम्म बाँच्छन् ।
4,6,6,"(उ) जमिन वा पानीमा बस्ने जनावर
"
4,10,10,"काठमाडौँको खुलामञ्च अगाडि रत्नपार्क रहेको छ | रत्नपार्कबाट घण्टाघर हुँदै
"
4,13,13,"पेट भुई छोइ दुवै हात र गौडा सिधा तन्काई शरीर सन्तुलन राख्ने अभ्यास
"
4,4,5,आवश्यकता पूरा गर्न सकिन्छ ।
4,13,13,"पसलको नाम र ठेगाना, क्रेताको नाम, मिति, सामानको विवरण, परिमाण, दर, रकम, जम्मा
"
4,7,6,"यही धर्ती प्यारो छ, यही फुलबा;री;
"
4,5,6,| चल | अचल (v) ।
4,9,10,सजीवहरूलाई सास फेर्नका लागि हावामा भएको अक्सिजनको आवश्यक पर्दछ ।
4,1,2,बताउँछन्‌ ।
4,8,9,बिक्री गरिन्‌ भने अब कति चिया बाँकी होला ?
4,7,7,"शरीरका अङगहरूलाई तन्काएर र खुम्चाएर गरिने यो
"
4,7,7,"अप मि 1000 मि.लि. - 1 लि.
"
4,11,11,"आफ्नो वरपर रहेका कापी, कलम, पेन्सिल, सेफृटिपिन, प्लास्टिक रुलर, जुत्ता, काठको
"
4,52,52,"शब्दावली मिश्रण : दुई वा दुईभन्दा बढी पदार्थहरू मिसिनु विन्डमिल : हावाबाट चल्ने मिल सौर्य Fat: ware प्राप्त हुने शक्ति 4000 बिज्ञान तथा प्रविधि, कक्षा ४ wee चट्टान (Rock) तलको चित्र अवलोकन गर्नुहोस् र कहाँको चट्टान देखाइएको छ, छलफल गर्नुहोस् | a 8 = sta es N ) a ७७ गर ॥"
4,8,9,(४) सिसाकलमलाई भन्दा ज्यामिती बक्सलाई कति बढी तिर्नुपन्यो ?
4,10,11,माथिको व्यक्ति परिचयमा जस्तै तपाईँ पनि आफनो परिचय कक्षामा सुनाउनुहोस्‌ ।
4,4,5,हेर्दा बिरुवाहरू हरिया देखिन्छन्‌ ।
4,8,9,"(11) प्रति विद्यार्थी कति खर्च भरुछ, पत्ता लगाउनुहोस्‌ ।"
4,4,5,सानो स्वरमा पानी मागे ।
4,2,3,नाप लिनुहोस्‌ ।
4,4,5,"कति पर्ला, पत्ता लगाउनुहोस्‌ ।"
4,2,3,र गा ।
4,8,8,"खुन स्वास्थ्य गारीरिक तया सिर्जनात्मक कला, कक्षा ४
"
4,6,7,उल्लिखित मेटाकार्डहरू एउटा टेबुलमा घोप्ट्याएर राख्नुहोस्‌ ।
4,5,5,"हाम्रा धार्मिक सम्पदा, हाम्रो जौरव
"
4,7,8,(ग) सबैभन्दा कम आम्दानी केबाट हुने रहेछ ?
4,11,12,यस पाठ्यपुस्तकले विद्यार्थीमा निर्धारित सक्षमता विकासका लागि विद्यार्थीलाई सहयोग गर्ने छ ।
4,6,6,"आफ्नो संस्कार र संस्कृतिका सम्बन्धमा पछिल्लो
"
4,6,6,"9 हजार -8 हजार 51 हजार
"
4,12,13,(ई) तपाईँको घर वा विद्यालय वरिपरि यी मध्ये के के देख्नुभएको छ ?
4,4,2,"(ङ) ने.बै.लि.
"
4,7,8,कार्यालयबाट बडाभित्रका विकास निर्माणका कामहरू पनि हुन्छन्‌ ।
4,34,35,"पहिरो जानुको कारण (अ) भिरालो ठाउँमा रुखहरू काट्नाले १६० a) बिज्ञान तथा प्रविधि, कक्षा ४ (आ) भिरालो ठाउँमा गरा नबनाई खेती गर्नाले (इ) अनियन्त्रित रूपमा पशुहरू चराउनाले (ई) जथाभावी विकास निर्माणका कार्य गर्नाले आदि ।"
4,6,7,यसका लागि एउटा भाँडामा पानी लिनुहोस्‌ ।
4,16,17,| | ||| | | विचारणीय प्रश्नहरु (अ) बिहान र रातीभन्दा दिउँसोको तापक्रम किन बढी हुन्छ ?
4,5,5,"शिक्षकले बिचमा बसी भकुन्डो भुइँमा
"
4,30,31,| 1020 जौ घुमेर हेरीकन गाउँलाई —S = ~ र पहाड पाखा हरिया बनाई = ‘ जान्छिन् यिनी दूर समुद्र भेट्न ट हक ति / } सक्तैन कोही यिनलाइ रोक्न ।
4,21,22,अर्को साथीले सही उत्तर दिरुमा उसलाई एक अङ्क दिने | यसरी पालैपालो पाँच पाँचपटक खेल्दा जसको बढी आउँछ उसैले खेल जित्छ ।
4,8,9,(क) माथिका चित्रमा बालबालिकाहरूले के के गरिरहेका छन्‌ ?
4,9,9,|] LV AS (ग) गन्ती ३ भन्दा चित्रमा (।
4,8,9,(ज) तलको तालिकामा मौसमसम्बन्धी शब्दहरू खोजेर घेरा लगाउनुहोस् ।
4,5,7,ही ga | ha — a ।
4,3,3,"क्वायल तयार गरेको
"
4,7,8,"गाई वस्तुहरू पनि बगाएर लगेको "" थियो ।"
4,8,8,"माथिको हिसाबलाई छोटकरीमा यसरी पनि गर्न सकिन्छ :
"
4,5,6,यसको मुख्य आकर्षण राजसिंहासन हो ।
4,7,8,(ख) Typing software केका लागि प्रयोग गरिन्छ ?
4,5,5,"धेरै कार्य गर्नका लागि धेरै
"
4,3,3,"लुगा धोएर आएको
"
4,19,20,आकाशमा क्युमुलोनिम्बस बादल का ead देखा परेमा बिजुली चम्कनुका साथै चट्याङ छी पनि पर्छ र एकदमै ठुलो पानी पर्छ ।
4,6,7,धारा बन्द गर्छिन्‌ अनि हातमुख धुन्छिन्‌ ।
4,3,3,"सुरक्षा व्यवहार अपनाउँदा
"
4,10,11,सलिम : सबै सामानको मूल्यसूची त देखिने गरी राख्नुपर्छ नि ।
4,12,12,"२. तल दिइएका वाक्य कुन कुन अनुच्छेदमा प्रयोग भएका छन्‌, लेख्नुहोस्‌ :
"
4,8,9,(ख) माथिको अनुच्छेदमा प्रयोग भएका जनावरका नाम टिप्नुहोस्‌ ।
4,5,6,(ख) किबोर्डलाई इनपुट उपकरण भनिन्छ ।
4,10,11,सम्भव भए कक्षामा कुनै एक बाजा ल्याई बजाउने अभ्यास गर्नुहोस् ।
4,4,4,"यस फलभित्र खुर्सानीका बियाँ
"
4,7,8,(ङ) जलचक्रको सफा चित्र बनाई नामाकरण गर्नुहोस् ।
4,7,7,"() यस शैक्षिक वर्षमा आजसम्म जम्मा 2,
"
4,9,9,"चित्रमा दिए जस्तै घुँडा खुम्च्याएर घुँडामा हातराखी कम्मर सिधा
"
4,2,2,"देशप्रेम, र
"
4,13,14,६. तल दिइएका प्रश्नको उत्तर लेख्नुहोस् : (क) मिथिला चित्रकला भनेको के हो ?
4,6,7,सबै छात्रहरूले पालैपालो आआफ्नो उचाइ बतारु ।
4,3,4,विकासमा सहयोग गर्छन्‌ ।
4,9,10,"भने कुन सञ्चार माध्यमको प्रयोग गर्नु ठिक होला, किन ?"
4,3,4,Ty tt tT ।
4,2,2,"हरेक अवस्थाको
"
4,2,3,अल्छी लाग्छ ।
4,7,7,"विज्ञान तथा प्रविधि, कक्षा ४ क पिछ
"
4,5,6,त्यसैले अहिल्यै मुसो भई जा ।
4,4,5,दुई समूहमा विभाजन हुनुहोस् ।
4,4,5,हामी सधैँ टाढा रहनुपर्छ ।
4,4,5,यसले स्मरण शक्ति बढाउँछ ।
4,5,5,"बिज्ञान तथा प्रविश्रि, कक्षा ॥"
4,4,5,कागजका बढ्टाहरू सङ्कलव गर्दुहोत्‌ ।
4,6,7,यहाँ सबै भिन्नमा हर समान छ ।
4,22,23,"कथाको पाँचौँ अनुच्छेदमा कतिओटा वाक्य प्रयोग भएका छन्, लेख्नुहोस् ४. तल दिइएका प्रश्नको मौखिक उत्तर दिनुहोस् : (क) चतुरे आफूलाई के ठान्थ्यो ?"
4,4,4,| ||| | ॥
4,3,4,समतलीय सतह छन्‌ ?
4,6,6,"तल दिइएका चित्र पहिचान गर्नुहोस्‌ :
"
4,3,3,"घुमेको हने छ
"
4,1,1,"जीवहरू
"
4,2,2,1 फए।
4,4,4,"(इ) अग्ला रुखहरू ढल्नु
"
4,2,3,कोर्टभित्र बस्नुहोस्‌ ।
4,4,3,"50,000 खाद्य सामग्री
"
4,8,9,(क) लोचनको घर र वरपरको सरसफाइ ककसले गर्नुहुन्छ ?
4,7,8,गोडा चाल आदेश सतर्क अवस्थामा मात्रै गरिन्छ ।
4,2,3,आक्रमण गर्यो ।
4,8,9,गर्खाल पालैपालो पञ्चेबाजा बजाउदै जात्रा स्थल प्रवेश गर्छन्‌ ।
4,2,2,"वनभोज स्थलहरू
"
4,3,4,अभ्यासलाई कवाज भनिन्छ ।
4,158,162,"१. दिइएका वाक्यमा मिल्ने चिहन राख्नुहोस् : ML} |) [| (क) रूपेश विद्यालय जान्छ (ख) मलाई पुस्तक कापी कलम र झोला चाहिएको छ (ग) तिमी कता जाँदै छौ (घ) आहा कति राम्रो हिमाल रहेछ २. माथिको पाठबाट पूर्णविराम, अल्पविराम र प्रश्नवाचक चिहन प्रयोग भएका एक एकओटा वाक्य टिप्नुहोस् | ३. उदाहरणमा दिइए जस्तै गरी शब्द बनाउनुहोस् : (क) वि + चार = विचार (ख) उप - हार - उपहार प्र 5 चार = वि + हार = उप + चार = प्र - हार 5 आ + चार = अनु + हार = (ग) जन + ता = जनता (घ) धन-ईच्धनी कवि + aT = ज्ञान + ई = मित्र + ता = w+ = मानव + ता = दाम - ई 5 ३. तलका शब्दलाई शुद्ध गरी लेख्नुहोस् : एता, यक, यकतारे, एसरी, यउटा, गाएक I १. सुनाइ पाठ ६ सुन्नुहोस् र तलका भनाइ ठिक भए ठिक र बेठक भए बेठिक भन्नुहोस् : (क) किसानले घोडा र गधा पालेका थिए ।"
4,13,13,"सम्पूर्ण पाकहरूको समेत विशेष भूमिका रहने हुँदा सम्बद्ध सबैको रचनात्मक सुझावका लागि पाठ्यक्रम
"
4,1,1,"शब्दवभण्डार
"
4,7,6,".200 २ 1 लि. 200 मि.लि.
"
4,7,8,(ख) जनसडख्या वृद्धिले कसरी वायु प्रदूषण हुन्छ ?
4,10,11,(₹) 5 ओटा अक्षरले नाम बनाउने विद्यार्थी सङ्ख्या कति छ ?
4,3,3,"यसको पूर्वमा माछापुच्छे
"
4,8,8,"त्यसैले सङ्ग्रहालयको अर्थ पुराना र महत्त्वपूर्ण सामान जम्मा
"
4,4,5,बाँध निकै ठुलो रहेछ ।
4,7,8,” तिनीहरू एकछिन बगैँचामा रमाएर घर फर्के ।
4,7,8,रङ्गीन र बोधो पेन्सिलको प्रयोग गर्नु हुँदैन ।
4,3,3,"उनीसँग पर्याप्त पैसा
"
4,14,15,"कुरा mai, अबदेखि राख्छु | (सलिमले ५० रुपियाँ तिर्छन् र कापी लिएर घरतिर लाग्छन् ।"
4,6,6,पृथ्वीको सतह सबैतिर एकै किसिमको छ।
4,13,13,"मा चिया पकाउँदा पनि कति जनालाई पकाउने हो त्यसैअनुसार गिलासले पानी र दुध
"
4,5,6,लखनले माछा र भात खाए ।
4,10,10,"भएको हावा नाइट्रोजन, अक्सिजन र कार्बन डाइअक्साइड जस्ता ग्याँसहरूको मिश्रण
"
4,6,6,"बाँकी रकम २ रु. 1100 -1050
"
4,10,11,बाढी आउनुमा अविरल वबर्षाबाहेक अरू के के कारण हुन सक्छन्‌ ?
4,3,4,कसरी क्रा गर्नुहुन्छ ?
4,3,4,पनि जाने गर्छु ।
4,31,32,यसरी भाँडामा खसालिरुका सबै अङ्कहरुले बनाउने सङ्ख्या 2836591 हुन्छ | सङ्ख्यामा रहेका अङ्कका दुईओटा मानहरू हुन्छन् | रुउटा देखिने मान र अर्को स्थानमान | 8 को देखिने मान 8 नै हुन्छ ।
4,1,1,"कोतिस
"
4,4,4,"उसले च्चन कमाउन धेरै
"
4,1,1,"घरेलु
"
4,4,5,पृथ्वीलाई हावाले ढाकेको छ ।
4,10,11,सम्बन्धमा सोधखोज गरी टिपेर ल्याएका कुराहरू कक्षामा प्रस्तुत गरेका छन्‌ ।
4,3,4,नमूना गाउँ हो ।
4,8,7,(श) 55 कि-ग्रा.मा कति ग्राम हुन्छ ।
4,3,4,प्रकारका रोग सर्छन्‌ ।
4,31,32,(iv) शङ्करका छोरीहरूले खुत्रुकेमा जम्मा भरुको सबै पैसाबाट आमाबुबाको जन्मदिनमा बराबर खर्च गर्ने निधो गरेछन् | उनीहरूले आमाको जन्मदिनमा रु. 275 खर्च गरेछन् भने खुत्रुकेमा जम्मा कति रुपियाँ जम्मा भरको रहेछ ?
4,8,9,उसले कति रकम फिर्ता पाउँछ वा थप्नुपर्ने हुन्छ ?
4,18,19,यहाँ कोजाग्रत पूर्णिमाका दिन ठुलो मेला लाग्छ | मेला भर्न नेपाल र भारतका विभिन्न ठाउँबाट हजारौँ धर्मावलम्बी आउँछन् ।
4,4,5,वडाध्यक्षले दुबैका कुरा सुन्नुभयो ।
4,7,8,सबै जनाले तीन तीनओटा खाली शब्दपत्तीहरू लिनुहोस्‌ ।
4,7,8,(ड) दुवैले जङ्गलमा पैसा लुकाउने सल्लाह गरे ।
4,10,11,डोल्माले दिएको पैसाले एउटा माग्ने केटाले आज राम्रो काम गर्यो ।
4,49,50,"धनुषा कक्षबाट पर्सा, चितवन र आकृति : कुनै वस्तु वा व्यक्तिको स्वरूप, आकार झुम्पर : कोठा सजाउन तिलिङमा झुन्ड्याएर राखिने काँचबाट निर्मित वस्तु qr : ter Tar erat 2 युत्ने ठाउँ शुङ्गार : सजाउने वा RT काम श्रीपेच 2 राजमुकुट नेपाली कक्षा "" कपिलवस्तु कक्ष हुँदै रुपन्देही कक्षमा पुगिन्छ ।"
4,21,22,"यत्तिकैमा चङ्खे बाँदरले एउटा जुक्ति निकाल्यो | उसले सबैलाई एकछिन शान्त रहन भन्यो र आफ्नो जुक्ति सुनायो, “उहाँ हाम्रो पुर्खा हुनुहुन्छ ।"
4,4,6,"- 33000 मि. - 600 मि.
"
4,2,2,"उनले हातले
"
4,46,45,"हरिनारायणको आम्दानी रु. 68,325 रु. 39,576 हरिनारायणको खर्च बाँकी बचत रकम गणितीय वाक्यमा लेख्दा, रु. 68,325 - रु. 39,576 स्थानमान तालिकामा राखेर घटाउ गर्दा, दश हजार | हजार | सय | दश | रुक 60 fe दश हजार|हजार| सय | दश | रक - ।"
4,10,11,भएकाले यहाँ केही घाँसे मैदान र चउर पनि रहेका छन्‌ ।
4,1,1,)])]।
4,7,8,नन्दराज : (प्रधानाध्यापकलाई हात जोड्दै) नमस्कार गुरु !
4,6,6,"जेब्राक्रसिङ र आकाशे पुल हात काट्नु
"
4,2,2,"यस गाउँमा
"
4,4,5,तेल लिटरले भर्दै हुनुहुन्छ ।
4,6,7,एक्लाएक्ले कक्षागत गीत गाउने अभ्यास गर्नुहोस्‌ ।
4,5,6,जारले लिटरमा क्षमता मापन गर्छ ।
4,10,11,(Al) तपाइँले घरमा कुन कुन शक्तिका स्वरूपहरू देख्नु भएको छ ?
4,6,6,"बुबा, आमासँग कहिलेकाहीँ सिनेमा हलमा चलचित्रसमेत
"
4,5,6,एकचोटिको हार सधैँको हार हुँदैन ।
4,4,4,"छुट रकम बेचेको मूल्य
"
4,3,3,"लाठो ठुलो बौरो
"
4,5,6,मेरो नाम भक्तबहादुर प्रजा हो ।
4,10,11,१. नेपालका राष्ट्रिय विभूतिको चित्र सङ्कलन गरी कक्षामा प्रर्दशन गर्नुहोस्‌ ।
4,4,4,"चित्र (क) चित्र (ख)
"
4,5,5,"(ग) दिदीबहितीका छोराछोरी |] |
"
4,8,8,(ङ) जोनको परिवारको मासिक बचत जम्मा कति छ?
4,10,10,"१. तल दिइएका अर्थ बुझाउने शब्द पाठबाट खोजेर लेख्नुहोस्‌ :
"
4,1,1,"नयाँ
"
4,2,3,घले गाउँ !
4,9,9,"(ख) वनतविनाशले हावामा .......................,:::,...2.., को मात्रा बढ्न जान्छ ।"
4,11,11,"."". सरलाको तलब प्रमिलाको भन्दा रु. 6,700 ले कम रहेछ ।"
4,9,9,"गड्यौला मानिस जस्तै गरी उभिएर बस्त नसक्नुको कारण र...
"
4,10,10,"10. भिरालो ठाउँबाट ठुलो परिमाणमा ढुङ्गा, माटो बगाएर ल्याउनु _
"
4,4,5,यसमा म माफी चाहन्छु ।
4,6,8,; पहिला हलो वा टयाक्टरले खेत जोतिन्छ ।
4,9,10,बेलेर माटाका पाता बनाउँदा सकेसम्म सबै ठाउँ बराबर हुनुपर्छ ।
4,9,10,भृकुटी र सोम कक्षामा भिन्नका बारेमा छलफल गर्दै छन्‌ ।
4,4,4,"पोषण खेल खेलौँ :
"
4,11,12,"15 क्विन्टल 75 किलोग्राम 5 (100 ५ 15) किलोग्राम - 75 किलोग्राम
"
4,1,1,"[क्र
"
4,6,5,"ज्ञि.स.स. - जिल्ला समन्वय समिति
"
4,1,1,"भाषाको
"
4,18,19,"(खै, नै, पो) ४, साथीलाई चिढी' पाठबाट पालि, सँग, समेत, सम्म, तिर प्रयोग भएका एक एक वाक्य टिप्नुहोस् ।"
4,7,8,जीवनको अन्तमा जीवहरू बुढा हुन्छन् र मर्छन् ।
4,7,7,"यसमा तीनओटा बराबर भाणमा बाँडिरुको छ |
"
4,6,6,"सबै जनाले लेखिसकेपछि उक्त शब्दपत्तीहरूलाई जम्मा
"
4,6,7,(ख) चरा बस्ने पिँजरा कस्तो छ ?
4,7,8,हुन्छ र यो रुक दिन बराबर हुन्छ ।
4,3,4,हो त है !
4,3,3,"बिन्ड्ध मिलहरू सञ्चालन
"
4,8,8,"(समयमा काम) २ गरौँ सबैले राम्रो चल्छ नाम
"
4,2,3,उकालो लागे ।
4,9,8,"उनले रु. 45,326 को सामान किनिन्‌ भने अब
"
4,4,5,सक्खर बनाउन सिक्दै छु ।
4,7,7,"पाठ १ : मान्यजनको सम्मान र पेरणा
"
4,3,4,गाउँघर अर्कै हुन्छ ।
4,2,2,"सानी नदी
"
4,3,4,अभ्यास गरिने छ ।
4,4,4,"मैले सोधखोज गर्दा हाम्रो
"
4,1,1,"हामीलाई
"
4,2,3,अ) हुल ।
4,5,5,"श्री नेपाल राष्ट्रिय आधारभूत विद्यालयमा
"
4,8,9,यो ठाउँ मर्स्याङ्दी र त्रिशूलीको दोभान पनि रहेछ ।
4,6,6,"आकतिविहीन छपाइ [9011 16]0'25611191701191 एप ए118)
"
4,1,2,"पन्ना ;
"
4,6,6,"दश लाख लाख दश हजार हजार
"
4,11,12,", बालगीतका शब्दहरूको अर्थ र भाव बृक्नेर त्यसको भाव र मर्मअनुसार गाउने
"
4,2,2,"क्वायल विधिबाट
"
4,2,2,"न्जु् 1901
"
4,7,8,आकृतिले उक्त चकलेटमध्ये 5 ओटा भाइलाई दिइन्‌ ।
4,1,1,"बुबाले
"
4,3,3,"अवलोकन गर्नुहोस्‌ :
"
4,11,11,"तल केही प्राकृतिक गतिविधिहरू दिइएका छन्‌, तीमध्ये मानिसको जनधनको क्षति गर्न
"
4,3,4,तताउने कसरत गर्नुहोस्‌ ।
4,1,2,रहनुपर्छ ।
4,5,6,उनको पुर्ख्यौली घर बझाङ हो ।
4,15,15,पृ 4 27 [१८ 4 [२५ y 11 | I | | Saturday 100 ॥
4,2,2,"यहाँ भिडभाड
"
4,13,13,"अन्य विद्यार्थीहरू: ओहो साथीहरू, वातावरणमा त सजीव र निर्जीव वस्तुहरूबिच घनिष्ट सम्बन्ध पो
"
4,4,5,यसरी हिँड्दा खतरा हुँदैन ?
4,7,7,सामाजिक अध्ययन तथा मावबसूल्य शिक्षा कक्षा २”?
4,22,23,७. ‘Ara पाठका आधारमा तलका घटनाको क्रम मिलानुहोस् : ( ) सहयोग र राम्रो व्यवहारले सबै असल साथी बन्ने कुरा शिक्षकले बताउनुभयो ।
4,1,1,"कलि
"
4,2,2,"नृत्य अभ्यास
"
4,11,12,चाहिन्छ विद्युतीय कार चलाउन कार ब्याट्टी चाहिन्छ विद्युत्को प्रयोगबाट सुविधा पाइन्छ ।
4,7,8,जगेनी जात्रा तीन तीन वर्षको अन्तरालमा पर्छ ।
4,40,42,"| सोम : यसको अर्थ तीन भाणमध्ये रक भाण भन्ने हुन्छ सर | भृकुटी : सर, यसलाई भिन्नमा ; लेखिने भरुकाले रुउटा 3 पनि भनिन्छ | शिक्षक : भृकुटी फेरि भन्नुस् त यदि दुई भागमा छाया पारेको भरु कसरी व्यक्त गरिन्छ ?"
4,5,6,पुनलाई विदेशबाट साथीले इमेल पठाइरहन्थे ।
4,2,2,"कुकारकराराकङ छान
"
4,4,4,न उ न ा।
4,4,5,(ग) बाँदरहरू ओरालो लागे ।
4,2,3,फल लाग्छ ।
4,55,54,समाधान कक्षाकोठादेखि प्रधानाध्यापकको कोठासम्मको दुरी 510 मिटर 50 सेन्टिमिटर प्रधानाध्यापकको कोठादेखि पुस्तकालयसम्मको दुरी 59 मिटर 85 सेन्टिमिटर मिटर सेन्टिमिटर 10 50 —_—_— TTT oT | 135 से.मि. =1 मि. 35 aft. 19 मिटर 135 सेन्टिमिटर 20 मिटर 35 सेन्टिमिटर | रुउटा किसानको घरबाट तरकारी खेती गरेको बारीसम्मको दुरी 1 किलोमिटर 200 मिटर छ ।
4,7,7,"(क) पानी स्वादहीन, गन्धहीन र रङहीन हुन्छ
"
4,10,11,२. अरुलाई दु:ख परेका बेलामा सहयोग गरेको भूमिका अभिनय गर्नुहोस्‌ ।
4,5,5,"करिलाका भाले र पोथी बोट
"
4,3,3,"ष््/ तयारी माटौ
"
4,1,1,"यदि
"
4,6,6,"१ ए ए ए रे गए
"
4,7,8,के भयो भने हामी विपत् भएको भन्छौँ ?
4,4,4,"यसअन्तर्गत भलिबल, दौड, फुटबल,
"
4,1,1,"सङ्ख्यामा
"
4,3,4,प्रयोग गर्न सकिन्छ ।
4,1,2,बन्छ ?
4,10,10,"मिटरको दुरी पार गरिसकेपछि बिस्तारै हिँडेर दौड सुरु गर्ने रेखातिर
"
4,8,9,(अ) अन्त (Cereals) अन्न खानाको मुख्य स्रोत हो ।
4,1,2,फर्कियौँ ।
4,6,7,केही उपाय निकाल्न सबैले कृष्णलाई भने ।
4,10,10,"(ग) टेलिभिजन, कम्प्युटर मनिटर, रेडियो, घडी, रिमोट, स्पिकर, माइक्वोफोन, डाइनामो,
"
4,7,8,: मेरो त भोलि खेतमा रोपाइँ छ ।
4,6,6,"किताबका पाना हेर, हामी भन्दा साना
"
4,7,8,केही समयपछि त्यो कुकुरलाई सिंहले आक्रमण गर्यो ।
4,2,2,"फेद हित
"
4,11,12,(17) »का 3 णुणामा 2 बढाउँदा 14 हुन्छ भने कति हो ?
4,9,10,अंशुवर्मा सबै जनतालाई समान व्यवहार गर्ने कुशल शासक थिए ।
4,19,21,५. माथिको पाठका आधारमा तल दिइएको अनुच्छेद पूरा गर्नुहोस् : खेल घरभित्र खेलिने र घरबाहिर खेलिने गरी ..... प्रकारका हुन्छन् ।
4,10,10,"पृथ्वी नभएको भए मानिसको जीवन त धेरै समस्यामा पो पर्ने
"
4,13,14,(अ) मानिस (आ) पुस्तक (इ) कम्प्युटर (घ) वेब व्राउजरमार्फत के के खोज्न पाइन्छ ?
4,2,2,"जम्मा मूल्य
"
4,6,6,"नामका अक्षरहरूको सङ्ख्या र विद्यार्थी विवरण
"
4,8,9,७. खेलकदको महत्त्व' पाठको आशय पाँच वाक्यमा लेख्नुहोस्‌ ।
4,1,2,बनाउँछ ।
4,17,18,"बाटो खन्दा, पुराना घरहरू भत्काउँदा अनि अरू विविध कारणले निस्कने धुलाले पनि त वायु प्रदूषण हुन्छ नि ।"
4,8,8,क्रियाकलाप ०.११ विद्यार्थी दुई समूहमा विभाजन हुनुहोस् ।
4,9,10,यसका साथै अन्य प्रकारका धातुहरू पनि चालक नै हुन् ।
4,7,7,"उनीहरूको गीत सुनेर बुढाको हाँसो फत्केला जस्तो
"
4,6,7,तिमीलाई यो आँट कसले दिएको नि ?
4,6,7,हुनुभन्दा अणाडि वस्तुहरूको णणना कसरी गर्थे ?
4,6,6,"” मेरो कुरा सुनेर गुरु मुसुक्क
"
4,4,4,"सालिक्रको पछाडिपर्दाट फराकिलो सडक
"
4,4,4,"विराम गरेको भए मलाई
"
4,4,5,सिँचाइ कुलो पुगेको थियो ।
4,6,7,२. जुनारको तौल कम लेखेको रहेछ ।
4,17,17,२. सुनाइ पाठ २ सुनेर तलका वाक्य पूरा गरी भन्नुहोस् : (क) सिंह बनेको..........यताउति हिँड्न थाल्यो ।
4,5,5,"हाम्रा हजरबुबा, हजुरआमाले प्रयोग गरेका
"
4,8,9,"प्रकाश, ताप, विद्युत्, चुम्बक आदिबाट शक्ति प्राप्त हुन्छ ।"
4,4,5,साथीसँग छलफल गरी लेख्नुहोस्‌ ।
4,3,3,"(ग) माउस [(7101756)
"
4,28,29,घडीमा 10 बजेर 10 मिनेट svar छ | 2 घण्टा 30 मिनेटपछि घडीको समय पत्ता लगाउनका लाणि घडीको सुईलाई 2 घण्टा 30 मिनेट पर घुमारुर कतिमा एण्यो हेर्नुहोस् ?
4,9,10,कारणले पनि मलाई मेरो जन्मस्थान सुन्दर र प्यारो लाग्छ ।
4,8,9,४. पाठका आधारमा रोसनीका मितव्ययी बानीहरूको टिपोट गर्नुहोस्‌ ।
4,12,12,"बट्टा डिजाइन गर्नपर्ने ठाउँलाई बराबर भागमा बाँड्ने ब्राँडिएका ठाउँमा एउटा आकति ब्रनाउने
"
4,8,9,हामीले विद्यार्थीको भविष्य बनाउन पूरा जीवन दिएका हुन्छौँ ।
4,4,5,बास्केटबल सामूहिक खेल हो ।
4,1,1,"उनीहरू
"
4,3,3,नन सा वात!
4,11,12,नङ वा चक्कुले कोतर्न नसकिने चट्टानलाई हयामरको मदतले फुटाउने कोसिस गर्नुहोस् ।
4,12,12,"विभिन्न रूपहरूमध्ये बाफ, हिउँ आदिलाई सतह माथिको पानी भनिन्छ भने समुद्र, नदी,
"
4,2,3,पारिरको छ ।
4,5,6,वा ग्याँस अवस्थामा रहेका हुन्छन्‌ ।
4,8,8,() सो टकमा कति कि.ग्रा. चिनी रहेछ ?
4,7,7,"महिनावारी हुँ के के पूर्वतयारी गर्नुपर्ने रहेछ
"
4,6,7,कोर्नुहोस्‌ र उपयुक्त रङ पनि भर्नुहोस्‌ ।
4,3,3,"त्यसैले नृत्य भने
"
5,4,4,"कतै थाल फुटाएको कुरा
"
5,6,7,निकासका लागि बनाइका पाँच पाँचओटा धारा !
5,11,12,३. वर्तमान समयमा फोहोरमैला र प्रदूषण बढ्नुका क्नै दुई कारण लेख्नुहोस्‌ ।
5,11,11,"उनलाई उनका बुबाले दिएको रु. 300 लाई उक्त खुत्रुकेमा राख्दा जम्मा
"
5,4,5,कस्तो कस्तो आवाज आयो ?
5,7,6,"१२.५ मातृभाषाका गीत (१/0०11161' 19118098€ 5018)
"
5,1,1,"सडक
"
5,25,24,त्यसैले माथिको हिसाबमा - 7a + 2b - (5a + 6b) = 7a + 2b-5a-6b = 7a-5a+2b-6b = 2a- 4b चाहिएको सङ्ख्या भयो ।
5,7,7,"यिनको दुरुपयोगबाट आँखाको ज्योति गुम्नेदेखि मानसिक अवस्था
"
5,6,6,"देशको सामाजिक तथा सांस्कृतिक विविधताबिचको एकतालाई
"
5,5,6,डोल्माका हजुरबुबा ६१ वर्षको हुनुभयो ।
5,7,7,"केन्द्र : मुख्य ठाउँ परिबेश : बाताबरण
"
5,3,4,सरसफाइ गर्न लगाउनुहोस् ।
5,7,7,"पहिलो पटक पेसा व्यवसाय सुरु गर्ने व्यक्तिलाई
"
5,7,7,"क्रियाकलाप गरी आफूले गर्नुभएको अनुभवसहितको प्रतिवेदन कक्षामा
"
5,11,11,"आजभोलि श्रम गर्नु दुःख गर्नु हो भन्ने भावना पनि कहीँ कतै
"
5,4,5,प्रतिनिधि चुन्न निर्देशन दिनुभयो ।
5,6,6,"खोक्रो दुई फग्लेँटा गुच्छेजरा खँदिलो डाँठ
"
5,5,5,"साँझपख बजारबाट सामान ल्याउनलाई आमालाई
"
5,86,82,"अभ्यास 17. _~ २ (क) तलका समूहहरूलाई समूह सङकेत प्रयोग गरेर सूचीकरण विधिबाट लेख : 1. बार महिनाका नेपाली नामहरूको समूह 2. अङ्ग्रेजी स्वरवर्ण (Vowel Letters) को समूह 3. कक्षा मा पढ्नुपर्ने विषयहरूको समूह 4. 10भन्दा साना बिजोर सङ्ख्याहरूको समूह 5. 24 लाई निःशेष भाग जाने सङ्ख्याहरूको समूह (ख) तलका समूहहरू केका समूहहरू हुन्, वाक्यमा लेख : 1. C= गाई, भैँसी, घोडा) 2. D= काठमाडौँ, ललितपुर, भक्तपुर) 3. $-५(नेपाल, भारत, बङ्गलादेश, श्रीलङ्का, पाकिस्तान, अफगानिस्तान, माल्दिभ्स, भुटान) 4. ४5१४, 6,1,0, u} 5. रि-१।"
5,6,6,"(घ) विद्यालय तथा अस्पतालअगाडि हर्न नबजाउने
"
5,3,3,"यसपालिको विद्यालयको वार्षिक
"
5,9,9,"यसको पहिलो मात्रामा ताली र पाँचौँ मात्रामा खाली रहेको
"
5,5,5,"र कक्षामा प्रस्तुत गर्नुहोस्‌ :
"
5,2,2,"कमूलपाठ जस
"
5,9,11,शिक्षण निर्देशन : - नमस्कार नृत्य ख्याली तालमा आधारित छ ।
5,3,3,"२२८६५5५ ७६१४ ०णाण्णा
"
5,22,23,\V / 135° 120° 105° 90° 75° 60° 450 अब प्रत्येक भागलाई 150° 300 3 बराबर भागमा पद्याएर कागज खोल्दा यस्तो देखिन्छ ।
5,4,4,"शीर्षक : विगतको रहनसहन
"
5,7,8,चिठी भनेको खबर आदानप्रदान गर्ने माध्यम हो ।
5,4,5,एक चम्चा नुन मिसाउनुभयो ।
5,3,4,प्रोसेसिङ ([0100655118) भनिन्छ ।
5,8,8,"प्रत्येकको सतह, किनारा र कुनाको सङ्ख्या लेख्नुहोस्‌ :
"
5,9,8,"अनार 2 कि.ग्रा (प्रति कि. ग्रा. रु. 250)
"
5,9,10,प्रिया: समुदायको महत्त्व धेरै पो रहेछ होइन त काका ?
5,7,8,(घ) यो निवेदन किन पेस गरिएको हो ?
5,5,6,कति तौल बराबरको चिउरा खाएछन्‌ ?
5,3,3,"हाम्रा ऐतिहासिक वस्तुहरू
"
5,6,7,चौडाइलाई पनि लम्बाइलाई जस्तै गरी नाप्नुपर्छ ?
5,2,3,बस्ने गर्छन्‌ ।
5,8,9,घरनजिकैको चउरमा फुटबल खेल्ने अभ्यास पनि गरेको छु ।
5,6,6,"बख्खु, पाङ्देन, दोचा आदि हिमालतिर लाउने
"
5,6,6,"कृषि क्षेत्रमा यसलाई धेरै काम लगाउन
"
5,11,11,"५. दिइएको अनुच्छेद पढेर सुनाउनुहोस्‌ र अनुच्छेद पढ्न कति समय लाग्यो,
"
5,14,14,"मात्रात्मक रूपमा वर्णन गर्न वा सञ्चार गर्न सहयोग पुग्छ, जस्तै : वस्तुको पिण्ड, लम्बाइ
"
5,3,3,"बथान : हुल
"
5,14,14,"कुनै कमान्डको दायाँ भएको तल फर्किएको 470007 / रू ) मा किलक गरेर हरेकमा
"
5,4,5,प्रथम हुनेलाई पुरस्कृत गर ।
5,1,1,"हाल
"
5,4,5,मानिस भैला भएका देख्यौँ ।
5,11,12,मानिस जातले ठूलो तथा सानो हुँदैन भन्ने कुरामा उनी विश्वास गर्थे ।
5,18,15,0.001 10 0.001 x 10 = 6.0001 = 0.01 दशमलवलाई एक स्थान दायाँ सारौँ ।
5,7,8,फुर्सदलाई सदुपयोग गर्ने तपाईँको राम्रो बानी रहेछ ।
5,2,2,"सीताले भनेको
"
5,3,4,पालैपालो बताउनुहोस्‌ है ।
5,5,6,गुरुआमाले मीनालाई आफूसँगै कक्षाकोठामा लैजानुभयो ।
5,4,5,गुरुले छिरिङलाई बधाई दिनुभयो ।
5,2,3,भागलाई........... गर्नुपर्छ ।
5,4,4,"उपत्यका एउटा ठुलो समथर
"
5,3,3,"उनी नयाँ विद्यार्थी
"
5,10,10,"बिन्दुले आफूसँग भएको ) रुपियाँ उनका तीन जना छोरा छोरीलाई
"
5,5,5,"दिनभरि भएका कार्यक्रम मेरा आँखाअगाडि
"
5,6,7,(क) किसानलाई किन धन्य भनिएको हो ?
5,13,14,"” वीरबलले भने, “हो जसरी सबै दुधमा घिउ हुन्छ तर झ्वाट्ट हेर्दा देखिँदैन ।"
5,10,10,"-- 105 ओटा 0.01 - 235 ओटा 0.01 अर्को तरिका
"
5,5,5,"चउर वरपरका अनावश्यक झारपात उखेल्ने,
"
5,2,2,"1 111510'प्16115)
"
5,12,12,"कृष्णको घरमा राधिकाको घरमा भन्दा 5 5 ओटा गाई -3 ओटा गाई
"
5,3,3,"माइती नेपालको स्थापना
"
5,7,7,"अझ थारु समुदायमा त त्यस दिन बिहानै
"
5,5,6,खर्च कति जति चाहिएला महाराज ?
5,11,11,गर्ने हुनाले पर्यटन व्यवसायले पनि यहाँको आर्थिक वृद्धिमा मदत पुग्याएको छ।
5,8,8,"(क) ८५८1), ८36) र ८63 को नाप 1२
"
5,7,8,¢ re प्रो ( “हजुरले मलाई चिन्नुभएन ?
5,10,10,"लयका आधारमा ताली बजाउँदै समूहगत रूपमा तथा एक्लाएक्लै मिठो स्वरका
"
5,5,6,दाँत नहुने जनावर कुन हो ?
5,4,5,यहाँ धेरै गर्मी हुन्छ ।
5,3,4,कस्तो भूमिका रहन्छ ?
5,9,9,"उनले सामाजिक सम्बन्ध, परम्परा र संस्कृतिको संरक्षणमा नेतृत्त्व गर्ने
"
5,6,7,तीनदेखि चार मिटरसम्मका डोरीको व्यवस्था गर्नुहोस्‌ ।
5,5,5,"छिरिङले पनि त्यही कल्पना गरेकी
"
5,2,2,"बटुवाहरू खाना
"
5,2,2,"समाधान )/९
"
5,6,6,"किलोमिटरसम्बन्धी गुणन र भाग (गप्राएफा८4001 110
"
5,25,26,"क्रियाकलाप गराउँदा स्थानीय परिवेश, समय आदिअनुसार थपघट गर्न सक्नुहुन्छ | स्थानीय ठाउँको उत्पादित वस्तुको महत्त्व सम्बन्धमा विद्यार्थीले लेखेकामध्ये उत्कृष्ट लेख छानी केन्द्रमा पठाउन सहयोग गर्नुहोस् ।"
5,4,4,"माथिको समस्यालाई समाधान गर्दा,
"
5,8,9,किसानटार र बाँदरेटारका सट्टा रोबोट गाउँका नामले चिनिन्छ ।
5,5,5,"आलमदेवी मन्दिर संरक्षणमा स्थानीय प्रयास
"
5,3,4,बुबाले मात्र खाने !
5,1,1,"आफ्नै
"
5,12,13,"८. चित्र र तस्बिरहरू : पहिलेका चित्रर 00011000.. तस्बिरहरूले विगतका घटना, घर, ।"
5,3,2,"मि.मि. लाई8ले
"
5,11,11,"माथिको क्रियाकलापमा तोरीका बिरुवाको जरा जस्ता बनावट भएका जरालाई मूल जरा
"
5,2,2,"थोरै कान
"
5,9,9,"बिजुलीबाट चल्ने हिटर, इन्डक्सन चुलो आदिबाट सजिलै खाना पकाउन
"
5,16,14,"(ङ) 4 कि.मि. 620 मि. लाई 8 ले (च) ० कि.मि. 425 मि. लाई9ले
"
5,3,3,"एउटा बललाई समाउनुहोस्‌
"
5,4,5,सिकिसकेका छौँ हैन त ।
5,12,12,"८. मामाको पत्र पढेपछि भान्जीले कस्तो उत्तर दिएर चिठी लेखिन्‌ होला, कल्पना
"
5,14,14,"” मैले भने, “म नेपालबाट आएको हुँ,” उनले फेरि सोधे, “नेपाल कहाँ पर्छ ?"
5,4,4,"गाउँबाट अध्ययनका क्रममा सहर
"
5,2,3,"लाग्यो, लेख्नुहोस्‌ ।"
5,7,8,लगाउन अरू कुनै सामग्री पनि छन्‌ कि ?
5,10,4,"(छ) १,४५,२२,६०७ (ज) २२,००,१०,९५२
"
5,3,4,चिकित्सकको सल्लाह लिनुपर्छ ।
5,3,4,सतहको नाम लेख्नुहोस्‌ ।
5,6,7,उसलाई पहिले त पत्याउनै मुस्किल पच्यो ।
5,6,6,"साथै यसले पानीमा बस्ने जीवहरूलाई पनि
"
5,6,6,"जस्तै जिल्लामा केही राम्रो काम गरेर
"
5,8,8,"6. दिइएका दशमलव सङ्ख्यालाई प्रतिशतमा रूपान्तर गर्नुहोस्‌ :
"
5,3,4,भरी प्रस्तुत गर्नुहोस्‌ ।
5,6,7,हरि : नेपालको जनसङ्ख्यालाई कसरी पढ्ने ?
5,7,8,(हर र अंशमा 10 ले गुणन गर्नुपर्छ ।
5,4,5,तँ भन्छस्‌ पाइला सार्ने ।
5,9,10,(ङ) साधु समयका बारेमा आफ्नो विचारलाई कसरी प्रकट गर्छन् ?
5,6,7,निर्मलले भुइँको मोबाइल फोन हातमा लिए ।
5,6,6,"चौडाइतिर भएका एकाइ वर्गको सङ्ख्या 3
"
5,9,10,"यस प्रयोगबाट तापले ठोस पदार्थको ........................ बढाउँछ भन्ने निष्कर्ष निकाल्न
"
5,7,7,"यदि एक दिनमा 8 घन्टी पढाइ हुन्छ
"
5,3,3,"उपद्रो : फद्याइँ
"
5,5,6,रङ्गीन सयपत्री फूल जस्तो देखिन्छ ।
5,2,3,प्रयोग गर्नुहोस्‌ ।
5,10,10,"च) तल दिइएका समस्याको कथाकथन विधिबाट प्रश्न निर्माण गर्नुहोस्‌ :
"
5,3,3,"टोलमा आफनो समाजबाहेकका
"
5,4,5,उड्नका लागि उपयोग हुन्छन्‌ ।
5,5,6,त्यसपछि त्यो कागजमा रङ दल ।
5,9,10,(ग) असल समाज बताउन समुदायको भूमिका चार वाक्यमा लेख्नुहोस्‌ ।
5,3,4,जति पानीमा घुल्यो ।
5,3,3,"बजेट तालिकाका आधारमा,
"
5,4,4,"मानिसलाई काम गर्न गाह्रो
"
5,5,6,सभाध्यक्षसहित सबै आआफ्ना ठाउँमा बस्नुभयो ।
5,13,14,हर्के : यिनीहरूभन्दा त मटितेलको प्रयोग नै सजिलो होला जस्तो लाग्यो मलाइ त ।
5,5,6,"दुध, दही मिलाएर खाने गर्नुपर्छ ।"
5,4,5,कामका लागि प्रयोग हुन्छन्‌ ?
5,10,11,"(ञ) 477 - 8 ज्‌ 277 (ट) 301 11 त 14
"
5,3,5,(घ) उनी विद्यालय .................... ।
5,2,3,किसिमका हुन्छन्‌ ।
5,44,45,"त्रिभुज AON wae पाल वा छाना 0020: oo. i 1 . वृत्त भालु “ फूल $y pel Sea Ly “103 p) बाकस कुकुर गाडी तलका वस्तुहरूमा कस्ता कस्ता ज्यामितीय आकारहरू प्रयोग भएका छन् चिन, त्यस्तै आकार प्रयोग गरी चित्र बनाउ | 5 = 2 ॥"
5,10,11,८5 501 र 0 5401) हुँदा आयतको क्षेत्रफल कति हुन्छ ?
5,13,12,गरी जम्मा 7 «45 28 ओटा घन से.मि.का एकाइ घन छन्‌ ।
5,11,11,"कति सजिलो जमाना आयो है, हाम्रा पालामा यति थाहा पाउन कति
"
5,2,2,"अभिभावक तथा
"
5,10,8,"(घ) -4 12 (ड) 10-%-4 (च) 622 17
"
5,7,8,चमेना गृहबाट निस्किएका बोतलहरूमा फूलका बिरुवा रोपे ।
5,2,2,"यसले हाम्रो
"
5,7,8,(ख) नर्सले गर्ने कामहरू के के हुन् ?
5,11,11,"माथिको तालिकामा प्रत्येक वस्तुको परिमाण र मूल्यका आधारमा जम्मा मूल्य र
"
5,4,4,"एड नेपाली, कक्षा ५
"
5,7,9,(घ) सय पैसाको परिमाण जनाउने शब्द ............. हो ।
5,11,12,४. तपाइँले आफनो घरका कुन कुन काममा सहयोग गर्ने गर्नुभएको छ ?
5,3,4,आमाबुबा खुसी हुनुहुन्छ ।
5,1,2,लिनुपर्छ ।
5,7,8,मिनेट भए कति समय मोटरसाइकलमा यात्रा गरेछन्‌ ?
5,8,9,वनभोज कार्यक्रमको आम्दानी र खर्चको अवस्था कस्तो छ ?
5,6,6,"यो विधिवाट दौड सुरु गर्दा |
"
5,4,5,पाती भएको गिलासमा डुबाउतुहोय्‌ ।
5,6,7,कम्मरसम्म उठ्ने गरी बल अगाडि बढाउनुहोस्‌ ।
5,5,5,"33 जना छात्राहरू रहेछन्‌ भने,
"
5,3,3,"५. राडीपाखी बुन्ने
"
5,20,21,"यस्तो माटोमा आलु, मकै, फापर कोदो, जुनेलो धेरै फल्छ | ठाउँ ठाउँमा अलैँची, चिया, कफी र फलफूल खेती पनि हुन्छ ।"
5,3,4,(घ) तिमी पढ ।
5,4,4,"त्यहाँ जलपादेवीको मन्दिरमा पूजा
"
5,17,18,उनीहरू बीचको संवाद तल दिइएको छ 1) ना = Bs / at “ih 3 a j हुन्न ।
5,8,9,पानी बाहिर बगाएपछि बिस्तारै मानव बस्ती बस्न थाल्यो ।
5,10,11,(ग) मादक पदार्थ र लागुपदार्थ सेवन गर्दा के हुने रहेछ ?
5,1,1,"ढिक्रको
"
5,4,5,हामी कामलाई सम्मान गछौँ ।
5,11,11,"2. तल दिइएका वाक्यमा मिल्दो शब्द छानी खाली ठाँउ भर्नुहोस्‌ :
"
5,11,12,"yo मेरो सामाजिक अध्ययन तथा सिर्जनात्मक कला,कक्षा - ५ आदि लगाउँछन् ।"
5,16,17,"” i हदै = Wl 2) बुढो माग्नेले भन्यो, “तिमीभन्दा म nay a दुःखी छु, बाबु ।"
5,3,3,"यसबाट थाहा पाउन
"
5,5,6,"कृतज्ञता व्यक्त गर्नुहुन्छ, कक्षामा सुनाउनुहोस्‌ ।"
5,5,6,हराएको बाख्रा फुर्वाको बारीमा पसेछ ।
5,42,42,"३. स-साना समूहमा विभाजित भएर पुस्तकालयमा गई जनक, सीता, बुद्ध, अंशुवर्मा, शाङखधर र अरनिको लगायतका राष्ट्रिय विभूतिहरूका बारेमा लेखिएका कुराहरू अध्ययन गर | त्यसबाट आफूले सिकेका कुराहरू सम्बन्धमा चित्र, तस्बिर, भनाइहरूसमेत राखेर एकएकओटा परियोजना कार्य तयार पार र कक्षामा प्रस्तुत गर ।"
5,26,26,(10) पवनको परिवारका 5 जना केटाकेटीलाई बराबर खाजा खर्च दिँदा जम्मा रु. 53.75 खर्च भएछ भने प्रत्येकलाई बराबर दिइएको भए कन दरमा खर्च दिइएको रहेछ ?
5,9,9,"दायाँबाट हरेक तीन अङ्कको फरकमा अल्पविराम राखिन्छ सोहिअनुसार दिएको
"
5,17,17,अभ्यास 14.2 कक २ 1. रु. 300 को 15 प्रतिशतका दरले एक वर्षमा ब्याज कति हुन्छ ?
5,36,37,"बाल बालिकाहरूको चौतर्फी विकासका लागि पढाइका साथै विभिन्न अरू क्रियाकलाप पनि आवश्यक हुन्छन् | Gras, सरसफाइ, फूलबारी, सङ्गीत कार्यक्रम तथा कविता, निबन्ध आदि लेखन प्रतियोगिता जस्ता विविध क्रियाकलापमा पनि विद्यार्थीले भाग लिनुपर्ने कुरा रेडियोमा आएको थियो ।"
5,3,4,पोषक तत्त्व पाइन्छन्‌ ?
5,14,14,"फरक जात भएकाले (विजातीय) यसलाई जोडका रूपमा 7 ओटा भैँसी र 8 ओटा गाई
"
5,6,7,रातो मसी राख्दै हल्लाएर घोल्दै जानुहोस्‌ ।
5,12,12,"(ग) प्रत्येकका लागि सिलाइ खर्च रु. 500 भए जम्मा कति रुपियाँ आवश्यक
"
5,2,2,"यहाँ स्थानीय
"
5,13,13,"यसरी पद्याउँदा चार ओटै कोणहरू A,B, CCD एउटै पूर्ण कोण बनेको छ ।"
5,1,1,"गनाइरहेको
"
5,12,12,फुर्वा : आज त बिहानैदेखि घरी घरी चिसो बतास पनि चलिरहेको छ।
5,2,3,पुगेको छ ।
5,9,8,"न2 742 4 144 8 त 22 से.मि.
"
5,5,6,(क) निवेदन भनेको के हो ?
5,2,2,"फाल्गुनन्द लिङ्देन
"
5,12,12,यहाँ 5.42 मा 5 एक 4 दशांश र 2 सयांश छ ।
5,6,6,"मानिसले गर्ने विभिन्न क्रियाकलापबाट हाम्रो वरपर
"
5,8,9,जम्बियाङको जन्मदिनमा छेवैमा रहेका दुई जनाले डम्फु बजाए ।
5,3,4,टिप्न पनि मिल्दैन ।
5,7,8,"(अ) हलुका हाड (आ) पछाडिको लामो खुट्टा .
"
5,2,2,"ढेड रङ्रलैत्यक्त
"
5,3,4,अन्तर कति छ ?
5,4,5,बितेको समय फिर्ता आउँदैन ।
5,4,5,आत्मनिर्भर बनाउने थलो रहेछ ।
5,52,52,"यहाँ यसका केही उदाहरण देखाइएको छ | घाम परेको देखाउन सतह छुट्टै देखाउन गोलो वस्तु देखाउन छाया परेको देखाउन रङ लगाउने, मिसाउने, गाडा र फिक्का बनाएर उज्यालो र अँध्यारोका असरहरू देखाउने विभिन्न प्रयोगहरू गरेपछि सिकेका कुरालाई चित्रमा प्रयोग गरौँ | ba ७ सुक्खा बुरुसका खसा पा हि हा र ae धर्काहरू ॥"
5,4,4,"समुदायप्रति समुदायका सदस्यको अपनत्व
"
5,3,3,"र उउ मध्ये
"
5,8,9,(आ) चन्द्रमाले एक वर्षमा सूर्यलाई एक फन्को लगाउँछ ।
5,12,12,अत: एक जनालाई 19 से. मि. 6 मि.मि. लामो रिबन पुग्छ ।
5,6,7,त्यस्तै हाम्रो वरपरको वातावरण स्वच्छ राख्नुपर्छ ।
5,8,9,गरेको दिनमा पनि धेरै प्रकारका बिरुवा रोपिएका थिए ।
5,11,12,सबै विद्यार्थी : (एकै स्वरमा) हुन्छ गुरुआमा (सबै जना विद्यालयतिर लाग्छन्‌ ।
5,4,4,"यो शिक्षकको सिकाइ क्रियाकलापको
"
5,5,7,(ख) हार्मोनियममा जम्मा .... सप्तक हुन्छन्‌ ।
5,12,13,"'मानेभञ्ज्याङ, खाँदबारी, तुम्लिङटार, व्यापार, मजदुरी, भाँडाकुँडा चिनपुर, मादी बनाउने, पर्यटन जागिर आदि ।"
5,7,8,समुदायका कार्यहरू छिटो र सजिलोसँग गर्न सकिन्छ ।
5,5,5,"पाठ ४ प्रेरणादायी व्यक्तित्व २९
"
5,8,8,"(ई) विद्यालयले सामाजिक समस्या समाधानमा के के क्रियाकलाप
"
5,1,1,"शीर्षक
"
5,21,22,"यहाँ, कैलाशसँग भएको स्याउलाई ५ ले जनायो भने दुवैसँग बराबर स्याउ भएकाले X= 6 लेख्न सकिन्छ | यो एउटा समीकरण हो ।"
5,3,4,समूहमा विभाजन गर्नुभयो ।
5,2,3,रेकर्डिङ गराइन्‌ ।
5,5,6,शान्तिको सास फेर्दै घुप्लुक्क सुतेँ ।
5,6,6,"निर्धारित समयभित्र जुन समूहले बढी अङ्क
"
5,1,1,"कार्बोहाइड्रेट
"
5,2,2,"(ख) %
"
5,5,5,"उक्त सामग्रीलाई नचलाई देखिने ठाउँमा
"
5,13,13,"विचारणीय प्रश्न : दिउँसो घाम लाग्दा साबुनको फिँज वा बबलमा इन्द्रेनीमा जस्तै रङहरू
"
5,8,8,"आयतको चौडाइतिर भएको एकाइ वर्गको सङ्ख्या उ 2
"
5,2,2,"क जुह
"
5,8,9,(ख) दशमलव र प्रतिशत एकआपसमा कसरी रूपान्तरण गरिन्छ ?
5,5,5,"सूर्यको परिक्रमा गर्ने यस्ता ठुला
"
5,8,9,(ख) कवितामा म के के हुँ भनिएको छ ?
5,9,9,"गोडानजिक दायाँबाट गोलाइमा भझुकाउँदै घुमाएर गन्ती ८ मा बायाँतर्फ
"
5,5,6,यस्ता नाटकलाई दु:खान्तक नाटक भनिन्छ ।
5,10,10,"१. तपाइँको समुदायमा भएका असल कार्यहरूको सूची बनाई कक्षामा छलफल
"
5,5,5,"त्यो पूर्वी नेपालकै पहाडी जिल्लामा
"
5,9,9,"भ्रमण गर्दा वा कुनै ठाउँको अवलोकन गर्दा आनन्द मात्र
"
5,3,4,थप अभ्यास गर्नुहोस्‌ ।
5,9,9,"प्राणायाम गर्दा मेरुदण्डलाई सिधा पारेर पद्मासन, सुखासन, वज्जासन आदि
"
5,5,6,र चिनी कसरी छुट्याउने होला ?
5,11,12,यहाँ रु. 8000 को 1 वर्षका ब्याज रु. 800 तिरेको छ ।
5,6,7,नाटकको अन्त्यमा मेलमिलाप भएको देखाइएको छ ।
5,4,4,"यस अवसरमा हामी सबै
"
5,4,4,"60 मिनेट -1 घण्टा
"
5,4,5,पोषक तत्त्व (परणाए161115) भनिन्छ ।
5,7,8,'नानीशोभा नर्सरी' कथाका अनुच्छेद हाउभाउसहित पालैपालो पढ्नुहोस्‌ ।
5,17,18,"यो देखेर मलाई नेपाली भएकोमा गौरव AAT | अर्को विदेशीले थप्यो, “तिमीहरूको देश स्वर्ग जस्तै राम्रो छ ।"
5,3,3,"हाम्रो गाउँको सन्त
"
5,7,8,कार्यहरू असल समाज निर्माणका लागि महत्त्वपूर्ण हुन्छन्‌ ।
5,7,8,(क) शरीरका लागि आराम किन आवश्यक छ ?
5,9,7,"बेसार आधा कि-ग्रा (प्रति कि.ग्रा. रु. 130)
"
5,5,6,फोटाबाट अभ्यास गर्दा सजिलो हुन्छ ।
5,8,8,Sem क्षेत्रफल A= 20 at से.मि. भयो ।
5,6,7,चन्द्रमा (1001) पृथ्वीको एकमात्र उपग्रह हो ।
5,5,5,"(ग) वातावरण दूषित भएको अवस्था
"
5,5,6,प्रयोग गर्नुको कारण के होला ?
5,7,8,६. तिमीले कसैलाई मदत गरेको चित्र बना ।
5,8,8,"वातावरणीय सरसफाइबाट सफा, स्वच्छ र सन्तुलित वातावरण निर्माण
"
5,1,1,"आफ्ना
"
5,10,10,"निर्मलले त्यो दिन अगाडि बस्ने सोच बनाई आफनो झोला अगाडिको
"
5,2,2,"चार टुक्रा
"
5,5,7,"बाल वेला ............. खेल्यौँ यही धर्ती .............
"
5,2,3,मन्त्रालय पुगिन्‌ ।
5,6,7,"डढेलोले बातावरणमा कस्तो असर पर्दछ, लेख्नुहोस्‌ ।"
5,11,11,"केही दिन घरमा नै बसेर आराम गर्न र पोसिलो खाना खानुभन्दै
"
5,9,9,"मानिस तथा अरू सजीवहरूको जीवनयापनका लागि विभिन्न प्रकारका शक्तिको
"
5,8,8,"४०१5 515 मा द्ध को मान कसरी पत्ता
"
5,7,8,"गुरुआमा, अनलाइन व्यापार भनेको के हो नि ?"
5,3,4,निर्मलले शिवानीलाई सोधे ।
5,2,2,"हागामागवमूल्यर माग्यता
"
5,5,6,चन्द्रमाको कला भनेको के हो ?
5,10,10,"अवलोकन, परीक्षण, खोज, अनुसन्धान गर्ने क्रममा विभिन्न प्रकारका सामग्रीहरू एवम्‌
"
5,3,4,धेरै खुसी थियौँ ।
5,8,9,कारण उनका कतिपय नाटकमा संस्कृत साहित्यको प्रभाव पाइन्छ ।
5,4,4,"उत्रै र उस्तै खालका
"
5,5,6,जस्ता अङ्ग निलो हुन सक्छन्‌ ।
5,9,10,(ङ) सूर्यबाट पृथ्वीको दुरी फरक परेअनुसार क्रतु परिवर्तन हुन्छ ।
5,2,3,जनचेतना जगाउनुपर्छ ।
5,9,9,"“रोबोट गाउँ' कथा पढेपछि तपाइँलाई आफनो बाल्यकालको सम्झना भयो
"
5,11,12,(इ) धागालाई लामो र छोटो गर्दा सुनाइमा के असर पर्छ होला ?
5,17,18,"महोदय, अनायास टाइफाइडको ज्वरो आएकाले म पाँच दिनदेखि विद्यालय आउन alot | म अझै उपचार गर्दै छु ।"
5,1,2,उड्थ्यो ।
5,8,8,"(ख) कुक्रको टोकाइबाट जोगिन अपनाउनु पर्ने सुरक्षाका उपायहरू
"
5,11,12,” विष्णुले कृषकसँग सोधे | कृषकको स्वीकृतिपछि तिनै जना खेततिर लागे ।
5,14,14,) 5 5 0) चौडाइ (0) 54 01) उचाइ (1) 5301) आयतन (v) =?
5,11,11,"माथि दिइएका मध्ये घरको वास्तविक र साङ्केतिक (51111001106) चित्र जनाउन कुन
"
5,7,8,सामग्रीहरू राख्ने बाकसलाई प्राथमिक उपचार बाकस भनिन्छ ।
5,13,13,"४. पाठबाट (बनी भनी, हाम्रो राम्रो जस्तै पाँच जोडी लय मिल्ने शब्द खोजेर
"
5,2,2,अवयवहरू देखिन्छ।
5,3,4,दुर्घटनाबाट बच्न सकिन्छ ।
5,4,4,"अपाङ्गता भएकै कारण चुपचाप
"
5,4,5,चिरशान्तिको कामना गरेको देखे ।
5,9,9,"(क) रोग लागेपछि उपचार गर्नुभन्दा रोग लाग्नै नदिनु स्वास्थ्यप्रतिको
"
5,6,7,घ) एँचोपेँचो प्रथाको महत्त्व उल्लेख गर्नुहोस्‌ ।
5,5,5,"“१४ वर्ष पुगेपछि चरेसको थालमा
"
5,6,7,त्यही वेला उनका एक मित्र आइपुगे ।
5,13,14,कुनै रकमको तोकिएको अवधिको ब्याज ऐकिक नियमको प्रयोग गरी हिसाब गरेर निकाल्न सकिन्छ ।
5,11,11,नोटः नेपाली लोक सङ्गीतमा खालीको ठाउँमा ताली बजाउने पनि प्रचलन छ।
5,7,8,विक्रम गुरुले छिरिङका कानमा खै के भन्नुभयो ।
5,9,9,"रामभजनले जस्तै तपाईँ पनि आफूले समयअनुसार गर्ने कामका बारेमा
"
5,2,2,"स्‌ची तयार
"
5,6,6,"छापा : खप्ने मिसित छाप्ने कार्य
"
5,12,12,"चित्रमा जस्तै शिक्षक बा टोलीवेताको वहयोगमा सबै जवाले पालैपालो हप दौडको अभ्याव
"
5,2,2,"त्यसलाई चाहिँ
"
6,2,3,सिर्जना हुन्छ ।
6,7,8,नेपाल पर्यटकीय स्थलका रूपमा विश्वमा चर्चित छ ।
6,2,2,"हिउँसहित बग्नेलाई
"
6,4,5,मिश्रणलाई असमान मिश्रण भनिन्छ ।
6,11,11,चरण गा: दुवै सङ्ख्याहरूका साझा णुणनखण्ड 11 नै म.स. हो ।
6,34,34,971 चट Up गय ३. त्यसपछि टेबल (table) आइकन (icon) मा क्लिक गर्नुहोस् ८ डि डड डड डड डड = र खाली टेबल aver ग्रिड पपअप (grid popup) देखिने | 0111 हि [1 1!
6,4,4,बेन्च कति लामो छ?
6,13,13,चित्र 11.16 वृहस्पति 6. शनि (Saturn) वृहस्पति जत्रै देखिने ग्रह शनि हो ।
6,4,5,समाचारको नमुना तयार पार्नुहोस्‌ ।
6,11,12,यदि १ को मान 8 भरुमा उक्त आकृतिको क्षेत्रफल कति होला ?
6,6,7,रेडरलाई जुरुक्क उचाल्ने गर्नु राम्रो मानिन्छ ।
6,5,6,यसको आफनै प्रकाश होला त ?
6,20,21,"हरि > आज एक दिन आमाबुबा बनेर हेरौँ, कस्तो हुँदो रहेछ | लुमन्ती : मैले त बुझिनँ, हरिले के भनेको ?"
6,10,11,गर्मीमा नाकको प्वाल सुक्खा हुँदा रक्तनली फुटेर नाकबाट रगत आउँछ ।
6,1,1,"सार्ने)
"
6,7,8,उफ्रने क्रियाको अन्तिम सिप नै अवतरण हो ।
6,8,8,"विभिन्न प्रकारका विद्युतीय उपकरणहरू बिग्रन सक्छन्‌ “ शुरु
"
6,11,13,"त्यस्तै क्रमशः १, २, १, २ ..... १, २ .... भने गन्तीको ॥"
6,2,3,आधारमा गरिन्छ ।
6,6,7,(क) यीमध्ये कसलाई चुम्बकले आफूतिर तान्दैन ?
6,4,4,"चित्रमा विभिन्न तरिकाले छाया
"
6,2,2,"अन्य बिन्दुको
"
6,3,4,” हजुरआमाले भन्नुभयो ।
6,8,8,"साधारण बिरामीको उपचार तथा दुर्घटताहरूमा प्राथामिक उपचार सेवा
"
6,7,8,(तृतीय पुरुष) (छ) तँ पनि भनेको मान्छस् ।
6,11,12,यसरी 'क' बाट ख' ले ब्याटन लिँब अगाडि हेरेर नै दौडनुहोस्‌ ।
6,2,2,"(ख) मूल्याङकन
"
6,32,33,"णिद्धले मरेका जीवको मासु खान्छ | चिल अरू चराचुरुङ्णी तथा साना जनावरहरूलाई खारुर बाँच्छ | बाघ मृण, जरायो, बँदेल आदि GRY बाँच्दछ | यसरी लिरुको खानाबाट उनीहरूले आफूलाई चाहिने शक्ति प्राप्त गर्दछन् ।"
6,10,10,"यहाँका हिन्दुहरू बुद्धलाई आफ्नै देवता मानी पूज्छन्‌, बौद्ध दर्शनका अनुयायी
"
6,7,8,फुर्बा : ल अब तिम्रो पालो हरि ।
6,2,3,निकाल्न सकेनन्‌ ।
6,7,8,यो अश्यास पालैपालो सबै विद्यार्थीहरूले विरन्तर गर्नुहोस्‌ ।
6,2,3,गोलार्घमा पर्दछ ।
6,7,7,"यससँगै जोडेर अर्को 225 1. 1011 लामो
"
6,8,9,यो मासंपैशी हाम्रो मुटुमा मात्रै पाइने मांसपेशी हो ।
6,7,5,१२.१.२. सप्तक परिचय (0८96 ॥
6,3,4,भएको हो सर ?
6,10,11,तेस्रो वस्तुलाई हेर्दा कुनै पनि समतलीय सतह र कुना छैनन्‌ ।
6,36,37,मिल्लरसँगको भेट र विवाह सन् १९१४ एडिसनको प्रयोशालामा आगलागी सन् १९३१ अक्टोबर १८ बिजुलीको बल्बको आविष्कार ४. ठिक भए ठिक र बेठिक भए बेठिक लेख्नुहोस् : (क) थोमस एल्भा एडिसनले तीन महिनाजति मात्र विद्यालयमा पढ्न पाए ।
6,1,1,"“झन्‌
"
6,8,9,भएकाले यस्ता साहसिक क्रियाकलाहरूको उच्च सम्भावना रहेको छु ।
6,10,10,"अति विकट र जोखिमयुक्त क्षेत्र मानिने उर्लाको धराप डाँडा सामुदायिक
"
6,6,7,योग्य नागरिक मात्र मतदाता हुन सक्छन्‌ ।
6,3,3,"रूपले मिसिरुको मिश्रण
"
6,8,8,"गुरुङहरू गुरुङ र घले भाषा बोल्छन्‌ भने मगरहरू
"
6,5,3,"१३.२.१ झ्याउरे नृत्य
"
6,8,8,"नेपाल प्रहरी, सशस्त्र प्रहरी र आवश्यकताअनुसार नेपाली सेनाले
"
6,1,1,"(घ]
"
6,46,47,"४. त्यस रङलाई कागजमाथि एक छेउमा लगाउनुहोस् | फिका सुन्तला रङ बन्छ | (ङ) गाढा प्याजी रङ बनाउने तरिका सामग्री : ड्रइङ पेपर, पोस्टर कलर वा एक्रिलिक पेन्ट्स, पेन्टिङ बुरुस, कलर प्यालेट, पानी हाल्नका लागि गिलास वा कचौरा विधि १. कलर प्यालेटमा अलिकति प्याजी रङ हाल्नुहोस् ।"
6,7,7,"पानी मेरो ठुलो गुरु पूजा गर्छु पानी
"
6,6,7,परीक्षण नली राख्ने विशेष कक्ष हुन्छन्‌ ।
6,7,8,(क) रु. 400 को 85% कति हुन्छ ?
6,4,4,"मानव संसाधन भनेको दक्ष,
"
6,4,4,"माटाका तहहरू देखिने णरी
"
6,5,6,फोहोर उठाउन आउँदा पठाउने गर्दछन्‌ ।
6,7,8,"प्रकार, शारीरिक बनावट पनि फरक फरक हुन्छ ।"
6,3,4,नगर्ने अठोट लिनुपर्छ ।
6,6,7,उक्त ठोस वस्तुको आयतन पत्ता लगाउनुहोस्‌ ।
6,67,67,"पक्कै पनि भलिबल, mead, क्रिकेट, कबडडी, खो खो आदि खेलहरू Gest | यसबाट फुर्सदको समयको सदुपयोग गर्न तथा मनोरञ्जन प्राप्त हुन्छ | खेलसामग्री प्रयोग गरेर र सामग्रीबिना पनि खेल खेल्न सकिन्छ | यस्ता खेलबाट शारीरिक, मानिसक तथा संवेगात्मक विकास हुन्छ | ८.१ भलिबल खेलका आधारभूत सिपहरू (Basic skills of volleyball game) भलिबल खेल छछ जनाको दुई समूहबिच बललाई भुइँमा wet नदिई खेलिने एउटा रमाइलो खेल हो ।"
6,1,1,"जसमा
"
6,12,12,"काहीँ विभिन्न किसिमका खेलहरू खेल्छु र कति खेलहरू रङ्गशाला, टिभी र कम्प्युटरमा
"
6,5,6,सम्पदा सूचीमा सूचीकृत गरेको छ ।
6,10,11,मानसिक रूपमा स्वस्थ व्यक्तिका विशेषताहरू पहिचान गरी सूची तयार गर्नुहोस् ।
6,9,10,यसरी वातावरणमा जीवजन्तुले एउटा महत्त्वपूर्ण भूमिका प्रदान णरेको हुन्छ ।
6,25,26,हेल्थ असिस्टेन्टले स्वास्थ्य जाँच गर्दा रक्तचाप उच्च भएका कारण टाउको दुखेको भन्नुभयो | उहाँले प्रशस्त मात्रामा पानी पिउन र दैनिक व्यायाम गर्न पनि सल्लाह दिनुभयो ।
6,7,7,नेपालको पूर्व पशिचम औसत लम्बाइ कति छ?
6,5,5,"(ख) गति शक्ति (616८ 0100)
"
6,7,8,2. माथिका सबै वस्तु पानीमा किन डुबेनन्‌ ?
6,1,1,"महोदय,
"
6,3,3,"उक्त बाफलाई चिस्यारुर
"
6,13,13,"तपाइँलाई सुन्न, देख्न, सुँच्न छोएको थाहा पाउन र स्वाद थाहा पाउन सहयोग गर्ने
"
6,4,4,"जनगणनाको अर्थ र विधि
"
6,16,17,ग्रहहरूको & त्यस ही: आफनै प्रकाश हुँदैन तापनि Veni ५ — यी सूर्यको प्रकाश परावर्तन क ॥
6,6,7,काँको उमालेको पानीले पखालेर राखेको थिएँ ।
6,8,8,"अनियमित वस्तुहरूको क्षेत्रफल पत्ता लगाउन ग्राफपेपरको प्रयोग गर्दा
"
6,5,5,"(क) विकास निर्माणमा सहयोग पुग्ने
"
6,11,11,"यसका लागि आफूतिर गुडेर आएको बललाई ट्रयाप गर्न गोडाको पन्जा अलि
"
6,5,5,"धरातलीय स्वरूपका आधारमा नेपालको विभाजन
"
6,6,6,"२. अभिकर्ताका स्रोतहरू (500्ा'८९ ०1 9861)
"
6,5,5,"(दुई जनाको कुरा सुनेपछि ...)
"
6,7,7,"पोलेको घाउमा तुनचुक घसे झैँ उयलाई बचवबाणले
"
6,8,9,घरमा विद्युत्‌ परिपथ बनाउन तामाका तारको प्रयोग गरिन्छ ।
6,4,4,"काटेको घाउबाट लामो समयसम्म
"
6,4,5,कलकल गरी बग्दै थियो ।
6,8,9,समाजमा बस्ने मानिसको आफ्नै किसिमको सामाजिक जीवन हुन्छ ।
6,10,10,"(लेखाचित्रमा) मा अङ्कन गर्नुहोस्‌ र ति बिन्दुहरूलाई क्रमैसँग जोडेर कस्तो
"
6,6,7,२. जनसङ्ख्या व्यवस्थापनको महत्त्व उल्लेख गर्नुहोस्‌ ।
6,10,10,"(ख) के दुईओटा प्राकृतिक सङ्ख्याहरूलाई णुणन गर्दा आउने णुणनफल पनि
"
6,11,11,"पारेका ताजा रोटी, चिउरा, चना, आलु, खिर, भुटेको मकै, हलुवाजस्ता खाजा
"
6,5,4,"चित्र न. 3.31 च्याउ
"
6,3,3,"0 न१ ला
"
6,7,7,"रातु, रतुवा, सिर्सिया, ह्दिनाथ, वाणगङ्गा, तिलाने आदि
"
6,7,8,(क) रामसँग 20 भन्दा कम रुपियाँ छ ।
6,10,10,"ताप र विद्युत्‌ सर्ने, पिटेर पातलो बनाउन सकिने, ततारुर तार
"
6,7,7,"तारादेवीले सुप्रसिद्ध प्रबल गोरखा दक्षिण बाहु प्रथम
"
6,7,8,उक्त विद्युत्‌ चुम्बकको शक्तिमा के परिवर्तन आउँछ ?
6,1,1,"शव)
"
6,11,11,"लाई उस्तै किसिमको प्रमाणिक परिमाण (मेजरिङ सिलिन्डरमा देखाउने आयतन) सँग तुलना
"
6,13,13,"बा एक्रिलिक पेन्ट्स पेन्टिङ ब्रुस, कलर प्यालेट; पानी हाल्नका लागि गिलास वा कचौरा
"
6,3,3,"दिडरका बिन्दुहरूलाईई ग्राफमा
"
6,10,10,"यसबाट के प्रस्ट हुन्छ भने हाम्रो मन र मस्तिष्क स्वस्थ
"
6,11,11,"डकुमेन्टलाई ड्लेक्ट्रोनिक रूपमा कम्प्युटरको हार्डडिस्कमा भण्डारन गर्न र स्क्रिनमा प्रदर्शन गर्न
"
6,9,9,"(क) दुवै रेखाखण्डहरूलाई दुवैतिर सिधा लम्ब्याउँदा & 2 रि
"
6,3,4,लम्बाइ 411 लेखिन्छ ।
6,5,5,"सामूहिक कार्य : व्यक्ति व्यक्ति
"
6,10,11,2. कलकारखानाबाट निस्कने फोहरहरूलाई माटोमा फाल्नाले यसको णुणमा ह्रास आउँछ ।
6,11,12,गन्ती ६ मा खुट्टा केही फद्याउँदै दुवै हातलाई दायाँ बायाँ फैलाउनुहोस्‌ ।
6,8,9,गाउँले छक्क पर्दै एक जनालाई कुरो बुभन पठाए ।
6,2,3,बनाउन सक्छौँ ।
6,9,9,"चित्र द्विआायामिक (४० 01116151019]1) आकृति हो भने मूर्ति त्रिआायामिक
"
6,12,13,कसै कसैमा पाँचौँ दिन र कसै कसैमा सातौँ दिनसम्म पनि रगत बगिरहन्छ ।
6,3,4,सरेको देख्नुभएको छ ?
6,9,9,"(घ) पंक्षी वर्गका जीवको मुटुमा कतिओटा कोठा हुन्छन्‌ |
"
6,10,11,सामाजिक नियम मान्नु हामी सबैको नैतिक जिम्मेवारी र दायित्व हो ।
6,4,4,"(अ) व्यापार (आ) कृषि
"
6,5,5,"उ लाई प्रतिशतमा लेख्नुहोस्‌ :
"
6,8,8,"(अ) पारो तरल अवस्थामा रहने धातु हो |
"
6,4,4,"प्रयोगात्मक तथा परियोजना कार्य
"
6,3,3,"विद्यत्‌ र पुल्तकाम
"
6,9,10,सुगौली सन्धिपछि तेपालको आन्तरिक मामिलामा विदेशी हस्तल्लेप बढ्त थाल्यो ।
6,7,8,के यी सब कर्महरू स्वास्थ्यका लागि हुन् ?
6,10,11,"किनाराहरूको सङ्कख्या 12 भरुमा कुनाको सङ्ख्या कति हुन्छ, पत्ता लगाउनुहोस्‌ ।"
6,12,13,36 र 90 ले निःशेष भाण जाने सबैभन्दा सानो सङ्ख्या पत्ता लगाउनुहोस्‌ ।
6,2,3,अभिनय भनिन्छ ।
6,17,18,पत्ता लगाउनुहोस् | परियोजना कार्य 1_ 1 भिन्नहरू त्र ३ लाई भिन्न स्ट्रिपको प्रयोगबाट कसरी जोड्न सकिन्छ ?
6,5,6,बुबाको जस्तै नीति लिएका थिए ।
6,13,13,"सन्‌ 1960 मा वैज्ञानिकहरूको सम्मेलनबाट विकास भरुको नापको प्रणाली नै रस्‌. आर्ड, प्रणाली
"
6,2,2,"हाम्रो भनाइ
"
6,13,14,"तपाईँको घर वा छिमिकमा कै कस्ता काम भइरहेका हुन्छन्‌, ती कामहरूको सूची बनाउनुहोस्‌ ।"
6,3,3,डृन्सर्ट अबोभ (॥
6,1,1,"द्वन्द्व
"
6,5,6,लगाउनुहोस्‌ र कक्षामा प्रस्तुत गर्नुहोस्‌ ।
6,2,2,"त्यसैले विभिन्न
"
6,32,33,"गुडेको गाडी ठोक्किरुर भन्दा तीव्र गतिमा गुडेको गाडी ठोक्किर्र हुने दुर्घटना धेरै क्षतिपूर्ण हुन्छ | विचारणीय प्रश्नहरू 1. बिस्तारै गुडेको गाडी र तीव्र गतिमा गुडेको णाडी ठोक्किँदा कुन बढी क्षति हुन्छ, किन ?"
6,4,4,") र (0) ठिक
"
6,9,10,"छुट्टाछुट्टै लम्बाइ, चौडाइ पत्ता लगाउनुहोस्‌ र प्रत्येकको क्षेत्रफल निकाल्नुहोस्‌ ।"
6,5,6,जस्ता पुस्तकहरू प्रकाशित गरेका थिए ।
6,6,6,"हावा बढी भएमा पनि माटाको मूर्ति
"
6,9,10,"“हुन्छ गुरुआमा, तर आज हामी कहाँ जाने नि गुरुआमा ?"
6,8,9,(ङ) छायाको साइज कुन अवस्थामा ठुलो बनाउन सकिन्छ ?
6,4,5,सामाजिक अध्ययन तया मानवमूल्य ।
6,2,2,"खेतको तिर्खा
"
6,12,13,यस्तो प्रथामा विश्वास गर्दा बिरामीको उचित उपचार नभई मृत्यु पनि हुन सक्छ ।
6,11,11,"1. रुक जना विद्यार्थी दैनिक रूपमा लामो समयसम्म मोबाइलमा कार्टुन हेर्ने
"
6,17,18,"हामीले दैनिक रूपमा खाने भात, दाल, तरकारी दुध र दही तथा फलफूल नै सन्तुलित भोजनका उदाहरण हुन् ।"
6,12,13,(वाक्य प्रश्न नगरी सामान्य अवस्थामा टुङ्गिँदा प्रयोग हुने) (ख) प्रश्नवाचक चिहन : ?
6,6,7,जुसपाइ्प वा छ्वालीका टुक्राहरू मिलाई जोड्नुहोस्‌ ।
6,7,8,भौतिक रूपमा मिलेर बनेको पदार्थलाई मिश्रण भनिन्छ ।
6,6,7,"५, अक्षांश र देशान्तरबिच भिन्नता छुट्याउनुहोस्‌ ।"
6,3,4,जलिरहने मालिकाकी आमा ?
6,6,7,मार्केन्सिया पावल वा) आदि ब्रायोफाइट्स हुन्‌ ।
6,4,5,पनि प्रकाशित गरेका थिए ।
6,8,9,२. मिथिला क्षेत्र वर्तमान नेपालको कुन भागमा पर्दछ ?
6,7,7,"पृथ्वीको उत्तरतिरको भागमा उत्तरी धुव्र र 0240
"
6,8,8,"सहकार्य १ एक काथ सिलेर कास गर्ने प्रक्रिया
"
6,5,6,दुर दुई जनाको समूहमा बस्नुहोस्‌ ।
6,6,7,यी ढुवैमा रुउटै प्रकारको चाल छ ?
6,1,2,सिसाक्तलम ।
6,10,11,६. माथिको कथा पढी एक अनुच्छेदमा उक्त कथाको सन्देश लेख्नुहोस्‌ ।
6,12,12,"स्टिलमा ध्वनिको वेग लगभण 5200111/9 हुन्छ, पानीमा ध्वनिको वेग लगभण 1500111/9 हुन्छ
"
6,9,9,"श्रीमान्‌ सभाध्यक्ष, निर्णायक मण्डल, गुरुवर्ग र सम्पूर्ण विद्यार्थी साथीहरूमा
"
6,8,8,"तबलाको बोल राखेर बनेको यस्तै अर्को ताललाई कहरवा
"
6,15,16,"290 गरिमाले मनभरि कुरा खेलाउँदै बिस्तारै पाइला चालिरही, “साच्चै मालिकाले अब मलाई माया गर्दिन त ?"
6,1,2,हुने ।
6,7,7,"शक्तिको रूपान्तरण नहुने भर हामीलाई के कस्ता
"
6,5,5,"पृथ्वीको संरचना (51110112 0 एका)
"
6,36,37,"पत्ता लगाउनुहोस् | | १०५ क्षेत्रमिति (Mensuration) दुरी (Distance) तलका प्रश्नहरूका बारेमा छलफल गर्नुहोस् : (क) तपाईँको गणित पुस्तकको लम्बाइ र distg, डेस्कको लम्बाइ, चौडाइ र Sug तथा कक्षाकोठा र विद्यालयको कार्यालयबिचको दुरी कति कति होला ?"
6,7,7,"स्क्रिनको दायाँतिर खोजेको सफ्टवेयर वर्ड (५/00) को
"
6,9,9,"घरनजिकै खेतबारी, बजौँचा वा पानी बण्ने ठाउँनजिकै रहेका बोटबिरुवाको
"
6,12,12,"कु रू कुक खु (अंश र हर दुवैलाई 2 ले गुणन गर्दा)
"
6,9,10,(ण) वातावरणअबुसार शरीरको तापक्रम घटबढ हुने जनावर कुन हो ?
6,6,7,दृष्टिले पनि नेपालीहरूमा विविधतामा एकता पाइन्छ ।
6,2,2,"नाइट्रोजन, अक्सिजन,
"
6,115,116,"सामात्यतया कोलाज बताउँदा तिम्तलिखित चरणहरू प्रयोग गर्व सकिन्छ : (क) बाक्लो कागज वा प्लाइउड वा कपडा वा कार्डबोर्डमा चित्र कोर्ने (ख) कोरिएको चित्रमा गम वा फेबिकोलको सहायताले गेडागुडी, सिसाका टुक्रा, बालुवा, कागजका टुक्रा, काठ, कपाँस, काठ आदि मिलाएर टाँस्ने (ग) केही बेर सुक्न दिने र उपयुक्त स्थानमा राख्ने (घ) तयार भएको कोलाज प्रदर्शन गर्ने Re स्वास्थ्य, शारीरिक तथा सिर्जवात्मक कला कक्षा ६ बाक्लो कागज लिवुहोस् र आफूलाई मर्ते पर्वते बिरुवा बा HA aT Ae aT जवाबरको चित्र कोर्दुहोस् | कोरिएको चित्रमा उपयुक्त वस्तु wale गरी टाँ्नुहोस् | आवश्यकता ATT STAB वस्तुमा उपयुक्त रङ लगाई सुक्न दिनुहोस् र तयार भएको कोलाजलाई कक्षामा प्रदर्शत THT | कोलाज रचनाका लागि कुनै निश्चित सामग्री ७० नै चाहिन्छ भन्ने छैन ।"
6,8,8,"सक्षम र दक्ष जनशक्ति प्रशस्त भएमा स्थानीय स्रोतसाधनको
"
6,2,2,"यस्ता चाडपर्वले
"
6,10,10,"भाव, अम्बा, ज्वाला, भव्य, बाकस, बन्चरो, स्वाद, अविनाश, कविता, वकिल,
"
6,103,104,"गोडा नाघ्ने अनि गोडा फाटने र जोड्ने विद्यार्थीबिच समन्वयको आवश्यकता पर्दछ | दवै विद्यार्थीबिच समन्वय नमिलेमा गोडा कूल्चिने र लड्ने सम्भावना भएको हुँदा होसियारीपूर्वक बन्द, खोल <TH खेलको अभ्यास गर्ने गर्नुपर्छ | विद्यार्थी efter चार समूहमा विभाजन गरी ताँतीमा क्रमबद्ध उभिनुहोस् | सर्वप्रथम चित्रमा देखाएजस्तै गरी एकभन्दा थोरै उफ्रिएर दुवै खुट्टा एकसाथ टाढा aA र दुइभन्दा थोरै उफ्रिएर एकसाथ दुवै खुट्टा एकै ठाउँमा ल्याउनुहोस् | 14 देखि २० पटक उफ्रते अभ्यास गरेपछि केही AAT आराम गरी TA: THAT HART THT | ढक स्वास्थ्य, शारीरिक तथा सिर्जवात्मक कला कक्षा ६ विद्यार्थीहरू दई दुई जवाको समूहमा ७७ ||) | विभाजव हुनुहोस् | दुई जवामध्येएक AN ।"
6,7,8,बुबा : ल छोरीलाई धेरै धेरै शुभकामना ।
6,16,17,"220 यहाँ 3207 को णुणनखणड 3, %, ४ र 29 को णुणनखण्ड 2, %, ४ छन्‌ ।"
6,3,4,यिनीहरूलाई विच्छेदक भनिन्छ ।
6,3,4,प्रोग्रामको प्रयोण गर्नुहुन्छ ?
6,5,6,सबैभन्दा राम्रो कथा कसको रहयो ?
6,5,6,भएका स्थानीय तहलाई नगरपालिका भनिन्छ ।
6,8,8,"फो 0 ५9 0४४ 00) ५9 0४ ४
"
6,6,6,"सागाजिक अध्ययन तघषा माननमूल्य शिक्षा कम्चान्
"
6,2,3,पनि सक्छ ।
6,16,17,(अ) ठोस (आ) तरल (ड) vate (ई) ठोस र vate (ख) ध्वनिको गति हावामा कति हुन्छ ?
6,4,4,"कुनै पनि रेखाचित्र द्विआायामिक
"
6,9,10,गर्दा फाइल खुल्छ र पुनः त्यसमा काम गर्न सकिन्छ ।
6,1,2,किवाकताप ।
6,9,10,(ट) छपाइ र कोलाजले कलाको विकासमा कसरी योगदान पुग्याउँछन्‌ ?
6,10,11,"(ङ) (1410702 ०"" 49)207) - 7])“07 (च) (364::292-- 18102£292) ५ 92०५
"
6,10,10,"योगदान गरे पनि त्यसको जति फल प्राप्त हुन्छ त्यसमा सन्तृष्ट
"
6,5,5,"पाठ १ समाज र समुदाय
"
6,136,132,"my TTT mm ce eee eb te a ue | ० 1 2 3 4 5 6 हु 1 inch (in) = 2.54 centimeter (cm) १०६ | FIRS टेपले कक्षाकोठाको रुउटा भित्तादेखि अर्को भित्तासम्मको दुरी क्रमशः foot (ft), centimeter (cm), meter (11) र inch (in) रुकाइमा नाप्नुहोस् र प्रत्येक फरक VHA नापिरुको मानलाड रुकआपसमा तुलना गणरेर हेर्नुहोस्, जस्तै : cm मा नापिरुको दुरीको मानलाई ft, 11 र inch मा नापिरुको दुरीको मानसँग तुलना गर्नुहोस् | छलफलका आधारमा ft, cm, m र in को सम्बन्धबारे छलफल INT निष्कर्ष लेख्नुहोस् | 1 inch (in) = 2.54 centimeter (cm) 1 foot (ft) = 30.48 centimeter (cm) 1 meter (m) = 39,37 inch (in) 1 meter (m) = 3.28 foot (ft) 1 foot (ft) = 12 inch (in) मेजरिङ टेपले साथीको उचाइ foot रुकाड्डमा नाप्नुहोस् ।"
6,5,6,केही साथीहरू खेलमा रुचि राख्छन् ।
6,4,4,"स्वास्थ्यको दृष्टिले उपयुक्त हावापानी
"
6,3,4,ठन्डा हावापानी पाइन्छ ।
6,9,10,ee ey eT TE TE TA EERE ET TT ।
6,11,12,"व्यक्ति, स्थान, वस्तु, प्राणी, समूह, भाव आदि बुझाउने शब्द नाम हुन्‌ ।"
6,6,6,"उनलाई रु. 50 घाटा भरको छ
"
6,4,4,"तपाइँको ससूहले लेखेका बुँदाहरूका
"
6,10,11,प्रकृतिमा निःशुल्क पाइने स्रोत र साधनलाई प्राकृतिक स्रोत साधन भनिन्छ ।
6,57,57,"लम्बाइ नाप्ने VY आई, रुकाइ मिटर हो | मिटरभन्दा साना वा ठुला रुकाइ पनि हुन्छन् | मिटरभन्दा साना तथा ठुला रुकाइ र तिनीहरूको सम्बन्ध यसप्रकार रहेको छ | 10 मिलिमिटर (mm) =1 सेन्टिमिटर (cm) 10 cm=1 डेसिमिटर (dm) 100 cm = 1 मिटर (m) 1000 m = 1 किलोमिटर (km) उदाहरण 1. 2m50cm मा कति cm हुन्छ?"
6,25,26,"उनले हाँस्दै भने, “यसरी बेकारमा समय र श्रम खर्च गर्नु त मूर्खता होइन र, हजुरबुबा 7 यति पाको उमेरमा पनि यस्तो काँचो बुद्धि कसरी आएको ?"
6,6,6,"शाकुन्तल, सुलोचना, वनकुसुम, महाराणा प्रताप आदि
"
6,3,3,"प्रधानमन्त्रीदेखि सैनिक उच्च
"
6,6,6,"(ख) 11911161141105 शब्दमा भरुका अक्षरहरूको समूह
"
6,14,12,"(घ) 584- 324 70 (ङ) 39 ० 40 २ 5९ (चौ -8092:4-5102--002
"
6,1,2,गरौँ ।
6,11,11,"शिक्षकले यो युद्धको पृष्ठभूमि र युद्धका गतिविधि सम्बन्धमा विद्यार्थीहरूसँग छलफल पनि
"
6,4,5,प्रदर्शन णरेको देख्नुभएको होला ।
6,10,11,/ tT TTT 7 EE ET TE EE EE TINY ।
6,6,6,"कौडा : गुरुङ समुदायमा नाचिने नाच
"
6,3,3,"तसर्थ 412, “1400
"
6,8,9,11 बजे 12 बजे |1 बजे |2 बजे ।
6,81,82,"उदाहरणका लाणि माथि चित्रमा कोलम A मा 1 र 2 लाई भरेर अन्य कोठामा किबोर्डबाट टाइप नणरी क्रमैले 10 सम्म सङ्ख्या भरिरुको छ | यसका लाणि पनि माथि गरे जस्तै सुरुको कोठामा 1 भर्ने, त्यसपछि उक्त कोठाको दायाँपदिट तल्लो कुनामा भरुको सानो वर्णमाथि माउस पोडइन्टर लैजाँदा धन fest (5) देखिन्छ | उक्त fuer आरुपछि किबोर्डबाट कन्ट्रोल बटन (ctrl) थिच्दा अर्को सानो धन चिह्न देखिन्छ | अब माउसको क्लिकसँगै कोलममा तलतिर gant (drag) गर्नुहोस् | जहाँसम्म डाटा भर्नुपर्ने हो, त्यहाँनिर माउस छोड्नुहोस् ।"
6,25,26,तपाइँको स्थावीय स्तरमा हुने साहसिक क्रियाकलापबारो आफ्ना अभिभावक वा छिमेकीहरूसँग छलफल गरी प्राप्त तिष्कर्षलाई कक्षामा साथीहरूलाई सुवाउनुहोस् | पदयात्रा हाम्रो देश प्राकृतिक सौन्दर्यले भरिपूर्ण छ ।
6,2,3,"अबश्य ; निश्चय
"
6,3,3,"(ख) विदुर कुरौटे
"
6,2,2,"मस (१055),
"
6,22,22,यसप्रकार कुनै वस्तु कम्पन हुँदा माध्यममा शक्ति प्रसारण हुने प्रक्रियालाई तरङ्ण भनिन्छ | क्रियाकलाप 7.21 रुउटा स्टिलको थाल र चम्चा ल्याउनुहोस् ।
6,3,3,"गोडाफाटका बेलामा हामीले
"
6,10,10,"(घ) कुनै पनि सङ्ख्यालाई प्राकृतिक सङ्ख्याहरूले क्रमशः णुणन गर्दा आउने
"
6,2,2,"यसले शरीरलाई
"
6,6,6,"समूहमा छलफल गरी तलका प्रश्नहरूको उत्तर
"
6,8,9,खेलिने भएकाले यसलाई ट्र्याक एन्ड फिल्ड पनि भनिन्छ ।
6,7,8,"१. पृथ्बी एउटा ग्रह हो, पुष्टि गर्नुहोस्‌ ।"
6,8,9,उनीहरू मालिकालाई पनि त आफ्नै छोरी जस्तो गर्थे ।
6,14,14,"(क) ३, 5 भन्दा सानो छ | (ख) 4 भन्दा ४-3 ठुलो छ ।"
6,7,7,"सूर्यबाट धेरै टाढा भरुकाले यो धेरै ६.
"
6,9,11,5011 लम्बाइ र 3011 चौडाइ भरुको काणजको क्षेत्रफल ......... हुन्छ ।
6,2,3,हुन्छ होला ?
6,3,3,"जो हक)"" छ
"
6,7,7,"हाम्रा आर्थिक क्रियाकलाप : सेवा र व्यापार
"
6,9,10,"[..., ...) (घ) जसले मह काढ्छ, उसले हात ASB ।"
6,13,14,"२. शारीरिक रूपमा स्वस्थ व्यक्ति मानसिक रूपमा उत्सुक, जागरुक, लगनशील तथा खुसी हुन्छन् ।"
6,7,7,"वातावरणीय प्रदुषण हुने वस्तुहरूको उपयोण न्यूनीकरण गर्ने
"
6,8,9,(ख) भूमिलाई कित आर्थिक ग्रोतका रूपमा लिइएको हो ?
6,5,6,8 को मान 7 हुन्छ ।
6,2,2,"चित्रमा डाटा
"
6,11,11,"४. अभ्यास ३ मा प्रयोग नभएका अन्य दशओटा अनुकरणात्मक शब्द टिपोट
"
6,9,9,"विषय ($0101९०) अङ्ग्रेजी | विज्ञान तथा | सामाजिक अध्ययन
"
6,3,3,"जन्मदर मृत्युदर बसाइँसराइ
"
6,8,9,उहाँले नम्रतालाई कक्षाका सबै जना साथीहरूलाई बोलाउन भन्नुभयो ।
6,7,8,हातहतियारबिनै नेपाली फौजले वीरता प्रदर्शन गरेका थिए ।
6,7,7,"गरेका कामलाई वा अन्य ठाउँबाट कम्प्युटरमा ल्यारका
"
6,5,6,सुची बनाई कक्षाकोठामा छलफल गर्नुहोस्‌ ।
6,6,7,यहाँ रङ्ण्याड्रटको भागलाई 4 ले जनाइन्छ ।
6,1,2,"जन्मस्थान -
"
6,10,10,"२. तलका शब्द तथा अर्थ पढेर वाक्यमा प्रयोग गर्नुहोस्‌ :
"
6,10,11,"चलाउने, रुने, कराउने आदि क्रियाकलाप गन्यो भने त्यसलाई जन्म भनिन्छ ।"
6,2,3,रोक्न सकिन्छ ।
6,4,4,"किराती संस्कारअनुसार सुसम्पन्न हुने
"
6,1,2,"- मूलपा
"
6,2,2,"रिसले मुर्मुरिन्‌
"
6,178,173,) ar “ X=6 3 | १५३ 1. da guar प्रत्येक समीकरणहरूको बराबरी तथ्यहरू प्रयोग णरी हल गर्नुहोस् : (क) x+4=5 (@u+2=8 (ग)£-951 (घ)१-559 (ङ) 10-x=3 (च) 13-x=2 (छ)3%-5 12 (ज) 9x + 2 = 20 (फ) Ix-3=41@ > 55 © © =4 छड +1=8 2 ५ 48 _ _ 8B पु (ड) त्र -351 (ढ) — ५12 (ण)27-2053 (त) पर 1357 2. तल दिइरुका प्रत्येक अवस्थामा समीकरण बनाई हल गर्नुहोस् : (क) 2 मा x जोड्दा योगफल 7 हुन्छ | (ख) $मा 5 जोड्दा योणफल 9 हुन्छ | (ण) ४ 413 घटाउँदा बाँकी 7 हुन्छ | (घ) 15 बाट ४ घटाउँदा बाँकी 11 हुन्छ | (ङ) 3 ले ४ लाई णुणन गर्दा णुणनफल 18 हुन्छ | (च) 2 ले]: लाई णुणन गरी 5 जोड्दा योगफल 2] हुन्छ | (छ) x लाई 6 ले भाग गर्दा भाणफल 6 हुन्छ | (ज) ४ लाई 9 ले भाग गरी 5 जोड्दा योणफल 12 हुन्छ | (झ) x को रुक तिहाइमा 7 जोड्दा योगफल 25 हुन्छ | (ञ) x को रुक चौथाइबाट 3 घटाउँदा बाँकी ?
6,4,4,"त्यसपछि विभिन्न सन्दर्भ सामग्री,
"
6,3,4,बित्यामा नराम्रो भयो ।
6,11,11,"नेपालको विकासमा मित्रराष्ट्र तथा सङ्घसंस्थाले पुन्याएको योगदानका केही उदाहरण हेरौं :
"
6,5,5,"(ण) हक 1) (घ) 2१
"
6,6,6,"तर भोलिपल्ट फलाम पिटैको र काठ
"
6,9,10,सम्झने क्षमता बढाउनका लागि आवश्यक पोषक तत्त्व पनि दिन्छ ।
6,22,23,"हाँस्न SH मेरो गरिबीमाथि, आखिर म सहनै जन्मिएकी ees, सहिदिन्छु | यिनीहरूलाई गरिबीको पीडा कति कठोर हुन्छ, कति दुःखदायी हुन्छ, के थाहा ?"
6,8,8,"कूनै पनि कार्य गर्नका लागि हामीलाई बलको आवश्यकता
"
6,3,4,आरोग्यतासँग सम्बन्धित छु ।
6,2,3,साँघुरो हुन्छ ।
6,5,5,लाणि माइक्रोसफ्ट पावरपोइन्ट (८105 २०४४७०।
6,6,6,"उदाहरणका लाणि लिथियम, सोडियम, पोटासियम आदि
"
6,10,11,तल दिइरका सङ्ख्या तालिका भर्नुहोस्‌ र छलफल गरी निष्कर्ष लेख्नुहोस्‌ ।
6,6,7,कपाकप खाउ अनि घुम्न पनि जाऔँला ।
6,6,6,"प्रीतिओज : २०७८ वेशाख २९ गते
"
6,9,10,दुःख र गर्नुपरेका सङ्घर्षलाई यस गीतमा अभिव्यक्त गरिएको छ ।
6,2,2,अर्धव्यास (२॥
6,12,12,"6. रुउटा विद्यालयमा प्रत्येक 45 मिनेटको अन्तरमा घन्टी बजाड्रन्छ भने 3 घण्टामा
"
6,2,2,"श्रीमान्‌ प्रधानाध्यापक,
"
6,7,8,खनिज सम्पदा प्राकृतिक स्रोतमध्येको महत्त्वपूर्ण स्रोत हो ।
6,7,7,तरिका 2 : रूढ खण्डीकरण विधिबाट (र।
6,72,72,"(ङ) जम्मा मूल्य = वस्तुको रुकाइ मूल्य x वस्तुको सङ्ख्या हुन्छ | 2. तलको अवस्थामा जम्मा मूल्य निकाल्नुहोस् : वस्तुहरूको सङ्ख्या रुकाइ मूल्य | १०१ 3. तलको अवस्थामा रुकाइइ मूल्य निकाल्नुहोस् : वस्तुहरूको सङ्ख्या जम्मा मूल्य 4. रुउटा फुटबलको मूल्य रु. 1275 पर्दछ भने 4 ओटा फुटबलको मूल्य कति पर्ला, पत्ता लगाउनुहोस् | 5. रुउटा कर्मचारीको रक महिनाको तलब रु. 35,000 छ भने रुक वर्षको जम्मा तलब कति होला, पत्ता लगाउनुहोस् ।"
6,2,2,"ई [00०5)
"
6,6,7,(ग) कमलेश पासवान कति वर्षको छ ?
6,10,10,"2. सामान्यतया अधातुहरू धातु (अपवाद हिरा) भन्दा नरम हुन्छन्‌ |
"
6,5,5,"(ख) सुम्निमा बेहुलाका बाजे (हजुरबुबा)
"
6,38,39,अतः शक्ति नत उत्पन्न हुन्छ नत विनाश हुन्छ | यसलाई शक्ति संरक्षणको सिद्धान्त (law of conservation of energy) भनिन्छ | दैनिक जीवनमा हामीलाई विभिन्न रूपमा शक्तिको आवश्यकता पर्दछ | कहिले स्थिति शक्ति चाहिन्छ भने कहिले गति शक्ति चाहिन्छ ।
6,5,5,"सबै कार्यक्रम नसकिएसम्म नजाने हैं
"
6,5,6,टाँसिएर यसको स्वरूप पूरा हुन्छ ।
6,14,15,प्रभाव अध्ययन हुनु जरुरी हुन्छ | हामीले प्रयोग गर्ने रासायनिक पदार्थ हानिकारक हुन सक्छन्‌ ।
6,2,2,"सूचना प्रविधि
"
6,10,11,"५, नगरसभा र नगर कार्यपालिकाको समानता र भिन्नता तालिकामा देखाउनुहोस्‌ ।"
6,11,12,अलिकति योगदान गर्नु र थुप्रै फाइदा खोज्नु गलत चरित्रको उदाहरण हो ।
6,6,6,"जङ्गली देश बेपारी भेष सङ्ककट सहेर
"
6,8,8,"यस पाठमा बाल क्रियाकलापमा संलग्न संस्थाहरूको सामान्य जानकारी
"
6,1,1,८€%०००।
6,5,6,त्यसको छाया भित्तामा देखिने छ ।
6,8,9,हामीले आकाशमा बिजुली चम्केको केहीबेरपछि मात्र गड्याङणुडुङ सुन्छौं ।
6,6,6,"नेपाली, कक्षा ६ 0 0 लल,
"
6,13,14,"यस्ता तरल पदार्थ माना पाथीले नापिन्थ्यो तर आजभोलि लिटरको प्रयोग गरिन्छ, किन होला ?"
6,12,12,"गर्न सकिन्छ, प्रयोणकर्ताबाट पारुको डाटा र निर्देशनका आधारमा उपलब्ध हुने प्रोग्रामको मदतले
"
6,4,4,"शा ईश) 120 402
"
7,4,5,तालमा बजाएर गाउन सकिन्छ ।
7,6,7,(ग) किसानलाई के कूराको ज्ञान हुनुपर्छ ?
7,2,2,"समाजले ओग्दै
"
7,8,8,"सागाजिक अध्ययन तमा समात्न मूल्य शिक्षा कममा छ
"
7,7,8,कुनै एक तयार पारी कक्षामा प्रस्तुत गर्नुहोस्‌ ।
7,4,5,नै ज्येष्ठ नागरिक हुन्‌ ।
7,7,7,"कि बिरुवाले पनि सास फेर्दा कार्बन डाइअक्साइड
"
7,40,41,"तीमध्ये कतिपय जनावर र वनस्पतिहरू निकै साना पनि हुन्छन् | तिनीहरूलाई सृक्ष्मदर्शक यन्त्रको सहायताले मात्र देख्न सकिन्छ | केही सजीवहरू निकै ठुला हुन्छन्, जस्तै : वर, पिपल, ब्लुह्वेल आदि | बिरुवाहरू केही फूल फुल्ने र केही फूल नफुल्ने किसिमका हुन्छन् ।"
7,5,5,"त्यसैले सबै प्रकारका यौनिक परिचय
"
7,5,5,"छ, छी जज हक जु
"
7,15,16,' भन्ने कवितांशको उत्तर खोज्न मन लाग्यो | म र सहयात्री साथीहरू कालीको बगरतिर झर्यौ ।
7,5,6,(क) जसको योगफल -३ हुन्छ ।
7,8,9,| | कुन अवस्थामा स्थानान्तरणको ATT AUCH हुन्छ ?
7,3,4,असर गरिरहेको छ ।
7,6,7,यो महिला अधिकारको एक उदाहरण हो ।
7,7,8,"अत: “2२00 5 1260 र ८१0१ - 54”
"
7,4,4,"भ्राषिक संरचना र बर्णविनत्यास
"
7,9,9,"साझा गुणनखण्डहरू 5 545 5 25 खारटिट कन डि
"
7,8,7,"6.6 कार्य र सामर्थ्य [०11८ 910 70४९)
"
7,11,11,"खेती गर्नाले, आकाशबाट पानी पर्दा र हावाहुरीको कारणबाट पनि बर्सेनि ठुलो
"
7,29,29,"गणित कक्षा ७ 6. farqee 1(-4, 4), K (4, 4), L(4, -4) र | एउटा वर्गका शीर्षबिन्दुहरू हुन् भने, (क) दिइएका बिन्दुलाई लेखाचित्रमा अङ्कन गर्नुहोस् | (ख) बिन्दु ।"
7,8,9,का सबै सदस्यहरू लिएर बनाइएको उपसमूह कुन हो ?
7,20,21,"कम्प्युटर र इन्टरनेटको प्रयोगसम्बन्धी नियमहरू ]. आफो व्यक्तिगत विवरणहरू जस्तै : नामथर, जन्ममिति, उमेर, मोबाइल नम्बर आदि नचिनेको व्यक्तिलाई दिनुहुँदैन ।"
7,21,21,"3.14 भन्नाले यो एक अचर मान हो यसलाई ग्रिक अक्षर 'ग' ले जनाइन्छ | Cc अत: ०5१ aa, war ७ ।"
7,10,11,एउटा घनाकार चाँदीको टुक्काको पूरा सतहको क्षेत्रफल 150 012 छ ।
7,7,8,(क) कविताका एक हरफमा कति अक्षर छन्‌ ?
7,2,2,"यस प्रक्रियामा
"
7,7,7,"नेपालमा तयार भएका कलाकृतिहरू विदेशमा समेत निर्यात
"
7,2,2,"त्यसले चोटपटक
"
7,5,5,"उक्त फलफूल बढीमा कति जनालाई
"
7,10,10,"७ जुन रेखाका आधारमा परावर्तन गरिन्छ, त्यस रेखालाई परावर्तनको अक्ष
"
7,12,12,"नाचिने भ्याउरे, ख्याली, चुटका, मारुती, धात नाच, तामाङ सेलो, बालन, सराय, सोरठी,
"
7,4,4,"वश बश वर्षको समूह
"
7,10,11,समुदायको गाउँ बा टोलमा घटेका घटना वा का खोजी गर्नुहोस्‌ ।
7,16,11,"१७० [(-3) -"" (-2)] 5 (-6) ० (3) -"" [-56)२ (-2)
"
7,11,11,चित्र 10.16 चद्टानमा पाइएको सुन (ग) यो निष्क्रिय धातु हो ।
7,12,13,"बर्खा लागेपछि त्यस ठाउँमा डुङ्गा चल्दा रहे नेपाली, कक्षा ७ a नछन् ।"
7,8,8,"सागाजिक अध्ययन तघा मानब मूल्य शिक्षा; कमा छ
"
7,4,5,गर्ने भन्ने कुरा सिकाउँछ ।
7,5,6,|(ख) उसले पूजालाई फूल टिपी ।
7,4,5,यसले व्यक्तिलाई उत्प्रेरित गर्छ ।
7,5,6,"सङ्ख्या 6 हुन्छ, पत्ता लगाउनुहोस्‌ ।"
7,9,10,"१२ ५ 3274 922 (ज 422 - 620/ "" 902
"
7,22,23,"हावाका माध्यमबाट सर्ने रोगका सम्वन्धमा तलको संवाद पढौँ र बुझौँ गुरुआमा : तपाईंहरूले बाटामा हिँड्दा यत्रतत्र फोहोर फालेको, दिसापिसाब गरेको देख्नुभएको छ ?"
7,7,8,"(ख) दम, टनतसिल आदि रोग लाग्नबाट बचाउँछ ।"
7,5,6,आवश्यक पौष्टिक तत्त्व प्राप्त हुन्छन्‌ ।
7,5,6,मन्तव्य लेखी कक्षामा प्रस्तुत गर्नुहोस्‌ ।
7,7,8,(क) स्थिर विद्युत्‌ बल भनेको के हो ?
7,11,11,"सुरक्षित यौन व्यवहारले व्यक्तिको व्यक्तित्व विकास तथा स्वास्थ्य र सामाजिक प्रतिष्ठामा
"
7,10,11,(क) दिइएका कथन र तर्कहरू अध्ययन गरी ठिक विकल्प छान्नुहोस्‌ ।
7,4,4,"रितु ग्रात्‌ रिक्त क्र्क्त
"
7,33,33,"यसलाई लिपिमा जनाउनलाई शून्य दिइन्छ, जस्तै : ० १२.२ गायन (Singing) कुनै पनि विषयवस्तु, घटनाक्रम र भोगाइका भावहरू अथवा राष्ट्र, राष्ट्रियता, धर्म, संस्कार, संस्कृति, विभिन्न चाडपर्वमा गरिने क्रियाकलापलाई गायनद्धारा अभिव्यक्त गर्ने गरिन्छ ।"
7,10,10,"विपक्षीले सर्भिस गरेको बल हानेर तीन पटकसम्म पास गरी सर्भिस
"
7,7,5,"(क) [[77) ० छ) «(-62[-3)
"
7,8,8,"चन्द्रमाको उज्यालो भाग र यसको आकारमा देखिने फरकपनालाई
"
7,5,6,प्रत्येक प्रदेशमा प्रदेश व्यवस्थापिका रहन्छ ।
7,7,7,"खुला प्रकृतिका सफ्टवेयरहरू वेबसाइटबाट डाउनलोड गरी 1111]
"
7,55,56,"यस्ता विभिन्न किसिमका जराले गर्ने कामलाई निम्नानुसार उल्लेख गर्न सकिन्छ : (अ) जराले बिरुवाका लागि जमिनबाट पानी, खनिज र पोषक तत्व सोसेर लिन्छ र काण्डका सबै भागसम्म WTS | (आ) मकैका स्टिल्ट जराले त्यसलाई जमिनमा अड्याउने काम गर्दछ | (इ) वर र पिपलका प्रप जराले रुखका ठुल्ठुला हाँगाहरूलाई जमिनतिर लच्कन नदिई अड्याएर राख्न मदत गर्छन् ।"
7,3,3,"यस किसिमका चट्टानहरू
"
7,11,12,"नेपाली, कक्षा ७ aX पाठ १४ watt सृष्टिको मूल आधार हो ।"
7,5,5,"चित्र कोर्ने काम सिद्धिएपछि भान्सामा
"
7,11,12,हिउँद क्रतुमा पश्चिमतिरबाट बहने पश्चिमी वायु आउँछ र केही पान्ती पार्छ ।
7,4,4,"(छ) निजी, व्यक्तिगत कात्रो
"
7,8,8,"चि ह्वास्थ्य शारीरिक तया सिर्जनात्सक कला कक्षा ७
"
7,5,6,(ग) यो निष्क्रिय धातु हो ।
7,2,3,र म ।
7,24,25,"हामी गफिँदै, रमाउँदै, बाटाका छेउछाउमा रहेका धारा, कुण्ड, हरियाली र विविध प्रजातिका बोटबिरुवा हेर्दै कहिले अलिअलि उकालो, कहिले सिँढी बनाइएको ठाडो उकालो उक्लिरहेका थियौँ ।"
7,2,2,"समतल सतह
"
7,15,16,कुनै वस्तु कुनै सतहमा चालमा आउँदा विपरीत दिशाबाट उत्पन्न हुने रोकावट बललाई घर्षण (friction) भनिन्छ ।
7,9,10,(ङ) उभयलिङगी जनावरभित्र पर्ने कुनै दुईओटा फाइलमको नाम लेख्नुहोस्‌ ।
7,3,4,नमुना तयार पार्नुहोस्‌ ।
7,13,12,"यस स्वरूपमा ल्याउने कार्यमा यस केन्द्रका महानिर्देशक श्री अणप्रसाद न्यौपाने, पा.डा रजनी
"
7,5,6,बुबा तिमीलाई पुस्याइदिन तयार भइसक्नुभयो ।
7,14,15,एउटा वृत्तको व्यास 14 01 छ भने उक्त वृत्तको अर्धव्यास र परिधि पत्ता लगाउनुहोस ।
7,5,6,माथिको तथ्याङ्कलाई बहुस्तम्भ चित्रमा देखाउनुहोस्‌ ।
7,2,2,"झमक्क साँझ
"
7,55,56,"सूचना तथा सञ्चारका केही साधनलाई तल चार्टमा दिइएको छ: रेडियो NN ans ल्यापटप टेलिभिजन सूचना ता _ स्क्यानर, प्रिन्टर oN सञ्चारका पत्रपत्रिका. साधनहरु इलेक्ट्रोनिक बुक रिडर किताब oA Qe टेलिफो डिजिटल क्यामेरा पह विज्ञान तथा प्रविधि, कक्षा © परियोजना कार्य तपाईँको घर, विद्यालय र नजिकको कार्यालय वरपर सूचना प्रविधिका के के साधन प्रयोग भएका छन् ?"
7,10,10,"गर्नुहुने यहाँ जस्ता आदरणीय व्यक्तित्वको सुख, समृद्धि, सुस्वास्थ्य एवम्‌ उत्तरोत्तर
"
7,8,9,"ब्यालेत्य; बेलवाकार पेत्विल छ 2 छि - _ हपकालारु
"
7,6,7,(ऐ) रागतानमा बडो ठुलो मोह हुन्छ ।
7,6,7,नानीले खाना खान के गर्ने त ?
7,8,8,"लेखन प्रतियोगितामा तिमीलाई सफलता प्राप्त होस्‌, हामी सबैको
"
7,7,7,"मूलतः सम्पूर्ण प्राणी जगतको हितमा गरिने कर्मलाई
"
7,58,59,"६. तल दिइएका शब्द पढ्नुहोस् र क्ष' र 'छ' वर्ण प्रयोग भएका चार चारओटा अन्य शब्द लेखेर कक्षामा सुनाउनुहोस् : ‘a वर्ण प्रयोग भएका शब्द अक्षर, अध्यक्ष, मोक्ष, क्षमा, वक्ष, नक्षत्र 'छ' वर्ण प्रयोग भएका शब्द छन्द, छत्र, छटा, छवि, खेल्छ, पढ्छ ७. पाठको चौथो अनुच्छेदबाट क्ष र छ वर्ण प्रयोग भएका शब्द खोजी तिनलाई वाक्यमा प्रयोग गर्नुहोस् ।"
7,5,5,"जाना जम्यास 17 डा हाडडडना
"
7,28,29,|ख) उसले पूजालाई फूल टिपी | (ग) हामी मधेस तिर साथी सँग डुल्न |(ग) हामी मधेसतिर साथीसँग डुल्न TAT गयौँ | (घ) भाइ ले इनार बाट पानी झिक्यो ।
7,8,9,"सिर्जनात्मक लेखन, हाजिरीजवाफ, चित्रकला जस्ता प्रतियोगिता हुने गर्छन् ।"
7,5,5,4. पद विच्छेदन नियम (05100॥
7,2,3,उत्पन्न हुन्छन्‌ ।
7,7,7,"जम्मा खर्च 5 त (लघुत्तम पदमा लेख्दा)
"
7,7,7,"आशीर्वाद, प्रतिस्पर्धा, विश्वास, प्रविधि, श्रीखण्ड, आत्मसात्‌, महच्चपूर्ण
"
7,23,24,% © १ 60) 60) (ग) (अ) 4cm (aq) 5cm 2cm 2cm 3cm 3cm 4cm 5cm 2. तलका कुन कुन आकृतिहरू अनुरूप छन् ?
7,13,13,"तपाइँको घर वरपर, विद्यालय वरपर र समुदायमा के कस्ता वबीकरणीय र अवबीकरणीय प्राकृतिक
"
7,42,43,R 05 परिणाम ee ee |] | |] | ee | वर्गका विकर्णहरू आपसमा लम्बार्धक हुन्छन् | p 5 R Q R चित्र 1 ८०2 2 0) दिइएका दुईओटा वर्ग PQRS का विकर्णका भागहरू र विकर्णहरूबिचका कोणहरूको नाप लिई तलको तालिकामा भर्नुहोस् ।
7,1,2,थालेँ ।
7,8,9,के तपाइँले खिय्रिङमा कम्प्रेत र रेरिफृयाक्सन अवलोकव गर्नुभयो ?
7,7,8,अनुभव हुन्छ भन्ने अनुभव मैले गर्न पाएँ ।
7,16,17,(अ) सोलार बल्ब (at) सोलार ब्याट्टी (इ) ड्राइसेल (ई) फोटोसेल (ग) स्थिर विद्युतको असर कुन हो ?
7,24,25,तालिकामा दिइएका क्षेत्रहरू बिवाश हुने कारण; ATT र उक्त HATH व्यूतीकरण गर्वे उपाय उल्लेख गर्नुहोस् | ma. | असर पर्ने क्षेत्र असरहरू न्यूनीकरणका उपायहरू ।
7,7,8,उहाँले ठुली भाउजूले पठाएका पाकेका आँप दिनुभयो ।
7,8,8,"त्यसै वेला उनले माइत पुस्याउने विचार छोडेर दुवै
"
7,6,7,(ङ) प्रायः क्षारको विशेषता कस्तो हुन्छ ?
7,10,11,(ई) थर्मोमिटरको एक छेउदेखि अर्को छेउसम्म क्यापिलरी ट्युब गएको हुन्छ ।
7,6,6,"नेपाली समाजमा देउडा, हुड्डके नाच, कौरा
"
7,9,9,"ती न्डाताो नता नता एऐ 1110) 2101 310) १)
"
7,5,6,को सुरुक्षा गार्ड पनि भनिन्छ ।
7,9,10,(ङ) कवितालाई अन्य विधाभन्दा अलग बनाउने तच्च के हो ?
7,8,9,"बुबा, अहिले म जम्मा सात कक्षामा पढ्दै छु ।"
7,25,26,तलको चित्रमा चन्द्रमालाई बिन्दु 1 बाट C mae 3 सुरु भई पृथ्वीलाई एक फन्को लगाउन वा बिन्दु 2 भएको स्थानमा आउन लाग्ने समय नक्षत्रमास हो ।
7,11,11,"यस अवस्थामा हुने शारीरिक, मानसिक र संवेगात्मक विकास सँगसँगै यौन चाहनामा
"
7,26,27,"उदाहरणका लागि साधारण तापक्रममा फलाम, सुन, चाँदी आदि तत्त्वहरू ठोस अवस्थामा, व्रोमिन र पारो तरल अवस्थामा तथा हाइड्डोजन, अक्सिजन, नाइट्रोजन आदि ग्याँस अवस्थामा पाइने तत्त्वहरू हुन् ।"
7,10,10,"भएको मोबाइल तथा कम्प्युटरमा अनलाइनमार्फत विभिन्न सिकाइ सामग्री खोज्ने, अध्ययन
"
7,7,7,"क्रस. असर पर्ने क्षेत्र असरहरू न्यूनीकरणका उपायहरू
"
7,14,14,"उद्गम बिन्दुबाट 6 एकाइ दायाँ र सो बिन्दुबाट 2 एकाइ बायाँ फर्कदा कुन बिन्दुमा
"
7,9,10,(घ) चौथो समूहले सहअस्तित्व शीर्षकमा अन्तरक्रिया कार्यक्रम सञ्चालन गर्नुहोस्‌ ।
7,11,12,(ग) आल्मिनियम धातु गाडी र हवाई जहाजको बढी बनाउन प्रयोग गरिन्छ ।
7,10,11,हामीबिच हुने रमाइला कुराकानीले गर्दा यात्रा निकै रोचक बनेको थियो ।
7,5,5,"व्मँठिरै [ दुवैतिर वर्ग गर्दा]
"
7,9,10,देखाउने वा कम्प्युटरलाई अटोमेटिक रूपमा बन्द गराउने काम गर्दछ ।
7,8,9,(ख) ती मध्ये सबै सङ्ख्याहरूको साझा गुणनखण्ड निकाल्नुहोस् ।
7,3,4,"तौल (%/) - 1200)
"
7,5,6,वर्गका विकर्णहरू आपसमा लम्बार्धक हुन्छन्‌ ।
7,8,9,६. जनसङडख्या वृद्धि हुँदा वातावरण प्रदूषण बढ्न सक्छ ।
7,9,9,"तपाइँको समुदाय तथा स्थानीय तहमा कुन कुन साहसिक क्रियाकलापहरू
"
7,11,12,दोस्रोमा रहको 9140] 11€ 0000 प्रयोग गरेर पठाउनुपर्ने फाइल 9140) गर्नुहोस्‌ ।
7,6,6,"एकाइ दायाँ गएर कति एकाइ माथि
"
7,15,15,चित्र 11.18 बध (ख) शुक्र (Venus) यो ग्रह सबभन्दा तातो र चम्किलो ग्रह हो ।
7,4,5,र फुट्ने भइरहेका हुन्छन्‌ ।
7,12,12,"पहिलो जोडा 17 लाई वर्ग सङ्ख्यामा विचार गर्दा 17 भन्दा सानो तर
"
7,12,13,म अब यस कार्यक्रममा प्रतियोगी वक्ताले पालना गर्नुपर्ने नियमका सम्बन्धमा जानकारी गराउँछु ।
7,6,6,"बुबाले फकाएको मात्र होला भन्ठानेर उनी
"
7,8,8,"गण्डकी, कर्णाली, धौगागिरी, अन्नपूर्ण, हिमाल, सगरमाथा, चरा, सुगा,
"
7,7,8,जटिल प्राविधिक पद्धतिद्वारा छपाइसम्बन्धी कार्य गर्न सकिन्छ ।
7,10,10,""". 1801) तारको मूल्य 5180 ० 20 - २५. 3,600
"
7,12,14,", 0 रर को नाम लेख्नुहोस् | (आ) P को काम के हो ?"
7,2,3,अँ $ ।
7,3,3,"उनीहरू एकअर्कालाई सम्मान
"
7,5,5,"4. विवरण भर्दै जाँदा ०561
"
7,15,16,"रेडियो सुनेर, टेलिभिजन हेरेर वा पत्रिका पढेर हामी विश्वभरिका घटना वा वस्तुबारे सूचना प्राप्त गर्दछौँ ।"
7,32,32,यो अङ्ग आमाशय देखि ठुलो आन्द्रासम्म जोडिएको हुन्छ | यसको लम्बाइ वयस्क व्यक्तिमा करिब तीनदेखि पाँच मिटरसम्मको हुन्छ | सानो आन्द्राले खानामा रहेका विभिन्न पौष्टिक तत्त्व घुलनशील रूपमा रूपान्तरण गर्ने काम गर्छ।
7,4,4,"यसले हावालाई न्यानो र
"
7,1,2,किन ?
7,12,12,"कक्षामा सभ्य समाज सम्बन्धमा शिक्षक र विद्यार्थीबच भएको छलफलका केही अंश तल
"
7,4,5,"हो, लेख्ने क्रम रोकिएन ।"
7,1,1,"करै
"
7,2,2,"हेनुहोस्‌ :
"
7,16,15,"षभित्र केही यस्ता वस्तु पनि बन्छन्‌ जुन कोष तथा शरीर चित्र 5.2 बिरुवामा हुने परिवहन
"
7,5,6,अथवा पयाँक्ने कार्यलाई थरोइङ भनिन्छ ।
7,2,2,"पालैपालो सबै
"
7,3,4,राम्रो घर बनाउनुपर्ला ।
7,2,2,"परागकोठामा बन्ने
"
7,12,12,"त्यो सब्गैभन्दा ठुलो सड्ख्या पत्ता लगाउनुहोस्‌, जसबाट 10 घटाउँदा आउने घटाउफलले 558,
"
7,9,8,"4.2 दशमलव र आनुपातिक सङ्ख्या (0601111919110 २०101191 9011110€1)
"
7,9,9,"अब 5 10 समीकरण 2४4. ४5 60 मा राख्दा,
"
7,15,15,"(क) समूह & ले4 ओटा सही जवाफ र 5 ओटा गलत जवाफ दिएछ भने जम्मा
"
7,33,35,"गाडी, छ. 0: छ तनु 6 हवाईजहाज, कलकारखानामा रहेका मेसिन चलाउनका उ १ लागि आवश्यक पर्ने शक्ति डिजेल, पेट्रोल, मटीतेल, / . 03 कोइला बन्दा उल हन कोइला वा विद्युत् शक्ति आदिबाट प्राप्त हुन्छ ।"
7,9,10,4. एउटा बैठक कोठाको लम्बाइ यसको उचाइको दोब्बर छ ।
7,6,6,"क्रिकेट बारे उनले धेरै लाई बताएका
"
7,16,17,जिउँदाको जन्ती मर्दाको मलामी भन्छन् | आफना छरछिमेकी र आफन्ती यस्ता वेलामा काम नलागे कहिले लाग्नु ?
7,9,9,"कामको समयपछि विश्वाम र मनोरञ्जन गर्नुपर्ने कुरा पनि भन्नुभएको
"
7,10,11,अतः 12 जना मानिसले 30 दित्तमा उक्त खेत खन्न सक्छन्‌ ।
7,2,2,"लाहिलाला उब्सेफलाबाटरा
"
7,8,9,पृथ्वीलाई एक फन्को घुम्न २४ घण्टा समय लाग्छ ।
7,2,2,"ग्रेफाइट हिरा
"
7,5,6,” “अनि कहिले खाने त ?
7,12,13,यसै गरी जनावरहरू पनि केही मेरुदण्ड भएका र केही मेरुदण्ड नभएका हुन्छन् ।
7,5,6,पालो बसेर पहरा दिने गर्छन्‌ ।
7,9,9,"रक्तनलीमार्फत फोक्साबाट आएको शृद्ध रगतलाई पुरै शरीरभरि पठाउने काम
"
7,11,11,"२. तपाईँको समुदायमा रहेको प्रसिद्ध धार्मिक स्थलमा गई उक्त धार्मिक स्थलमा
"
7,2,3,आउन थाले ।
7,3,3,"युवा, मजदुर तथा
"
7,2,3,पानी अटाउँछ ।
7,7,8,(ग) जनसङसख्यालाई मात्तवीय स्रोत भन्नुको कारण लेख्नुहोस्‌ ।
7,6,6,"यदि ४52 भए, उक्त गुणनफलको मात्त
"
7,5,5,"नेपाली; कक्षा ७ का जरङ्िङधा""जजजजजि््गणा
"
7,9,10,उक्त कापीको पानालाई तलको चित्रमा देखाए जस्तै गरी पट्याउनुहोस् ।
7,5,6,गीति कविता पढाउने पालो थियो ।
7,4,5,किरण रेखा चित्र भनिन्छ ।
7,4,4,"(अ) सखरखण्ड (आ) आलु
"
7,4,4,"त्यसैले थोरै मानिस भए
"
7,5,6,दौडदा घुँडा धेरै उठाउनु हँदैन ।
7,10,11,(ङ) दिइएको चित्रको अध्ययन गरी सोधिएका प्रश्नको उत्तर पत्ता लगाउनुहोस्‌ ।
7,4,5,उनीहरूलाई काम गर्न सिकाउँथ्यो ।
7,1,1,"ब्र
"
7,4,4,"बोल, मात्रा, ताली, खालीसमेतलाई
"
7,88,89,"यस्ता नियममध्ये दृष्यकलामा प्रयोग गरिने नियमलाई कलाका आधारभूत नियम (fundamentals of art) भनिन्छ | कलाका आधारभूत नियमहरूमा आयाम (dimenson), अनुपात (proportion), सन्तुलन (balance), सुरलहर (rhythm), ऐक्यता (harmony), A (perspective) र संरचना (composition) पर्दछन् | स्वास्थ्य, शारीरिक तथा यिर्जवात्मक कला, कक्षा ७ foe कलाका लागि सामान्यतया रेखा (line), रङ (colour), आकारप्रकार (shape), स्वरूप (form), मूल्य (value), स्थान (space), वयन (texture) आदि पक्षहरूको जानकारी हुनुपर्दछ | चलनचल्तीको परिभाषाअनुसार चित्र (painting), मूर्ति (sculpture), छपाइ (printmaking), फोटोग्राफी (photography) आदि माध्यमद्वारा आकृति (image) वा वस्तु (object) सिर्जना गर्नु दुश्यकला (visual arts) PAT पर्छन् ।"
7,13,14,| | | | | निष्कर्ष : वर्गका प्रत्येक विकर्णले कोणलाई आधा गर्दछ ।
7,11,11,"(क) यसको नियमित अभ्यासले पाचन प्रणालीमा र प्रजनन प्रणालीमा देखापर्ने समस्याहरूबाट
"
7,5,5,"€ |) ६ [ 5
"
7,9,9,"मेरो भनाइ मान्छौ भने तिमी पनि यतै बसेर स्वरोजगारीतिर
"
7,4,5,“आज शनिबार नि छोरी !
7,10,10,"प्रविधि, शिक्षा, स्वास्थ्य, कला, साहित्य आदि क्षेत्रमा योगदान पुस्याउने व्यक्ति
"
7,7,7,"यतिखेरै थाहा भयो, खाजा राखेको झोला चाहिँ
"
7,13,13,"प्रक्रिया भनिन्छ, जस्तै : तिनीहरू शक्ति प्राप्त गर्नका लागि खाना खाने, पचाउने, श्वासप्रश्वास
"
7,12,13,देखाए जस्तै एकल चेन र गोलाकार घेरा बनाएर दौडने सिपको प्रयोग गर्नसक्छन्‌ ।
7,9,9,"सामाजिक समस्या समाधानका उपायहरू लेखिएका प्लेकार्डहरू तयार गर्नुहोस्‌ र
"
7,15,16,"तर छाया, ताप र प्रकाश भने पदार्थ हो इनन् किनभने तिनीहरूको आयतन र पिण्ड हुँदैन ।"
7,12,13,हावाका थैलीमा जम्मा भएको अक्सिजन र गतका माध्यमबाट शरीरको प्रत्येक कोषसम्म पुग्छ ।
7,12,12,पाखुरा चलाउँदा कृुहिना लगभग ९० डिग्रीको कोण बनाउँदै मुठीलाई पनि हलुका छोड्नुपर्छ।
7,2,2,"(क) कपोत
"
7,39,39,Ja) समाधान ती ) यहाँ 3 ओटा कापीको मूल्य =%. 270 रु. 270 1 ओटा कापीको मूल्य = =F. 90 5 ओटा कापीको मूल्य -रु.90%5 =%. 450 अर्को तरिका यो समस्यालाई अनुपात प्रयोग गरेर पनि समाधान गर्न सकिन्छ ।
7,6,7,भएर फर्किने प्रक्रियालाई नियमित परावर्तन भनिन्छ ।
7,10,11,पुरुषको सहकार्यबिना संसार अपुरो हुन्छ भन्ने सन्देश दिएको मैले बुझेँ ।
7,3,4,जानकारी पेजमा देखिन्छन्‌ ।
7,17,18,कारण दिनुहोस् | (ग) आकृति ABC आकृति /'8'0' मा परावर्तन हुँदा कुनै निशिचत नियम पालना भएको छ ?
7,4,5,"कालिज, सुगालगायत पन्छी देखे ।"
7,8,9,पूर्वी तराईमा भने चामलको पिठाबाट भक्का बनाउने गरिन्छ ।
7,9,9,"खण्ड खण्ड परेका डोलाकार जनावरहरूका लक्षणहरू निम्नानुसार छन्‌ :
"
7,12,12,"(ख) विद्यालयमा उपलब्ध भएसम्म 1(7' को प्रयोग गरेर ग्रह, चन्द्रमा, चन्द्रमाको कला,
"
7,17,18,ग्रहणपश्चात् निम्न प्रश्नका आधारमा एउटा प्रतिवेदन तयार पार्नुहोस् र शिक्षकको सहयोगमा मल्टिमिडिया प्रयोग गरी कक्षामा प्रस्तुत गर्नुहोस् ।
7,3,4,PT मैले खेलेँ ।
7,3,3,"हि. सांस्कृतिक रीतिरिताज
"
7,3,4,आइसिटी (6) हो ।
7,5,5,"गाँउँ गाँउ का) उँ सद
"
7,24,25,(ग) रक्तसञ्चार प्रक्रिया (Blood circulation process) मुटुको खुम्चिने क्रिया हुँदा मुटुको तल्लो भागमा रहेको बायाँ भेन्ट्रिकलबाट शुद्ध रगत एओर्टा हुँदै शरीरको विभिन्न भागमा जान्छ ।
7,7,7,"1. तलका गुणन क्रियालाई घाताडकमा बदल्नुहोस्‌ :
"
7,4,5,एकै प्रकारका नहुन सक्छन्‌ ।
7,7,8,आयोगलगायत विभिन्न संवैधानिक आयोगको व्यवस्था गरिएको छ ।
7,7,7,"विपत्‌ भइसकेपछि त्तिम्तलिखित क्रालाई महत्त्व दितुपर्छ :
"
7,5,5,"पार गर्न लागेको समयले भाग
"
7,6,6,"केहि तत्त्वका सङ्केत र विशेषता ताकिम
"
7,11,11,"(छ) आफ्नो समुदाय क्षेत्रमा कृषि क्षेत्रमा रहेका समस्या समाधानका उपायहरू उल्लेख
"
7,8,8,"फि2०१ 0000009 000200 एब ठा डन 070000का ककषिको
"
7,3,3,"रगिव्‌ कक्षा ७
"
7,10,11,(ग) अनाज जम्मा गर्ने कुरामा बुहारीले ससुरालाई कस्तो जबाफ दिइन् ?
7,9,10,4. अब कम्प्युटरको 1115 ८:10९४1८6३ 9010 07९६ मा जानुहोस्‌ ।
7,9,10,ग्रह सूर्यको धेरै नजिक रहेकाले दिउँसो धेरै तातो हुन्छ ।
7,9,10,"मानव स्वास्थलाई भौतिक, सामाजिक तथा मानसिक वातावरणले प्रभाव पार्छ ।"
7,2,3,मा छन्‌ ।
7,10,11,त्यसको व्यास र परिधि पत्ता लगाई त्यसको अनुपात पत्ता लगाउनुहोस् ।
7,3,4,बसोबास रहेको छ ।
7,12,12,फोटो 601 गर्न सकेमा फोटो आकर्षक बनाउनुका अन्य थुप्रै कार्यहरू गर्न सकिन्छ।
7,7,8,स्वास्थ्य उपकरणको राम्रो व्यवस्थापनले उपचार सम्भव भएकोहो ।
7,10,11,चित्र [रएणा'€) : प्रतिवेदनमा प्रयोगात्मक कार्यका प्रस्ट चित्रहरू समावेश गर्नुपर्छ ।
7,5,6,उत्पादनशील माटो खेरजाने गरेको छ ।
7,9,10,आएको प्रकाशलाई ऐवामा पर्ते गरी श्यालको छेउमा ऐवालाई राख्नुहोस्‌ ।
7,3,3,"पाठयक्रम विकास केन्द्र
"
7,8,9,4. अरूले सजिलै अनुमान गर्न सक्ने पासवर्ड राख्नुहुदँन ।
7,6,7,सामाजिक समस्या समाधानमा योगदान पुस्याइरेका हुन्छन्‌ ।
7,4,4,"विनियम तरिम्कमम तमममम पिनमन्ड
"
7,11,12,३. हिमतालहरू पग्लिएर फुट्ने र आकस्मिक बाढी र डुबानको खतरा रहन्छ ।
7,5,5,"शिक्षकको निर्देशनमा जिउ तताउने क्रियाकलाप
"
7,4,4,"अब सूत्रानुसार (४) -/«0%)
"
7,5,6,भएमा क्षतिपूर्ति पाउने अधिकार हुन्छ ।
7,11,12,(ग) के खाली समूहलाई कुनै पनि समूहको उपयुक्त उपसमूह भन्न सकिन्छ ?
7,7,8,(आ) रातो लिट्मसलाई निलो रङमा परिवर्तन गर्दछ ।
7,8,8,"उक्त वृत्तको वरिपरि गमको सहायताले रङ्गीन धागो टाँस्नुहोस्‌,
"
7,6,6,"बालिका, मादल बजाइरहेको पुरुष र पार्कमा
"
7,6,7,"कभर स्लिप, मि ब्लु, सृक्ष्मदशक यन्त्र ।"
7,9,9,"जङगल सफारी गर्ने, पदयात्रा जाने आदि क्रियाकलापलाई पानी र
"
7,4,5,ठुलो रातो दाग देखिन्छ ।
7,6,7,यात्रापछि माइत पुग्दा औधी खुसी छिन्‌ ।
7,3,3,"त्यसैले हाम्रा पहिरनलाई
"
7,3,3,"बालबालिकामा नेतृत्व विकास
"
7,6,7,(क) जराको मुख्य काम कन हो ?
7,12,13,सिक्नु र प्रदर्शन गर्नुपूर्व पनि उचित तरिकाले ढाड र पेटको कसरत गर्नुपर्छ ।
7,2,2,"संविधानमा राज्यशक्तिको
"
7,6,6,"विषादीको प्रयोग चभएकीो जैविक खाद्य वस्तु
"
7,3,3,"न] क. »
"
7,1,2,नमस्कार !
7,6,7,(ख) कविता कुन कुन लयमा लेखिन्छ ?
7,7,8,३ एकाइ दायाँ अर्थात्‌ (3) मा पुगिन्छ ।
7,60,53,"यहाँ, तिनओटा परियोजना कार्यमा प्रत्येक समूहका विद्यार्थी सङ्ख्याहरू क्रमश: 3,5र 6 अब 3,5र 6 को ल.स. निकाल्दा, ३ |3,5,6_ 5,6 WF =3xK5x2 1,5,2 = 30 अतः कम्तीमा 30 जना विद्यार्थी भएमा क्रमश: पहिलो परियोजना कार्य 3/3 जना, दोस्रो परियोजना कार्य 5/5 जना र तेस्रो परियोजना कार्य 6/6 जनाको समूह बनाएर गर्न सकिन्छ ।"
7,6,6,"(क) उमेर समूहका आधारमा जनसङ्ख्याको लकर
"
7,2,2,"इन्द्रियको नियन्त्रणबाट
"
7,3,4,बाहिर फयाँक्नु हो ।
7,1,2,समात्नुपर्छ ।
7,14,13,अब सूत्रानुसार घनको पूरा सतहको क्षेत्रफल (A) = 602 = 6 x (3.5)?
7,5,5,"त्यसपछि विद्यालयको चउर वा ट्रयाकमा
"
7,1,1,"ग्रन्दर्थ
"
7,13,14,तर्क 2 : यो दोस्रो ठुलो ग्रह हो जसको 62 ओटा उपग्रह छन् ।
7,1,2,बेच्नुपर्ला ?
7,3,3,"१. प्लाज्मा [7105114)
"
7,10,11,यसो हुँदा छोटो सौर्य महिनामा एउटा पनि औँसी नपर्न सक्छ ।
7,7,8,"यसअन्तर्गत कार्बोहाइड्रेट, प्रोटिन तथा चिल्लो पदार्थ पर्छन् ।"
7,5,5,अनुपातको सरल रूप [511101टड एाए।
7,10,11,यसबाट आफूलाई पनि फाइदा हुन्छ र देशको पनि उन्नति हुन्छ ।
7,8,8,"हं, तल दिइएका प्रश्नको सङ्क्षिप्त उत्तर लेख्नुहोस्‌ :
"
7,29,30,प्रयोगात्मक कार्य ]. तपाईँले प्रयोग गर्ने ब्राउजरको Google सर्च इन्जिनमा गएर Gmail Chestavourcosgleteccunt account sign up टाइप गरेर aca ony वेबसाइटमध्ये दायाँ चित्रमा = देखाइएको वेबसाइटमा 7 = जानुहोस् ।
7,10,10,"बलरले बललाई औँलाहरूको उपयुक्त समन्वय मिलाएर ठिक तरिकाले समाती निर्धारित
"
7,5,5,"अलिकति आफ्नो शक्ति लगाएर अगाडि
"
7,6,7,टिपोट गर्नुहोस्‌ र कक्षामा प्रस्तुत गर्नुहोस्‌ ।
7,9,10,"1 अश्व शक्ति (0156 0876) - करिब 746 वाट (%/)
"
7,8,8,"जन्मेदेखि सिक्दै आउने सबै किसिमका चालचलनहरू सामाजिक संस्कार
"
7,2,3,नृत्य भनिन्छ ।
7,2,3,पहिरत हुन्‌ ।
7,3,4,यसलाई परमाणु भनिन्छ ।
7,7,7,"(आ) पेट दुख्ने लगायत पाचनसम्वन्धी समस्या आउने
"
7,31,32,(अ) पानी र लवण पातसम्म पुग्याउनु (आ) पानी र लवण डाँठसम्म WIS (इ) खाद्यपदार्थलाई प्रत्येक भागमा पुग्याउनु (ई) खाद्यपदार्थलाई जम्मा गरेर राख्नु (ख) सामान्यतया बिरुवाको कुन भागले प्रकाश संश्लेषण क्रिया गर्दछ ?
7,10,10,"मैले उच्च पदस्थ व्यक्तिलाई फेसबुकबाट गाली गरेको निहुँमा एक जना
"
7,7,8,सुरक्षा गर्नु यी निकायहरूको प्रमुख दायित्त्च हो ।
7,7,8,फलामले रगतमा हेमोग्लोबिन तयार पार्ने काम गर्छ ।
7,14,14,"यसरी बिन्दु % र ४ मा 459 र 60” को कोणहरू बताएका रेखाहरू काटिएको
"
7,6,7,(छ) पदार्थको आन्तरिक बनावटमा परिवर्तन हुँदैन ।
7,12,12,विज्ञान तथा प्रविधि. कक्षा © १७५ (छ) तलको कुन भनाइ ठिक छ?
7,8,9,कुनै पनि कार्य गर्न निश्चित नियमहरू बनाइएको हुन्छ ।
7,6,7,(ख) आमाले शिशुको कसरी हेरचाह गर्छिन् ?
7,5,6,पदार्थ ग्याँस अवस्थामा परिवर्तन हुन्छ ।
7,7,8,"202 35 का साझा गुणनखण्डहरू 5  ....... |
"
7,4,5,ल सुन है त ।
8,10,9,मध्य पहाडी भेगमा 150-250 से.मी. मात्र वर्षा हुन्छ ।
8,2,2,"ङ्ट नद
"
8,4,4,"यहाँ जातीय विविधता रहेको
"
8,9,10,लोक गीतले कुनै पनि प्रकारको कडा नियम स्वीकार गर्दैन ।
8,4,4,"(ख) सबै समूहलाई पालैपालो
"
8,8,9,३. एक टिममा खेलाडीको सङ्ख्या ११ जना हुन्छ ।
8,2,2,"व्यक्तिको सोचाइ,
"
8,3,4,6 | 7 ।
8,9,10,कुनै ठाउँको रुख काटेमा त्यस ठाउँमा नयाँ बिरुवा रोप्नुपर्दछ ।
8,5,4,(©) x(x2-4) (ग) xy(x?
8,1,1,"वैदेशिक
"
8,5,4,"यस एकाइमा हामी ३,०००
"
8,4,4,परीक्षण (०८101८9001 910 रटाीला।
8,7,7,"(ख) पानीद्वारा हुने प्रसारण (1215[06159] 09 पाटा)
"
8,9,10,त्यो नै 8 र 10 को लघुत्तम समापवर्त्य हो ।
8,10,10,"कायम गर्न उहाँको भूमिका महत्त्वपूर्ण सिर्जवात्मक काममा आफूलाई व्यत्त राख्नै
"
8,6,6,"साच्चै स्काउटमा आबद्ध हुनु मेरो गराउने
"
8,8,9,५. एक टिममा जम्मा पाँच जना खेलाडी हुन्छन् ।
8,24,25,खानेकुरालाई राम्रो देखाउन वा स्वादिलो बनाउन विभिन्न रसायन र अखाद्य रङ खाद्य तथा पेय पदार्थमा मिसाइएको हुन्छ | यस्ता वस्तु स्वास्थ्यका लागि हानिकारक हुन्छन् ।
8,6,6,6 “जु ० ० वा ॥
8,15,16,यसलाई जौको दानामा वा टालकम पाउडरमा उत्पादन गरी माटामुनि बस्ने विभिन्न लार्भा मार्न प्रयोग गरिन्छ ।
8,5,5,"वायुमण्डलीय चाप नभएमा यी उपकरण
"
8,2,2,र y?
8,12,12,"जुत्ताको नम्बर कति कति रहेछ भनी सोध्दा निम्नानुसारको तथ्याङ्क प्राप्त भयो :
"
8,4,4,2. वस्तुलाई ऐनाको :?
8,11,11,"पुरुषको शरीरमा हुने अण्डकोष (1'65115) र महिलाको शरीरमा हुने डिम्बाशय (0४01)
"
8,11,11,"माइसेलियमलाई व्रसको सहायताले बिस्तारै कटन ब्लुमा राख्नुहोस्‌ र हावा नछिर्ने गरी
"
8,2,2,"शक्ति हात
"
8,3,4,यसलाई बल्ब भनिन्छ ।
8,15,14,"10. 10% ब्याजदरले रु. 1,080 को 4 वर्षमा आउने ब्याज बराबरको रकम पाउनका लागि
"
8,5,5,देशले विकासको गति लिने छ।
8,10,11,"माछालाई बरफ, कोल्ड हाउस तथा रेफ्रिजेरेटरमा चिसो गरी भण्डारण गर्नुपर्छ ।"
8,5,6,राजधानी बैङ्ककमा सम्पन्न भएको थियो ।
8,3,4,"गर्नुपर्छ, उल्लेख गर्नुहोस्‌ ।"
8,7,7,तल तीनओटा वर्गाडिकत कागजका वर्कसिटहरू दिइएका छन्‌।
8,8,9,देखापरेपछि बलिरहेको सलाईको काँटी टेस्टस्युबको मुख निजिकै लानुहोस्‌ ।
8,4,4,"कृषिजन्य वस्तुसँग अन्य वस्तु
"
8,11,11,"आजको कक्षामा शिक्षकले सर्वोच्च अदालत, उच्च अदालत र जिल्ला अदालतका केही
"
8,6,8,(ङ) सोडियम बाइकार्बोनेटलाई ......... सोडा पनि भनिन्छ ।
8,10,10,"थोरै रासार्यानक मल र तेस्रोमा अलिर्कात भिनेगर राख्नुहोस्‌ र बाहिरबाट
"
8,12,13,(a) अन्तरा (Antara) गीतको मध्यमा आउने प्राय: चार हरफको रचनालाई अन्तरा भनिन्छ ।
8,9,9,"सिन्धु नदीको किनारमा विकास भएको मानव सभ्यतालाई सिन्धु उपत्यकाको
"
8,3,4,पनि हुन्छन्‌ होला ?
8,4,4,"जसमा चित्र (क) लाई
"
8,10,10,"कलात्मक काष्ठ आकृति तथा बुट्टाहरू उत्कृष्ट नेपाली काष्ठकलाका ज्वलन्त उदाहरणका
"
8,3,3,"घातुमुद्वाको प्रचलनपछि कागजी
"
8,2,3,गरिएको थियो ।
8,12,12,"३. तपाइँले आफ्नो बसोबास रहेको स्थानको एक हप्तासम्मको तापक्रम र वर्षाको औसत
"
8,7,7,"तथा प्रयोगात्मक क्रियाकलाप गर्ने एक विशेष कक्ष
"
8,4,4,"स्रोतः केन्दीय तथ्याङ्कक विभाग
"
8,6,7,आज विश्व समाज प्रेरित भएको छ ।
8,9,10,(च) छात्रा र जम्मा विद्यार्थीको सङ्ख्यालाई भिन्नका रूपमा लेख्नुहोस्‌ ।
8,7,8,पुर्दा जमिनको तापक्रमले गर्दा बिउ अङ्क्रण हुन्छ ।
8,6,7,(ख) आर्थिक प्रतिवेदन किन तयार पारिन्छ ?
8,1,2,गरिँदैन ।
8,13,13,"गर्भनिरोध प्राकृति विधिबाट पनि गर्न सकिन्छ तर प्राकृतिक विधि त्यति भरपर्दो भने हुँदै
"
8,9,10,(घ) टिकट सङ्ख्या र मूल्यबिच कस्तो सम्बन्ध रहेको छ ?
8,7,8,सङ्घीय राज्य व्यवस्थामा कोही पनि विभेदमा पर्दैनन्‌ ।
8,13,13,"३. अरूको दुःख पीडालाई कम गर्ने तल दिइएका कुन कुन व्यवहार तपाइँसँग मिल्दा
"
8,11,11,"तर हाम्रो छोराले हामीलाई दाइजो लिनु र माग्नु अपराध हो भनी
"
8,8,8,"पुरुषअनुसारको जनसाङ्ख्यिक बनोटका आधारमा नीति तथा कार्यक्रम तर्जुमा
"
8,3,4,स्काउटमा आबद्ध छिन्‌ ।
8,4,4,"सार्क राष्ट्रहरू र नेपाल
"
8,3,4,यो न्युक्लियसभित्र पाइन्छ ।
8,9,8,रु.] को 2 वर्षको ब्याज रु. -00 हन्छु।
8,17,18,३. कागजमा बनाइएको न्युक्लियसभित्र प्रोटोनका रूपमा 8 ओटा र न्युट्रोनका रूपमा 8 ओटा माटाका डल्लाहरू राखेर टाँस ।
8,9,10,स्वच्छ हावा दुर्गन्धित र धमिलो हुनुलाई वायु प्रदूषण भनिन्छ ।
8,2,2,"ण- €112612
"
8,7,8,लामखुट्टे मार्ने धूप बाल्दैमा त्यसबाट बच्न सकिँदैन ।
8,1,1,"जसमा
"
8,8,9,गरेकाले भारतीय जनताले अङ्ग्रेज विरोधी अभियानसमेत चलाएका थिए ।
8,5,4,"४ मानौँ) | 96,000
"
8,8,9,(घ) महिनावारीमा प्रयोग भएको कपडाको प्याड कहाँ सुकाउनुपर्छ ?
8,3,3,"ब्वविज्ञान तथा प्रविधि
"
8,3,3,(ख) बडिङ (उपवता॥
8,3,3,re है छ?
8,152,141,"तलको तालिकामा हेर : अन्त्य हुने दशमलव सङ्ख्याहरू अन्त्य नहुने दशमलव सङ्ख्याहरू पुनरावृत्ति हुने दशमलव पुनरावृत्ति नहुने दशमलव आनुपातिक सङ्ख्याहरू GUTS सङ्ख्याहरू ) तल दिइएका सङ्ख्याहरू कुन आनुपातिक हुन् र कुन अनानुपातिक हुन्, लेख : & 3 9 (क) 0.35 (ख) ५6 (ग) पु (घ) 7 (४) 1,732... (चे) 0.414141 समाधान (क) आनुपातिक सङ्ख्या (अन्त्य भएको दशमलव) (ख) अनानुपातिक सङ्ख्या (निश्चित मान नभएको वर्गमूल) (ग) आनानुपातिक सङ्ख्या (निश्चित मान नभएको वर्गमूल) - (घ) आनुपातिक सङ्ख्या (अन्त्य भएको दशमलव) (ङ) अनानुपातिक सङ्ख्या (नदोहोरिएको र अन्त्य नभएको दशमलव) (च) आनुपातिक सङ्ख्या (दोहोरिएको दशमलव) 14.1.3. दशमलवलाई भिन्नमा रूपान्तर (Convertion of Decimal into Fraction) तलका उदाहरणहरू अध्ययन गर : १ (क) 2-0.666...........-0.5 (ख) ४7 -1.416666.......-0.416 ३ 12 (ग) 01 = 0.5714285714 28 = 0.571428 गि ——— AA SVS— हीम्रो गणित, ett उदाहरणहरूमा अङ्कको वा अङ्कहरूको माथिको मेलबन्द (81) ले उक्त सङ्ख्या दोहोरिरहन्छ भन्ने जनाउँछ ।"
8,10,11,(घ) पहिचान भएका समस्याको व्यवस्थापन गर्न आवश्यक प्रबन्ध मिलाउन सकिन्छ ।
8,6,6,"सामूहिक पहल गर्न र आपसमा मित्रता
"
8,1,1,"[या
"
8,17,18,"सुरुको चरणमा कागजका भोटो, १४४ पेसा, व्यवसाय र प्रविधि, कक्षा ८ टोपी, सुरुवाल जस्ता वस्तु सिलाउन सकिन्छ ।"
8,10,10,"करिलो, सुठुनी वा सखरखण्ड, डालिया जस्ता विरुवाका जरामा पर्याप्त मात्रामा
"
8,8,9,"(घ) 142013, लाई दशमलब सङ्ख्या पद्धतिमा कसरी लेखिन्छ ?"
8,3,3,"2 उ €€
"
8,7,8,तारा टाढा पुगिसकेकाले सूर्यलाई नै घुम्न थाल्यो ।
8,42,37,यसले माछाको जिउ चिलाउने भएकाले माछा पोखरीको किनारामा वा भित्तामा घस्रिरहने र पानी माथि उत्रिरहने गर्छन् | यसबाट माछ्लाका भुरा बढी प्रभावित हुन्छन् | यसको उपचारका लागि ०.२५ पी.पी.एम. डिप्टेरेक्स र ०.२५ पी.पी.एम. फर्मालिन प्रयोग गर्नुपर्छ ।
8,7,8,यसका साथै फित्ताको सहायताले उचाइ पति वाप्नुहोस्‌ ।
8,8,8,"20 नो न प्रा त प्र नक्त० तन०
"
8,10,10,"कोषको उत्पादन तथा संयोजन नभई विशेष प्रजनन एकाइबाट ($)60110 16]000९४९
"
8,11,12,साथै देशमा दुग्धजन्य पदार्थ र मासुको माग पुरा हुन सकिरहेको छैन ।
8,8,8,"यसै गरी धूम्रपान, मद्यपान तथा लागु पदार्थको सेवनबाट
"
8,12,13,सामान भण्डारण गर्ने र औजार भण्डार गर्ने छुट्टाछुट्टै कोठाको व्यवस्था गरिएको हुन्छ ।
8,9,10,एउटा उत्तोलकमा 600्र को लोड उठाउन 150प्र इफोट लाग्छ ।
8,11,11,"बराबर दुरी पार गर्दैन, जस्तैः उडिरहेको जहाज, गुडिरेहेको टक, हिँडिरहेको कुक्‌र
"
8,34,35,"कुनै तत्त्वको WAN अर्को तत्त्वको परमाणुसँग रासायनिक प्रतिक्रिया गरी यौगिक बनाउँदा लिने वा दिने वा साझेदारी गर्ने इलेक्ट्रोनको सङ्ख्या नै उक्त तत्त्वको संयुज्यता हो, जस्तै : सोडियमको TAM रासायनिक प्रतिक्रिया गर्दा एउटा इलेक्ट्रोन दिन्छ ।"
8,12,12,"8. नक्सामा प्रस्तुत गर्दा वालिङ र काठमाडौँका निर्देशाङ्क बिन्दुहरू क्रमशः (4, 7)
"
8,2,3,संरक्षण गर्नुपर्दछ ।
8,6,7,कागज पट्याएर दुई भागमा रङ लगाउनुहोस्‌ ।
8,4,4,"यसमा प्रतिलिपि (0010) बटन'
"
8,5,5,"यी सबै सङ्ख्याहरूको सम्बन्ध कस्तो
"
8,19,20,शरीरमा अक्सिजनको कमी भएको अवस्थामा शरीर निलो देखिन्छ | यस रोगबाट बच्न चिसो मौसममा शरीरलाई तातो राख्ने कपडा लगाउनुपर्छ ।
8,2,2,"ख्यालीमा विभिन्न
"
8,3,4,गर्दा काँधले टेक्नुपर्छ ।
8,34,31,"> a छ) 03३ ms (%) 0 att y-3 2x 2x 1 ax’ +bx+ce z x-2 26 खनी, m—, (घ) पया (ङ) 0. x+3 xo +2 y-3 x+a x+2 (A) ४११?"
8,29,30,"त्यसैगरी टेलिभिजन अर्को महत्त्वपूर्ण श्रव्य दृश्य सामग्री हो | यसलाई पनि विद्युत्बाट सञ्चालन गरिन्छ | ५. टेलिफोन/मोबाइल : दूर सञ्चारको क्षेत्रमा टेलिफोन, मोबाइल आदि विद्युत् शक्तिबाट नै सञ्चालन गरिन्छ ।"
8,5,6,छायामा राखिएका बिरुवालाई १५ दिन ।
8,15,13,"ा 69 उदाहरण 3 A(2,2), 8(4,6) र 0(6,3) एउटा त्रिभुजका शीर्षबिन्दुहरू हुन् ।"
8,13,14,प्रोटोनको धन विद्युत् र इलेक्ट्रोनको IN विद्युत् बराबर मात्रामा रहेकाले यस्तो भएको हो ।
8,1,2,दोहोच्याउनुहोस्‌ ।
8,32,33,"नेपाली, कक्षा ८ सुनाइ र बोलाइ १. सुनाइ पाठ ४ सुन्नुहोस् र दिइएका वाक्य ठिक भए ठिक र बेठिक भए बेठिक भन्नुहोस् : (क) एटिएम कार्ड कार्यालय समयमा मात्र प्रयोग गर्न सकिन्छ ।"
8,1,2,छोप्नुहोस्‌ ।
8,12,13,२. तल दिइएका उत्तरहरूमध्ये सही उत्तर छान : (क) कुनमा कार्य हुन्छ ?
8,5,6,” हर्कबहादुरको अनुहार गम्भीर भयो ।
8,110,94,"तल दिइएका आकृतिहरूलाई दिएको दिशा र परिमाणमा विस्थापन गर : (क) | (ख) १ / (ग) 2 7 Dem ij cm 2cm 2. बिन्दु (4-5) लाई लखोचित्रमा अङ्कन गरी 3 एकाइ दायाँ र 4 एकाइ माथि विस्थापन गरी प्रस्तुत गर | 3३ तलका निर्देशाङ्कहरूलाई लेखाचित्रमा अङ्कन गरी 3 एकाइ बायाँ र 3 एकाइ माथि विस्थापन गरी लेखाचित्रमा प्रस्तुत गर : (क) (4,9) (ख) (-3,6) (ग) (-2,2) (घ) (-5,5) (ङ) (2,-3) (च) (4,-7) (छ) (-4,8) (ज) (-5,-6) 4. २(-1,-3) र Q(4,5) लाई 2 एकाइ दायाँ र 3 एकाइ माथि विस्थापन गरी लेखाचित्रमा प्रस्तुत गर ।"
8,19,20,"केही उपयोगी धातु, अधातु र अर्धधातुहरू हामीले दैनिक जीवनमा धातु, अधातु र अर्धधातुहरू विभिन्न काममा प्रयोग गर्दै आइरहेका छौँ ।"
8,19,20,"» स्वास्थ्य, शारीरिक तथा सिर्जवात्मक कला, FET Re (उ) ड्राइभ् (Drive) आक्रमक ब्याटिङ दर्शकको लागि जहिले पनि रोमाञ्चक हुन्छ ।"
8,12,8,a-b x 2 त) a-1 q@’-1 (9) a-b?
8,5,5,"तलको तालिकामा देखाइएको छ :
"
8,5,6,यस्ता सङ्क्रेतलाई भौगोलिक सङ्केत भनिन्छ ।
8,13,14,"माछा, भ्यागुतामा बाह्य गर्भाधान हुन्छ भने मानिस, चरा, किरा आदिमा भित्री गर्भाधान हुन्छ ।"
8,4,5,स्कोप्जे मेसोडोनियामा भएको थियो ।
8,6,7,(क) माथिको तालिकालाई वृत्तचित्रमा प्रस्तुत गर्नुहोस्‌ ।
8,15,16,सजीवमा आमा बाबु (parents) बाट नयाँ सन्ततिमा पैतृक गुण सर्ने रासायनिक एकाइलाई वंशाणु (9616) भनिन्छ ।
8,9,9,"गन्ती, ड्रम, मादल, सिटी वा सङ्गीत जस्ता विभिन्न माध्यमको
"
8,4,4,"केही शिशुग्रहले बृहस्पति, मङ्गललगायत
"
8,1,1,"[घर
"
8,21,22,(Peripheral Nervous System) मस्तिष्कबाट निस्किने १२ जोडी खप्परका स्नायु र सुषुम्नाबाट निस्कने ३१ जोडी सुषुम्ता स्नायु मिलेर परिधिस्थ स्नायु प्रणाली बन्छ ।
8,6,7,केहीबेरपछि बाघ मृग घिसार्दै जङ्गलभित्र पस्यो ।
8,8,9,गुरुआमा: तपाईंहरू दुवै जनाले भनेको कुरा ठिक हो ।
8,6,6,"गर्न आएकी सुस्मा राईले एक मृठा
"
8,6,7,उत्पादन हुने प्रक्रियालाई स्पोरोजेनेसिस (5)201026165815) भनिन्छ ।
8,3,3,"अवपातलाई डिप सर्कल
"
8,5,5,"लाई 0 _ [ कति
"
8,20,19,"नेपाली, कक्षा १. दिइएका विषयवस्तु र चित्रका बारेमा समूहमा छलफल गर्नुहोस् : SY 3 Sa _—_ be a ॥"
8,9,9,"/ जागर) नारा घ) नए १८ ८ त तप्राएणाणा
"
8,6,7,"यहाँ ध्वन्तिको आवृत्ति () - 66 12
"
8,9,8,"प्रतिवर्ग कि.मि. क्षेत्रफलमा बसोवास गर्ने जनसाङ्ख्यिक अनुपातलाई जनघनत्व
"
8,5,5,"सरकार गठन गर्ने विभिन्त आधारहरू
"
8,9,10,तयार भएका माटाका जनावरका आकृतिलाई पोलेर बलियो बनाउन सकिन्छ ।
8,19,19,/ क्यालिक्स प्ष्पदल (Corolla) : पत्रदलभित्र रहेका ‘ae रङ्गीन एकल TES (petals) मिली पुष्पदल चित्र नं. 16.16 बन्छ ।
8,7,8,चाँदी जस्तो टल्किने ($11४€1 5011806) बनाइएको हुन्छ ।
8,17,17,"बुबा: त्यहाँ राष्ट्रपति, उपराष्ट्रपति, प्रधानमन्त्री, नेपाली सेनाका प्रमुखहरू हुनुहुन्छ | HR नेपाली, कक्षा क छोरी : बुबा!"
8,4,5,(आ) बढी वर्षा हुन्छ ।
8,5,6,कार्यात्मक एकाइ (010110191 फा) हो ।
8,4,5,एउटा विकर्ण पा) खिच्नुहोस्‌ ।
8,11,12,देशभित्रका तमाम मानवीय समस्या पहिचान गर्दै तिनमा कलम चलाउने चाहना थियो ।
8,7,7,"(अ) ८(1)0 को मान कति द्‌ ०
"
8,5,6,(च) आमाले कसौँडीमा भात पकायो ।
8,2,3,अवस्थामा बस्तनुहास्‌ ।
8,10,11,बिचमा नभएको समयमा नजिकको पास गर्न यो पास उपयुक्त हुन्छ ।
8,135,133,"ae स्वास्थ्य शारीरिक तथा सिर्जतात्मक कला, FT क (at) डेलिभरी (Delivery) बलिङ गर्दा डेलिभरीको समयमा बलरले आफनो शरीरको तौललाई सन्तुलनका साथै गोडाको अवतरण र ब्याट्समेनमाथिको हेराइलाई मिलाउनुपर्ने हुन्छ | यसको लगतै बलरले फलो थ्रु (Follow through) गर्दै पिचको दिशामा सिधाअगाडि बढ्नुपर्छ | AK 1. Run-up 2. Pre Delivery 3. Mid Bound 4. Back Foot 5. Front Foot 6. Ball Release 7. Follow Stride Contact Contact Through क्रियाकलाप: ८.२१ झन्डै १० मिटरको दुरीमा आमने सामने ताँती बनाउनुहोस् | एकातिरबाट कुनै चिहनलाई निशाना बनाई पालैपालो बलिङ गर्नुहोस् र बलिङपछि अर्को ताँतीको अन्तिममा गएर पालो पर्खनुहोस् | त्यसै गरी विकेट किपरपटटिको पालोमा रहेको बलरपटटिको ताँतीमा गएर मिल्नुहोस् | सबैको पालो सकिएपछि पुन: बलिङ अभ्यास दोहस्याउनुहोस् | (ग) फिल्डिङ र क्याचिङ (Fielding and Catching) ब्याट्समेनले हानेको बल रोक्ने, बाउन्डरी रोक्ने 2 ट्मिकों ७३ उन ८ Oe ॥"
8,9,10,उपचारका विधि र उपाय सम्बन्धमा तल उल्लेख गरिएको छ ।
8,18,19,"माथिल्लो तलामा साथीलाई घडी (stop watch) लिएर उभिन लगा | अब, साथीलाई सिठी बजाउन लगाई घडी हेर्न भन ।"
8,5,5,"होचोदेखि अग्लोको क्रममा मिलाएर राख्दा
"
8,11,11,"गतिह्वास हँदा वस्तुको अन्तिम गति सुरुको गतिभन्दा कम हुने भएकाले प्रवेगको
"
8,22,22,क्रियाकलाप: ८.१८ थ्रो इनको अभ्यासका लागि छ सात जनाको समूह बनाउनुहोस् र अर्धगालाकारमा रही सबैले पालैपालो साथीलाई बल फाल्ने अभ्यास गर्नुहोस् ।
8,11,11,"(ख) सबैभन्दा बढी मन पराउने नेपाली विषयको विद्यार्थी सङ्ख्या «152 जना
"
8,10,10,"/१/131) को उचाइ (७) 51) र ०८) को उचाइ 2१
"
8,7,8,यस संस्थाले आफ्नो सेवालाई निरन्तरता दिइरहेको छ ।
8,10,11,(घ) कुन कुन कक्षामा बराबर पुस्तक थान प्राप्त भएको रहेछन्‌ ?
8,6,4,2242 92-%-2 ढ) फरर?
8,4,4,"तर केटा पक्ष गाउँलेहरूले
"
8,5,5,"मानौँ हाल बाबुको उमेर 5०
"
8,2,3,बनाएको छ ।
8,10,10,"हामीहरू देशको सिमानाभित्र नै बसाइँ सरेर गएकाले यसलाई आन्तरिक बसाइँसराइ
"
8,4,4,"उत्पादित कार्य (110 ४/०11:)
"
8,10,10,"वैदेशिक व्यापारका क्षेत्रमा देखिएका समस्या समाधानका लागि वैदेशिक व्यापारको प्रवर्धनमा
"
8,10,10,"यदि रमेशको परिवारमा खानामा मासिक रु. 8500 खर्च लाग्छ भने
"
8,23,23,"माथिको वाक्यअनुसार साँवा [Principal (२)] र. 2500, समय [Time (T)] 2 वर्षसम्म, वार्षिक 10% ब्याजदर [Rate (रि)] ले जम्मा गर्दा ब्याज [Interest ॥"
8,3,4,फलास्कको पानी TTS ।
8,5,6,२. चुम्बकलाई भुइँमा खसाल्नु हुँदैन ।
8,2,2,"आफनै बाख्राले
"
8,10,10,"माथि उल्लेख गरिएका लक्ष्यवाहेक अप्रत्यक्ष रूपमा वातावरण र जैविक विविधतासम्बन्धी
"
8,1,1,"क््णिक्षा
"
8,13,13,"आ) यसले गर्दा लाग्ने रोगको नाम लेखी उक्त रोग लाग्नबाट बच्ने दुई उपाय
"
8,4,4,"स्वतन्त्र र सिर्जनात्मक हुन
"
8,4,3,"गतिन-अर्को वस्तुको गति
"
8,4,5,अर्थात् 760 mmHg हुन्छ ।
8,3,4,सिर्जनासँग जिज्ञासा राखिन्‌ ।
8,6,7,बस्तीका बिचबाटै सडक बनाउने निधो गरे ।
8,10,9,"जर्ज लमेटरले (0012 1,6111901116) प्रतिपादन गरेको सिद्धान्तअनुसार व्रहमाण्ड निरन्तर
"
8,2,3,तयार पार्दुहोस्‌ ।
8,90,92,"स्केल 1 cm = 200 mile समाधान N N, मानौँ, जहाजको सुरुको स्थान = P 135° N, जहाजको अन्तिम स्थान =R TNS ZNPQ = 0459 टर शु ZN,QR = 1352 P चित्रअनुसार, PR = 501) 50) R त्यसैले, सुरुको स्थानबाट अन्तिम स्थानबिचको वास्तविक दुरी -5 x 200 = 1000 mile फेरि, चित्रमा प्रोटेक्टर प्रयोग गरी नाप्दा ZPRN, = 0799 अन्तिम स्थानबाट सुरुको स्थानको दिशास्थिति 53609 - ८23, = 3609 - 079° = 2812 उदाहरण 3 रमेश प्रत्येक दिन 0609 को दिशास्थितिमा 120 मिटर र 1502 को दिशास्थितिमा 180 मिटर हिँड्ने गर्दछ ।"
8,4,4,"हुनुपूर्व चानुवामा प्रत्यक महिनाको
"
8,3,3,"त्यसलाई कक्षाकोठामा प्रदर्शन
"
8,4,4,"20 हर्जदेखि 200 हर्जसम्म
"
8,11,12,"हावापानी, पहाड, चट्टान, रुखविरुवा, सुर्य चन्द्र, नदी, आगो आदिको पृजा गर्थे ।"
8,4,5,सहायताले टेसेलेसन बनाएर हेर्नुहोस्‌ ।
8,2,2,"सम्म जरिवाना,
"
8,8,10,(ख) अर्ध धातुले धातु र ............. दुवैको गुण देखाउँछ ।
8,9,10,"तामा, पित्तल र फलामका भाँडाकुँडा उल्लेख्य मात्रामा उत्पादन गरिन्थ्यो ।"
8,9,10,विजेतालाई तीन अङ्क र पराजितलाई शून्य अङ्क प्रदान गरिन्छ ।
8,3,3,"ती दुई प्रक्रियाबिचको
"
8,2,3,बिरुवा बनाउँछन्‌ ।
8,8,9,सन्तलाल काका वितलब गाउँमा समाजसेवीका रूपमा चिनिनु हुन्छ ।
8,11,12,४. यसमा हावा तथा पानीले सजिलै असर गर्दछ र खिया लाग्छ ।
8,13,13,"दुख्ने र बान्ता हुने, अत्यधिक तापक्रमका कारण बेहोस हुने, शरीरको तापक्रम १०१ देखि
"
8,2,2,"उत्पादन मिति
"
8,11,12,यही ढकसँग नापेर संसारका अरू देशहरूको एक किलोग्राम ढक बनाइएको हुन्छ ।
8,21,22,"& वृक्षरोपण गरेर, गरैगरा बनाई खेती गरेर, नदी किनारमा बाँध बनाएर, भिरालो जमिनमा फलफूल तथा घाँस रोपेर माटोको संरक्षण गर्न सकिन्छ ।"
8,30,31,(अ) स्थानीय वायु (आ) पर्वतीय वायु (इ) बाढी पहिरो ल्याउने वायु (ई) समुद्रबाट जमिनतर्फ र जमिनबाट समुद्रतर्फ जाने आवधिक वायु (घ) मनसुनी वायुको विमुखमा पर्ने ढालमा (पाखामा) कति वर्षा हुन्छ ?
8,6,7,मानिसले समेत बिउ विभिन्न स्थानमा पुस्याउँछन्‌ ।
8,10,11,(इ) त्यसपछि पहिलो सिसीमा लेउ भएको पानी जस्ताको त्यस्तै राख्नुहोस्‌ ।
8,7,8,(घ) कुन घटनामा कथा समाप्त भएको छ ?
8,12,12,"रेखाखण्डको प्रयोग गरी (क) वर्कसिटमा बनाइएको जस्तै आकृति पनि बनाउनुहोस्‌ र निम्नलिखित
"
8,6,6,"र विशेषताहरू तलको तालिकामा भर्नुहोस्‌ :
"
8,3,3,"हामीलाई थाहा छ,
"
8,24,25,"At ( ७ ०००% | ८ y ia स्वास्थ्य, शारीरिक तथा सिर्जतात्मक कला, कक्षा द aCe तार टल्किने हुँदा यसमा रङ लगाउनुपर्छ भन्ने छैन ।"
8,3,3,"दुवैमा पाइने विशेषता
"
8,9,8,"तामाजिक अध्ययन तथा मातव सल्य शिक्षा, कक्षा-द छिन्जँदई?"
8,9,7,"-(70)2-.........१(60)2 अब 924290--02 सँग तुलना गर्दा, ॥"
8,6,4,4.4.4.4 टेसेलेसनले गरिन्छ ।
8,5,6,यसलाई अङ्ग्रेजी अक्षर € जनाइन्छ ।
8,10,10,"टोबाको मोजाइक, साधारण व्लाइट, धान डढुवा, कालीपोके जस्ता रोगले खाद्यवाली
"
8,7,8,विभिन्त स्रोतबाट पानी जम्मा गरी विकरमा राख्नुहोस्‌ ।
8,4,5,पनि एकै प्रकारको हुँदैन ।
8,12,12,"बारे विश्वको ध्यान आकर्षण गर्न सन्‌ २००९ मा ५५५० मिटर उचाइमा रहेको
"
8,2,2,"पशुपतिनाथको ज्योतिलिंङ्ग
"
8,6,6,तल त्रिभुजाकार प्रिज्मको चित्र दिइएको छ।
8,11,12,२. रोगको पहिचान र उपचार : गाईभैँसीमा अनेक रोगले आक्रमण गर्छन् ।
8,1,1,"यसअन्तर्गत
"
8,12,12,"१. तपाइँ बसोबास गरिरहेको स्थानको नाम कसरी रहन गएको होला, आफूना अभिभावक
"
8,9,10,(क) कबडडी खेल्ने विभिन्न नाममध्ये कुनै एकको नाम लेख्नुहोस्‌ ।
8,12,12,"(ग) तटस्थ बिन्दु (1€60170] 2011) को अस्तित्व भूचुम्बकीय क्षेत्र र अन्य चुम्बकीय
"
8,6,4,8.1.1 त्रिभुजहरूको क्षेत्रफल (॥
8,2,2,"साइटोप्लाज्मको कार्य
"
8,6,7,(इ) केही दिनपछि रोटीमा फन्जाइ देखियो ।
8,4,5,तथा सम्मान गरिएको छ ।
8,8,9,त्यसैले राणाले उनलाई दण्ड दिने अवसर खोजिरहेका थिए ।
8,11,12,(इ) एउटै ग्रपमा पर्ने तत्त्वका भौतिक तथा रासायनिक गुण समान हुन्छन्‌ ।
8,8,9,(ख) ढकनीको वरिपरिको घेरा भनेको वृत्तको परिधि हो ।
8,7,8,हुँदा यसले आणविक चुम्बकमा कम्पन पैदा गर्दछ ।
8,8,9,महिनावारी हुँदा लगाएको कपडा पनि धोएर सफा गर्नुपर्छ ।
8,6,6,"डाक्टरले असुरक्षित गर्भपतनका साथै अन्य कारणले
"
8,9,10,माटो : कुनै स्थानको हावापानीमा माटाले पनि प्रभाव पार्छ ।
8,18,18,यदि दुईओटा आधारहरूको (गुणन/भाग) को Utes एउटै छ भने त्यो घाताङ्क दुवैमा = 2 x 2x 2x a?
8,6,7,संपृत : त्यो त लिँदैन होला ।
8,8,8,"विस्थापनको नियम 3 एकाइ दायाँ र 2 एकाइ
"
8,9,9,"सृक्ष्मदर्शक यन्त्रमा देखिएको परागकण अङक्‌्रणको अवस्था अध्ययन गरी प्रयोगात्मक
"
8,31,32,चुम्बकका ध्रुवहरू जहिले पनि जोडामा हुन्छन् | एक मात्र धुव भएको चुम्बक हुँदैन | चुम्बकका धुवहरूलाई छुट्याउन सकिँदैन | चुम्बकीय उपपादन (Magnetic Induction) क्रियाकलाप २ frat पिन फलामको किला टेबुलमा राख ।
8,4,4,८७ उँ 02 उन।
8,10,11,थर्मसले कनै पनि वस्तुलाई लामो समयसम्म निश्चित तापक्रममा राख्न सक्छ ।
8,7,7,"सन्‌ २०२१ को जनगणनाको तथ्याङ्कका आधारमा ग्रामीण
"
8,7,8,| लिए रू. तान सय आठ मात्र ।
8,3,4,उर्जा प्राप्त हुन्छ ।
8,7,8,यस्ता प्रकृतिका क्रियाकलाप कहिलेकाहीँ जोखिमयुक्त हुन सक्छन् ।
8,10,11,(ख) के सङ्गीत वा डृुमको तालमा कवाजको प्रदर्शन मिलेको छ ?
8,16,16,"नै समूह 13 ले वनस्पति कोषमा मात्र पाइने विशेषता र समूह (: ले दुवैमा पाइने साझा
"
8,12,11,"अथवा 2 4 25 मा ) 5 0,5 र 10 राख्दा,
"
8,11,12,(अ) दुईओटा तारा जुधेर फत्किएको तातो पदार्थीय भागबाट पृथ्वी उत्पत्ति भयो ।
8,17,18,यदि जाम पानीमा नफिँजीकन गिलासको पिँधमा गएर बस्यो भने हामीले पकाएको जाम तयार भयो भन्ने जाने हुन्छ ।
8,3,3,"यो बेलनाको नमुना
"
8,2,3,भएको हुनुपर्छ ।
8,5,5,"(ङ) स्टिल र स्टेनलेस स्टिल
"
8,10,10,"(इ) भित्रको नाङ्गो तारलाई बटार्ने र टुप्पोतिरको भाग बाङ्गो पार्ने
"
8,8,9,पृथ्वीको लगभग ७१ प्रतिशत भूभाग पानीले ढाकेको छ ।
8,6,7,फणा[5) हुने प्रजननलाई अमैथुनिक प्रजनन भनिन्छ ।
8,14,15,२. साथीहरूको समूह बनाई समोसा तयार गर र समूहगत रूपमा मूल्याडकनसहितको टिपोट तयार गर ।
8,11,11,"कुनै पनि देशको जनसङ्ख्याको बनोट भन्नाले उमेर, लिङ्ग, जातजाति, धर्म, पेसा
"
8,6,7,तीमध्ये केही सहिदका विषयमा छलफल गरौँ ।
8,11,12,सबै अम्लको स्वाद लिनु हुँदैन किनभने कडा अम्लले छाला जलाउन सक्छ ।
8,3,3,"बाँकी खेलाडीलाई पोलदेखि
"
8,6,7,(गर् : सङ्केतार्थ) (छ) हरि घर ।
8,4,4,"एका अभ्यास 1511 फा
"
8,18,19,परमाणुको बाहिरी सेलमा k भएमा 2 ओटा र अन्य भएमा 8 ओटा इलेक्ट्रोन रहेर परमाणु तटस्थ बन्न खोज्छ ।
8,108,109,"वैदेशिक रोजगारलाई व्यवस्थित गर्न वैदेशिक रोजगार प्रवर्धन बोर्डको गठन गरिएको छ | यसको कार्यलाई निम्नानुसार प्रस्तुत गर्न सकिन्छ : (क) वैदेशिक रोजगार व्यवसायलाई प्रवर्धन गर्ने एवम् सुरक्षित, व्यवस्थित र मर्यादित बनाउने, (ख) कामदार तथा व्यवसायी दुवैको हकहित संरक्षण गर्ने सम्बन्धमा अल्पकालीन तथा दीर्घकालीन नीति नियम बनाई नेपाल सरकार समक्ष पेस गर्ने, (ग) वैदेशिक रोजगारी सम्बद्ध विभिन्न किसिमका अभिमुखीकरण तथा अन्य सिप सम्बन्धी तालिम दिने संस्थाको दक्षता तथा योग्यता स्पष्ट पार्ने, Ro पेसा, व्यवसाय र प्रविधि, कक्षा ८ (घ) वैदेशिक रोजगारीमा हुन सक्ने अवसर तथा चुनौती सम्बन्धी विभिन्न जनचेतनामूलक कार्यक्रम प्रचार प्रसार गर्ने र गराउने, (ङ) वैदेशिक रोजगार ऐनको पुनरवलोकन गर्नुपर्ने भएमा नेपाल सरकारसँग परामर्श गर्ने एवम् सुझाव दिने ।"
8,4,5,जस्तै सोलेन्वाइड ($0161010) बनाउनुहोस्‌ ।
8,6,5,"चित्र 1.3 प्रयोगशालामा प्रयोगात्मक कार्य
"
8,4,5,सहभागीहरू तीन पङ्क्तिमा उभिनुहोस्‌ ।
8,14,15,नेपालले वैदेशिक व्यापार घाटा निराकरणका लागि आफना जनशक्तिलाई स्वदेशमै रोजगारीको अवसर प्रदान गर्न सक्नुपर्छ ।
8,3,3,"हाम्रो सौरमण्डल पनि
"
8,7,8,कोही कौसी र बार्दलीबाट जात्रा हेरिरहेका थिए ।
8,7,8,"नेपाल बहुजातीय, बहुभाषिक र बहृधार्मिक देश हो ।"
8,7,8,५. बिउ नै भावी बिरुवाको रूप हो ।
8,11,12,र पछि ल्याटिन जातिले इट्स्कन जातिलाई परास्त गरी गणतन्त्रको स्थापना गस्यो ।
8,12,13,"त्यस्तै हामी नै हेर न, काका जानुभएकाले हामी पनि सुर्खेत गएका हौँ ।"
8,104,94,"अभ्यास 22.1 1. हल गर : (क) 795 21 (ख) x-8=9 (ग) 3x44 5 13 2x43 x (घ) 5x-14 =8 (ङ) A =7 (च) Sth 7 5 6 छ ज 10x+8 (छ) 8x+9 = 10 (ज) 13y-14 = 12 (%) E17 2. हल गर र जाँचेर हेर : (क) 5x3 = 2x46 (ख) 4x47 = 3x+10 (ग) 9414x = 27-11 3x+8 x+4 (घ) 404) = 30-1) (ङ) 17-By = 5-20y a) = 3. हल गर : (क) ~2=4 @ र न (ग) 42-2 x+2 3 5-4x 2 5x+7 3 हाम्रो गणित, कक्षा | 2222?"
8,6,7,मैले उहाँहरूलाई नचिनीकनै नमस्कार गरेको थिएँ ।
8,9,10,गर्मी बढेसँगै तराई भेगमा तातो हावा चल्न सुरु गर्छ ।
8,10,11,दि रतन्धो भएका मानिस कुनै वस्तुलाई राम्रोसँग देख्न नसक्ने हुन्छन ।
8,2,2,"औद्योगिकीकरणले पुथ्बीको
"
8,93,94,चुम्बकीय शक्तिको ह्वास हुनुको प्रमुख कारण त्यसमा रहेका अणु चुम्बकहरूको क्रम बिग्रनु हो | चुम्बकमा रहेका अणु चुम्बकहरू एउटा निश्चित दिशामा फर्केर रहेका हुन्छन् | यदि क्नै तरिकाले ती अणुहरूको क्रम बिग्रन गएमा त्यसको चुम्बकीय गुण नाश हुन्छ | निम्नलिखित क्रियाकलापले चुम्बकको चुम्बकीय गुण ह्वास हुन जान्छ : १. चुस्बकलाई तताउँदा २. चुम्बकलाई भुइँमा खसाल्दा ३. चुम्बकलाई घनले पिददा ४. समान धुव आपसमा रगड्दा ५. समान धुव एकैतर्फ पारेर लामो समयसम्म राख्दा चुम्बकीय शक्ति संरक्षणका उपायहरू चुम्बकीय शक्ति जोगाइ राख्न निम्नलिखित उपायहरू अपनाउनुपर्दछ : १. चुम्बकलाई तताउनु वा तातो वस्तुको नजिक राख्नु हुँदैन ।
8,11,12,(ग) ग्रुपको विशेषताका आधारमा तलका मध्ये कुन चाहिँ वाक्य सत्य हो ?
8,11,10,"यसको आकार ] माइक्रोमिटरभन्दा पनि कम करिब 0.2 माइक्रोमिटर जति
"
8,9,10,(घ) प्रत्येक पाँच दिनको अन्तरमा लेउको वृद्धि अवलोकन गर्नुहोस्‌ ।
8,3,4,ले आधा गर्छ ।
8,2,2,|) ॥
8,35,36,"तीमध्ये सङ्गीतकला त्यस्तो ललितकला हो जसमा स्वर, ताल र नृत्यका माध्यमबाट हामी आफनो भावना सहजै व्यक्त गर्न सक्छौँ | जब गायन, वादन तथा नृत्य तीनै कलाको सामूहिक प्रस्तुति गरिन्छ तब त्यहाँ सङ्गीतले पूर्णता प्राप्त गर्दछ ।"
8,14,14,"थुँगा फुलका हामी' मा कोमल ग, नि स्वरको प्रयोग गरिएको छ त्यसैले यसलाई माइनर
"
8,2,2,व्युक्लियोलस [॥
8,8,8,क्षेत्रफललाई दुई गुणा गर्दा चाप आधा भएको छ।
8,3,4,नमुना निर्माण गर्नुहोस्‌ ।
8,12,12,"3३. जरामा रहेको रुट हेयरको (1001 1917) कोषभित्ताले जमिनबाट पानी र लवण
"
8,4,5,हामी त उनका कुरालाई ।
8,4,4,"2१ 1 क (€ः
"
8,3,4,धनिसा | अवरोह ।
8,5,5,"पिन भएको छेउतिर तताउनुहोस्‌ र
"
8,18,19,(क) सेल्सियस स्केल (Celsius Scale) : सेल्सियस स्केलमा तल्लो अचल बिन्दु 0०0 र माथिल्लो अचल बिन्दु 100°C मानिन्छ ।
8,9,9,"त्यसैले यसमा तामा, म्यान्गानिज र म्याग्नेसियम मिसाएर डुरालुमिन (601910ा1111)
"
8,9,10,O पृथ्वीतिर वस्तु खस्दा त्यसमा गुरुत्व प्रवेग उत्पन्न हुन्छ ।
9,8,8,गरिएको मिटरको न्यूनतम ठाए510१ 0405. “19:08. पि ॥
9,2,2,"एउ उ.
"
9,18,19,त्यस्तै अर्थतन्त्रमा मुद्राको आपूर्ति कम हुँदा वस्तु तथा सेवाको माग घट्न गई वस्तु तथा सेवाको मूल्य घट्न जान्छ ।
9,18,18,"2 टेबुल र4 कुर्सीको मूल्य रु. 1,800 पर्छ भने एक टेबुल र एक कुर्सीको मूल्य कति पर्छ ?"
9,60,61,"मध्यिकालाई तलको चित्रबाट अझ प्रस्ट धारणा बनाउन सजिलो हुन्छ : 50% 50% त ee साली फडिकि a | A M, B TT जजज्जि 0000 100% चित्रमा कुल तथ्याङ्कलाई रेखाखण्ड AB मानिएको छ र AB लाई ठिक आधा बनाउने एउटा बिन्दु M, छ जसले M, बाट बायाँ र दायाँ बराबर दुई भागमा अर्थात् तल्लो 50% र माथिल्लो 50% मा विभाजन गर्दछ ।"
9,17,17,भुमिमा आएपछि आफन्तसँग टाढा AT | आफन्तसँग कहिलेकाही हुने खटपट र चिसोपन पनि बेकारमा गरिएछ जस्तो लाग्छ।
9,3,4,मिलाउँदै अडडातिर लाग्यो ।
9,2,3,भएको छ ?
9,12,12,"cosecztan= sec 4 sec, sinesin प्र Tw 1 Tw T (g) sec?"
9,11,12,खोज्दा सारा गाउँलेको ज्यानै जाने भो भन्ठानी सबै गाउँलेको सातोपुत्लो गएछ ।
9,2,2,"काठमाडौँ उपत्यकाभित्र
"
9,13,13,"यदि सो गिलासको 6 010 उचाइसम्म सुपले भरेर दिने गरिन्छ भने 250 जना
"
9,6,7,1000 एउटा कम्पनी वा पसलमा जानुहोस्‌ ।
9,16,17,त्यस्तै आफ्नै पालिकाबाट सिप तथा व्यावसायिक तालिम लिएर स्वरोजगार बन्न सकिने कुरा वडाध्यक्षले पनि भन्दै हुनुहुन्थ्यो ।
9,10,11,"भैगो त भैगो, भोलि पुगेन भने मलाई के, पुगेन भन्दिन्छु ।"
9,8,9,वेगलाई स्केलर परिमाण र गतिलाई भेक्टर परिमाण हुन्‌ ।
9,6,7,"” नरेश, “दुष्टहरू को हुन् आमा ?"
9,5,6,सबैले उनलाई धन्यवाद दिने छन् ।
9,3,4,यसमा हेमोग्लोबिन हुँदैन ।
9,12,12,"विधान, नियम र यससम्बन्धी अन्य व्यवस्था सरकारले निर्धारण गरेको मापदण्डमा केन्द्रित रही
"
9,6,6,"सामाजिक अध्ययव; कक्षा ९ क ८0
"
9,17,18,"पीनु४ नेपाली, कक्षा ९ ५. दिइएका प्रश्नको उत्तर लेख्नुहोस् : (क) नेपाली लोकबाजाको विकास कसरी भएको छ ?"
9,8,9,तामाको दुप्पामा हेर्दा कति डिग्रीको कोण बन्छ होला ?
9,6,7,(क) वृत्तको परिधिको लम्बाइ कति हुन्छ ?
9,4,5,कोभ्यालेन्ट बन्ड पनि हुन्छ ।
9,4,6,. अशुद्ध जिङ्कको प्रयोग गर्नुपर्छ ।
9,3,3,"2. केरा, एभोकाडो,
"
9,14,14,"(घ) एक जना किसान उत्पादन बढाउनका लागि रासायनिक मलको प्रयोग गर्ने कि नगर्ने भनी
"
9,4,5,१. संविधान कसरी बनाइन्छ ?
9,11,11,"राजा जनकले सबै मिलेर बस्न, सबै मिलेर बाँडीचुँडी खान, सबै मिलेर
"
9,10,10,"दूरसञ्चार प्रणालीमा विभिन्न इलेक्ट्रोनिक तथा अप्टिकल उपकरणहरूमार्फत सूचनाहरू एक स्थानबाट
"
9,9,9,"भएको चतर्भज को गर्नहोस / ला गाटै त (ः
"
9,15,16,११. दिइएको अनुच्छेद पढ्नुहोस् र तोकिएको कार्य गर्नुहोस् : सुनिता र अनिता नौ कक्षामा पढ्छन् ।
9,12,12,"देश र समाजका सबै वर्ग, समुदाय र तहमा भएका विभैद र असमानतालाई
"
9,12,12,"बल, अर्जा, पदार्थ, जीवहरूको उत्पत्ति, पृथ्वीको बनोटलगायत अन्तरिक्ष जस्ता विभिन्न क्षेत्रहरू बारेमा
"
9,8,8,"यान्त्रिक फाइदा (40) - 11 0-0902) _ (0:090)
"
9,110,112,"पहिलो सर्तअनुसार, 3x=y अथवा, y= 3x... (i) 0”) ) गणित कक्षा ९ दोस्रो सर्तअनुसार, (10x + y) + (10y + x) = 88 अथवा, 10x + y+ 1002 88 अथवा, lx + lly =88 अथवा, (x + y) 5 88 अथवा, x+y =8 ......... (1) समीकरण (i) बाट x को मान समीकरण (7) मा प्रतिस्थापन गर्दा, अथवा, x+3x=8 अथवा, 458 अथवा, x= छ =2 x को मान समीकरण () मा राख्दा y=3x=3x2=6 अतः सुरुको सङ्ख्या = 10x + y=10x2+6=26 es | वैकल्पिक तरिका सुरुको सङ्ख्या र अङ्कको स्थान बदल्दा बन्ने सङ्ख्याको योगफल 88 हुन्छ | ती सङ्ख्याहरू, 17र 71, 26 र 62, 35 र 53 तथा 44 र 44 हुन सक्छन् ।"
9,7,4,"(छ) त्‌ 1-0.1 0.9
"
9,13,13,"एउटा कम्पनीमा रहेका कामदारको कुनै एक दिनको पारिश्रमिक विवरण तालिका र यसबाट निर्मित
"
9,2,2,"श्री प्रधानाध्यापकज्यू,
"
9,13,14,"सुत्ने कोठामा उनीहरूले बुद्धवाणी, गान्धीवाणी जस्ता धेरै शान्तिका सन्देश नेपालीमा लेखेर टाँगेका थिए ।"
9,12,12,"अमरसिंह थापाले मलाउको युद्धमा र भक्ती थापाले देउथलको युद्रमा देखाएको बहादुरी अविस्मरणीय
"
9,6,6,"यसको मदतले मापन सही तरिकाले गर्न
"
9,4,5,सहकार्यको भावना वृद्धि हुन्छ ।
9,12,13,DOMESTICGS~15A> i | ; बु i i i ५ बै i i ॥
9,2,2,"हर्मोन नलीविहीन
"
9,51,51,"क्रियाकलाप १. तपाइँले बजारबाट किनेर ल्याएका खाद्यवस्तुको नाम, उत्पादन मिति, म्याद समाप्त हुने मिति, वस्तुको मिश्रणको अवस्था, मूल्य र तौल अवलोकन गर्नुहोस् र तोकिएबमोजिमको गुणस्तर भए नभएको पहिचान गर्नुहोस् | Se arate अध्ययन, कक्षा-१० २. “उपभोक्ता अधिकार हामी सबैको अधिकार” भन्ने शीर्षकमा एउटा लेख तयार गरी विद्यालयको सूचना पाटीमा टाँस्नुहोस ।"
9,11,11,"पशुपतिनाथ प्राङ्गणको व्रहमा मन्दिर, पाटन शङ्खमूलको जगतनारायण मन्दिर आदि हाम्रो देशमा
"
9,6,7,अतिक्रमणले छिमेकी देशहरूको सम्बन्ध बिग्रन सक्छ ।
9,15,15,"10. चतुर्भुज आकारमा बनाइएको एउटा बगैँचा 136) छ, जसमा (: 5 90२, 413 5910, उ
"
9,8,8,फन ७ 988 107 0144 ब101703900 ठुकपन ॥
9,11,11,"प्रतिक्रियारत पदार्थहरू बाण चिहनको बायाँतिर लेखिन्छ भने उत्पादित पदार्थहरू बाण चिहनको
"
9,9,10,थोरै लगानीबाट लगनशील भएर काम गर्दा सफलता पाएका छन्‌ ।
9,4,5,रजौटाहरूले अङ्ग्रेजसँग सम्पर्क राखे ।
9,13,13,"4. घुलनशीलता (धेरै जसो प्राङगारिक यौगिकहरू | धेरै जसो अप्राङ्गारिक यौगिक पानीमा घुल्छन्‌
"
9,12,13,(ख) सेवा शुल्क (5600) र मूल्य अभिवृद्धि कर (४४) रकम हिसाब गर्नुहोस्‌ ।
9,12,12,विश्वेश्वरप्रसाद कोइरालाको जन्म वि.सं. १९७१ भदौ २४ गते बनारसमा भएको थियो ।
9,11,11,"अतः प्रतिक्रियारत पदार्थहरूमा भाग लिने प्रत्येक तत्त्वका परमाणुहरूको सङ्ख्या र उत्पादित
"
9,6,7,के के आधारमा हेपाइ हुने गर्छ ?
9,10,10,"अण्डाशयले अण्डा उत्पादन गर्नुका साथै इस्ट्रोजेन र प्रोजेस्टेरोन नामक से
"
9,8,9,साइबर बुलिङ सूचना तथा सञ्चार प्रविधिको दुरूपयोग हो ।
9,2,2,"सन उन
"
9,4,4,"नेपाली, कक्षा ९ दिय
"
9,4,4,"यसले नक्सा प्रयोग कर्तालाई
"
9,10,10,(ग) एएभित्र & र छ का मात्र सदस्य भए ॥
9,13,14,मनकामनाको जस्तै केबलकार यो ठाउँमा पनि भइदिए जुत्ताको तलुवा खियाउनु पर्ने नै थिएन ।
9,5,5,लेड (२०) र पारो (पट?
9,11,11,"बाँच्नका लागि सक्षम सजीवका अनुक्‌लित गुणहरू सन्ततिहरूमा सर्दै जाँदा धेरै वंशपछि
"
9,4,5,यो स्वयमूसेवी संस्था हो ।
9,6,7,(क) विकासको अवधारणाको छोटो व्याख्या गर्नुहोस्‌ ।
9,6,7,खुसी हुँदै बेलुका उहाँ घर फर्किनुभयो ।
9,11,11,"(इ) तौललाई 67) माथि उठाउँदा हुने लागत कार्य र उत्पादित [1]
"
9,7,8,गरेको विकासका बारेमा जिज्ञासा राखी चिठी लेख्नुहोस्‌ ।
9,7,8,ले उक्त ग्याँसलाई हाइड्रोजन नामकरण गरेका हुन्‌ ।
9,2,2,"नेपालको वर्तमान
"
9,18,17,"लागि एउटै अक्षांशमा पर्ने लण्डन (५१० उत्तरी अक्षाश र ००.) र क्यालगरी ( ५१० उत्तर अक्षांश र
"
9,4,4,सेन्टिमिटर भन्दा बढी हुन्छ।
9,9,9,"तपाईँ पढ्ने कक्षामा भएका विद्यार्थीबाट निम्नलिखित समूहहरू बनाउनुहोस्‌ :
"
9,17,17,"सिजनका बुबाले फोटो खिच्नका लागि 2 11 » 1 10 को एउटा मात्र ढोका भएको अध्याँरो कोठा
"
9,6,6,"त्यसका साथै विद्यालयमा साइबर सदुपयोग र
"
9,6,7,"बिलोज्यान - तव र सव दुबै लगाउन
"
9,10,10,"द. तपाइँको समाजमा आइपरेका सामाजिक समस्याबारे छलफल गरी निष्कर्ष कक्षामा
"
9,14,15,उक्त उद्देश्यअनुरूप बिदाको दिन गाउँसहरका मुख्य स्थानमा विभिन्न सचेतना कार्यक्रम आयोजना गर्न लागेको छ ।
9,9,10,यो संविधान मस्यौदा आयोगले तयार पारी जारी गरिएको थियो ।
9,3,4,लक्ष्यमा निरन्तर लाग्नुपर्छ ।
9,8,9,कापीमा ट्रेस गर्नुहोस्‌ र वृत्तको केन्द्रबिन्दु पत्ता लगाउनुहोस्‌ ।
9,46,47,"(क) उद्यमका विशेषता (Features of enterprise) उद्यमका विशेषताहरू निम्नानुसार छन् : 1) योजना (Plan) : उद्यमीले कुन वस्तु उत्पादन गर्ने, कसरी उत्पादन गर्ने, कहिले उत्पादन गर्ने, कति मूल्यमा बिक्री गर्ने भन्ने जस्ता कामको योजना वनाउनुपर्छ | सफल उद्यमी बन्नका लागि उद्यमीमा योजना निर्माण गर्ने क्षमता हुनुपर्छ ।"
9,3,3,"उडे ) २४
"
9,13,14,छैटौँ एकाइमा सीमान्त उपयोगिता शून्य भएको छ जुन उपभोक्ताको पूर्ण सन्तुष्टिको अवस्था हो ।
9,9,10,"1३6: / ५1) . | क्रमागत भित्री कोणको योगफल 1802
"
9,2,1,"एकाइ-दुई
"
9,5,6,(क) आधारको अर्धव्यास पत्ता लगाउनुहोस्‌ ।
9,21,22,घना बस्ती र जनसङ्ख्या भएका सहरी क्षेत्रमा ठुला ठुला खानेपानी आयोजना निर्माण गरेर सहरी क्षेत्रमा रहेको खानेपानीको समस्या समाधान गर्न सकिन्छ ।
9,7,7,"विश्वासप्राप्त सेवक भएको कारण धनकुटा, जुम्ला, डडेलधुरा
"
9,53,54,"द. दिइएका शब्द पढी सुरु, बिच र अन्तिममा दीर्घ ईकार भएका शब्दको अलग अलग सूची बनाउनुहोस् : दीप, नवीन, परीक्षा, भनी, दिदी, डोटी, एकीकरण, समीभवन, नेपाली, इलमी, सीता, हीन, असी, सीमा, टीका, प्रार्थी, त्यागी, समीक्षा, भवदीय ९. पाठमा प्रयोग भएका सुरु, बिच र अन्तिममा दीर्घ ईकार भएका शब्द पहिचान गरी साथीहरूसँग छलफल गर्नुहोस् ।"
9,17,12,+q +3) 07-१- 11)] (1) (a+ b—14) (a—b 42) (A) +x —y-3)-(’?
9,6,6,"अकालमा नै ज्यान गएका घटनाहरू |
"
9,1,1,"मा)
"
9,3,3,"पने ७२:22... »--
"
9,5,5,"ती ग्रन्थिहरूले शरीरलाई आवश्यक स्रावहरू
"
9,12,12,"कुलत त्यागेर सत्‌मार्गमा लागेको कुनै व्यक्तिलाई आफनो भविष्य सुन्दर बत्ताउन प्रोत्साहित गर्दै
"
9,1,2,मानिन्छ ।
9,6,8,"पिजा, बर्गर खाएर रमाइरहेका होलान्‌ नि ... ।"
9,29,30,"; 8. afexetyt+ 2=(xy t+ yz+ zx), भए प्रमाणित गर्नुहोस् : a x — @ -—Z a Z—X (5) * (=) * (5) 1 9. aeatbtc=ORT xh xX x oO!"
9,8,8,"संस्कृति विद्या, बुद्धि, सम्पन्नता, रूप, गुण आदिको विकास
"
9,7,8,बन्ड बनाउँदै लामो सिक्री (0910) बनाउने अनौठो ।
9,5,6,1). व्यक्तिगत माग रेखा हो ।
9,5,5,"कुनै अग्लो पर्खालका अगाडि जोडले
"
9,7,7,"सीमा अतिक्रमण वा सीमा मिचिने विविध कारण
"
9,6,6,"7. (क) 308 cm’, 220 cm?"
9,2,2,"०१“ /
"
9,6,5,"दोस्रो पद (,) त 7
"
9,11,12,भएको र राज्यका अङ्गबिच शक्ति पृथकीकरण र सन्तुलनको व्यवस्था पनि रहन्छ ।
9,5,5,ठाउँमा भएका साइबर अट्याक (८४०९।
9,3,4,वर्गमिटर देखाइएको छ ।
9,5,6,(स्त्रीलिङ्ग) (ख) तँ भोलि आउलास् ।
9,7,8,बुद्धले विश्वभरि शान्ति र अहिंसाको सन्देश फैलाए ।
9,8,8,"मल्चिङ भत्तेको माटाको चिसो उम्कन नदिनका लागि बिरुवाको
"
9,14,14,"लत्ता कपडा : हामीले लगाउने लत्ता कपडा विभिन्न प्रकारका पदार्थ (जस्तैः कपास, सिल्क, जुट,
"
9,2,2,इलेक्ट्रोन (४॥
9,6,7,जानकारीका लागि धातुमा कुँदेर राख्न लगाउँथे ।
9,4,4,"त्यसैले प्रथा परम्परा पनि
"
9,11,11,"ज) नेपाली उद्योगहरूबाट उत्पादित वस्तुको बजार प्रवर्धनका लागि विज्ञापन तथा प्रचार
"
9,4,4,"अवयवहरू (९९11 0129161165) लाई
"
9,13,13,"(ख) एटलसमा भएको नक्साको सहायताले काठमाडौँ र आफ्नो प्रदेश राजधानीको दुरी नाप्नुहोस्‌ र
"
9,13,14,के यसरी मध्यबिन्दु पत्ता लगाउँदा प्राप्त हुने अन्तिम मध्यबिन्दु & को नजिकै पुग्छ ?
9,7,7,"भाग नचल्ले गरी जोडिएको हुन्छ र बिचमा
"
9,3,3,"दिगो विकासको अवधारणाअनुरूप
"
9,13,13,"झ्याउ भएको, जनावरको रगत चुसेर बाँच्ने परजीवीहरू टेपवर्म, पेटमा पर्ने जुका देख्नु भएको
"
9,2,2,"उहाँले नौ
"
9,6,7,त्यसको भित्ता हरियो wet पोतेको छ ।
9,12,12,"३. तपाईँको विद्यालयमा फूलबारी निर्माणका निम्ति एक समूहगत प्रस्ताव तयार पारी प्रधानाध्यापक
"
9,6,6,कोषहरू मिली बनेको हन्छ _ ॥
9,3,4,"श्रेष्ठ - असल उत्तम
"
9,3,4,काम कार्य गर्छ ।
9,8,8,"यी तरङ्गहरूले जीवहरूको शरीरका कोषहरूलाई असर नगर्ने भएकाले
"
9,5,6,ल्याएको माटो थुप्रिएर बनेको छ ।
9,3,3,"बिरुवालाई आवश्यक प्रमुख
"
9,4,4,"न) 12)112, न 2,
"
9,10,10,"बन्ड बन्ने प्रक्रियामा क्याल्सियमको भ्यालेन्स सेलमा रहेका दुईओटा इलेक्ट्रोनमध्ये एउटा
"
9,9,10,अनावश्यक हल्लाहरू फिजाउने जस्ता क्रियाकलाप साइबर बुलिङका उदाहरण हुन्‌ ।
9,10,10,"७. पूर्णविराम, अल्पबिराम, अर्धविराम र उद्धरण चिहनको प्रयोग गरी ग्रामीण
"
9,14,15,"रेट . नेपाली, कक्षा ९ करेसाबारी AB हु Tt Gi in] EP 2०22 a ॥"
9,3,4,"वुतान्ता - अयान, जलिबिस्तार
"
9,6,7,"पाठको भाषा सरल, जटिल कस्तो छ ?"
9,7,8,उपत्यकालाई आक्रमण गर्न तयारी मजबुत बनाएका थिए ।
9,3,3,"चु 486 पी”
"
9,20,21,नेपाललगायत संसारभर विभिन्न कार्यक्रम सञ्चालन गरेर महिला अधिकार प्राप्ति र शसक्तीकरणमा सवै पक्षको सहयोग सुनिश्चितताका लागि यो दिवस मनाउने गरिन्छ ।
9,10,10,"मिथेन अणुमा कार्बन र हाइड्वोजन परमाणुहरूबिच कोभ्यालेन्ट बन्ड रहेको हुनाले
"
9,8,8,"721110] 0 ८ 170 स्स्ट _0) स्स्ट 0)
"
9,2,3,समेत लिए ।
9,2,2,"यस्तो ध्वनिलाई
"
9,8,9,"भएको पिण्डमा परिवर्तन हुन्छ, यसलाई न्युट्रोन स्टार भनिन्छ ।"
9,11,11,"प्याङकक्रियाज आदिमा हुने ट्युमर, कलेजो रोग, आन्द्राको समस्या, महिलाहरूको पाठेघरको समस्या
"
9,7,7,"यसका साथै उनीहरूको आम्दानीका अन्य स्रोतमा व्यापार,
"
9,60,61,"8, / (i) AO, BO, COX DO जोड्नुहोस् | ° (ii) OA’ = 200, OB’ = 208, OC’ = 20€ & OD’ = 20D"" हुनेगरी AO लाई C' सम्म BO लाई 8' सम्म, CO लाई C' सम्म र 00 लाई D' सम्म लम्ब्याउनुहोस् | (iii) A’, BY 0 र 0' जोडेर चतुर्भुज A'BICD' बनाउनुहोस् जुन चतुर्भुज ABCD को प्रतिबिम्ब हो ।"
9,6,7,डलफिनले पनि इकोलोकेसनबाट पानीमा |ब्रोकेको हुन्छ ।
9,5,5,"5 000 अर्धव्यास लिएर चाप
"
9,8,9,विद्यार्थीलाई भावी जीवनको सुन्दर भविष्यको गोरेटो मात्र देखाइयोस्‌ ।
9,9,9,"फायरवाल र एन्टिभाइरस सुरक्षा (९७41 910 शा रा""प8 ""01€९८॥"
9,13,13,"४. दिइएको अनुच्छेदमा रहेका मूल र व्युत्पन्न शब्द पहिचान गरी अलग अलग सूची
"
9,12,12,"ग) अब बिन्दुहरू (मध्यबिन्दु, बारम्बारता) लाई क्रमशः ग्राफमा भर्ने र प्रत्येक बिन्दुहरूलाई
"
9,14,13,"(घ) पानीको अणुसूत्र प्र,0 र नुनको अणुसूत्र ४८] भए जस्तैः लाखौँ यौगिकहरूमा तत्त्वहरू
"
9,8,8,"(ख) नेपालको आन्तरिक र परराष्ट्र नीतिमा अङ्ग्रेजहरूको हस्तक्षेप
"
9,7,8,तपाईँको वरपर रहेको घाँसे मैदानको भ्रमण गर्नुहोस्‌ ।
9,7,8,गर्न पनि कृषि क्षेत्रमा बढी ध्यान दिनुपर्छ ।
9,21,21,तालिकामा हेरी तल दिइएका प्रश्नहरूको जवाफ लेख्नुहोस् : (a) x=1.99 मा flx)=x43 को मानलाई कुन पूर्ण सङ्ख्यामा शून्यान्त गर्न सकिन्छ ?
9,15,16,मानिस समाजमा जन्मन्छ र हुर्कन्छ | मानिसले समाजमा विविध पक्षसँग साक्षात्कार गर्ने अवसर प्राप्त गर्दछ ।
9,2,3,सल्लाह भयो ।
9,10,11,हात र आयुधहरू समाउनु पनि लिच्छविकालीन मूर्तिकलाका थप विशेषता हुन्‌ ।
9,8,8,"(च) घाताङकको समूल नियम (२०० 19 01 1101८65)
"
9,10,11,उनका अनुसार धन प्राप्त भएपछि मानव कल्याण आफैँ प्राप्त हुन्छ ।
9,2,3,प्रदूषण हो ।
9,4,4,"त्यस्तै गरी काठमाडौँको इन्द्रचोकमा
"
9,2,3,काम गर्नुपर्दैन ।
9,5,5,"(इ) कोलम्नर इपिथेलियम ((/01011147 €6701611फ01)
"
9,3,4,अनुशासित भएर बाँचौँ ।
9,5,6,आफ्नो क्षमताअनुसारको अवसर खोजिरहेको हुन्छ ।
9,14,15,४. सहकारीमा नियमअनुसार सदस्यता प्राप्त व्यक्तिबाट मात्र बचत सङ्कलन र AT लगानी गर्नुपर्ने हुन्छ ।
9,7,8,प्रपञ्चबाट तथा मोहबाट झन्झन्‌ टाढा हुन थाल्यो ।
9,12,12,"परम्परागत कृषि प्रणाली र आधुनिक कृषि प्रणालीमध्ये तपाईँलाई कुन कृषि प्रणाली उपयुक्त
"
9,3,3,"कुल परीक्षण सङ्ख्या
"
9,28,29,(ङ) विज्ञापन (Advertisement) : वस्तुको मागलाई विज्ञापनले पनि प्रभाव पार्छ | विज्ञापनले वस्तुका बारेमा उपभोक्तालाई जानकारी दिने हुँदा जति धेरै विज्ञापन गर्न सकिन्छ त्यति नै माग बढ्न जान्छ ।
9,53,54,"A A /\- \ > / ७ पा फे उ ट ० B C ० रट"" CD) कोण नापेर प्रत्येकले तल दिइएका जस्तै चित्रहरू बनाउनुहोस् : D | A /\ D B Cc B चित्र (क) Cc चित्र (ख) माथि दिइएका प्रत्येक चित्रका तलका तालिकामा देखाइएका कोण Ale (protractor) को प्रयोग गरी नाप्नुहोस् ।"
9,2,3,एककोषीय हुन्छन्‌ ।
9,6,7,"हस्ताक्षर, चिप्स आदि समावेश भएका हुन्छन्‌ ।"
9,4,5,छरछिमेकका मानिसलाई बाधा पुग्छ ।
9,35,33,"श्री भानुभक्त माध्यमिक विद्यालय, देउमाई न.पा., इलाममा कक्षा 9 मा अध्ययनरत 25 विद्यार्थीले अङ्ग्रेजी विषयमा प्राप्त गरेको प्राप्ताङकलाई लिङ्गका आधारमा छात्र र छात्रा गरी दुई विशेषताका आधारमा तालिका 6.2.11 प्रस्तुत गरिएको छ ।"
9,2,2,"ग्रन्थिहरूले उत्पादन
"
9,5,5,"दुवै प्रथम डिग्रीको समीकरण भएकाले
"
9,21,21,३. “वि.सं. २०६१ माघ १९ को घटना सिर्जना हुनुमा राजनीतिक दल पनि उत्तिकै जिम्मेवार छन्” यस भनाइलाई उदाहरणसहित पुष्टि गर्नुहोस् ।
9,9,9,"तिमीले ठिक भन्यौ, अहिलेसम्मका विभिन्न अनुसन्धानबाट पृथ्वीमा जस्तो अनुपम
"
9,4,4,"कपालको व्यास जलविद्युत्‌ क्षमता
"
9,3,3,"बाहिर चराचुरुङ्गी चिरबिर
"
9,11,12,ओइलाएको साग wh लल्याकलुलुक भएको आफ्नै शरीरप्रति मलाई त्यति भरोसा थिएन ।
9,7,8,जडीबुटी उद्योग खोल्न सकिने सम्भावना रहेको छ ।
9,6,6,ई) दक्षिण एसियामा जनघनत्व उच्च छ।
9,8,7,-3) (e+ 1) (x-1) 7. (क २।
9,7,7,"स्वास्थ्य समस्यामा उचित रेखदेख र हेरचाह गर्न
"
9,35,36,"Sc सामाजिक अध्ययन कक्षा-१० चन्द्रमाको थप अन्वेषणमा शक्तिशाली देशहरूबीच प्रतिस्पर्धा पुस ९, २०७९ कान्तिपुर संवाददाता काठमाडौँ - सन् २०२३ मा रुस, भारत र युरोपियन स्पेस एजेन्सीले चन्द्रमा जाने मिस॒न प्रक्षेपणसँगै अन्तरीक्ष अन्वेषणका अन्य कार्यहरू गर्दैछन् ।"
9,16,17,"उनले आफ्नो देश छोडेर विदेश गएका दाजुलाई पनि आफ्नो BE नेपाली, कक्षा ९ कृतिको कृतित्वबारे सुनाइन् ।"
9,13,12,"/ह) ""ह वा 5 नपर्ने घटना (₹) 5 १1, 2, 3,4, 6)
"
9,10,11,"(0) क्षेत्रफल धनान्त्मक मात्र हुन्छ कि क्रणात्मक पनि हुन्छ, किन ?"
9,12,13,यी प्रत्येक अवस्थामा ती कोणहरूका त्रिकोणमितीय मानहरूमा पर्ने असरबारे समूहमा छलफल गर्नुहोस् ।
9,5,5,"नैपाली, कक्षा & 1107 २
"
9,3,3,"अर्को व्यक्तिको परिस्थिति,
"
9,22,23,"अभ्यास 4. ३ (0) (१ सरल रेखाको समीकरण बिन्दु झुकाव रूपमा के हुन्छ, लेख्नुहोस् | (०) दुई बिन्दुरूपको सरल रेखाको समीकरण लेख्नुहोस् ।"
9,4,4,"कृषि बालीअन्तर्गत खाद्यान्न बाली
"
9,10,11,शशीधर चाहिँ जेठा बुबाका छातीमा अडेस लागेर आनन्दसँग बसेको थियो ।
9,4,5,सम्बन्धित आयामहरू यसअर्न्तगत पर्छन्‌ ।
9,10,11,"प्रत्येक समूहले आफनो विद्यालयमा भएका फुटबल, बास्केटबल र भलिबल खोज्नुहोस् ।"
9,12,13,जटिल तन्तुहरू विभिन्न किसिमका जीवित तथा मृत कोषको समूह मिलेर बनेको हुन्छ ।
9,4,5,त्यसपछि अल्छीप्रसाद त्यहाँबाट हिडेँ ।
9,1,1,"आफौ
"
9,14,13,"त्यसै गरी अधातु तत्त्वहरूका परमाणुको सबैभन्दा बाहिरी सेलमा 5,6 वा 7 ओटा इलेक्ट्रोन
"
9,11,11,"आएको परिवर्तनले व्यक्तिको सोचाइ, सामाजिक मूल्य, मान्यता, परम्परा, संस्कार, संस्कृतिमा पनि
"
9,27,28,"मुद्दती खाता सामान्यतया 3 महिना, 6 महिना, | वर्ष, 2 वर्ष, 5 वर्ष अवधिका लागि खोल्न सकिन्छ | वचत खाताको तुलनामा मुद्दती खातामा बढी ब्याज प्राप्त हुन्छ ।"
9,10,11,बाली घुसाउँदा निरन्तर बली नै रहन्छ र धातुका नाइट्राइड बनाउँछ ।
9,8,8,"तल सोधिएका प्रश्नमा छलफल गरी निष्कर्ष प्रस्तुत गर्नुहोस्‌:
"
9,9,10,यसले सैन्य युद्ध त भएन तर उनीहरूबिचको सम्बन्ध चिसियो ।
9,5,5,"जब जाँतो घुमाउन सक्ने भएँ
"
9,6,7,यसलाई केवल उपभोग आफ्नो बनाउन सकिन्छ ।
9,9,9,"(च) बिछ्यौनामा ढले पनि छोराहरूकै चिन्ताले अबेरसम्म निदाउन नसक्नु
"
9,11,12,उक्त पैदलयात्रीले कुनै पाइलामा पार गर्न सक्ने दुरी कति हुन सक्छ ;?
9,12,13,(ख) उपभोक्ताको आय (Consumer’s income) : वस्तुको माग उपभोक्ताको आयमा भर पर्दछ ।
9,81,80,"3. (a) 15 (b) 70 (c) 60 (d) 29 (6) 275 737 11 163° (f) 355 (g) 187 (h) “60 (i) 60 9 6 6 4. (a)¥ (2723) (0) ¥ 21 (c) © (5 —5n) n=1 n=1 n=1 6 4 5 (d) 2), Gn—-3) (yr ()2, (००१) n=1 n=1 n=1 8.3 अङ्कगणितीय अनुक्रम र श्रेणी (Arithmetic sequence and series) सर्वप्रथम तल दिइएका चित्रहरूको ढाँचाको अध्ययन गर्नुहोस् : चित्रहरूको ढाँचा अध्ययन गरिसकेपछि कस्ता कस्ता प्रश्न आएका छन्, छलफल गर्न सकिन्छ ।"
9,11,11,"बैङकलगायत अन्य निजी संस्थानहरूले मुनाफा गरेमा त्यस्ता संस्थानहरूमा काम गर्ने कर्मचारीहरूले
"
9,19,20,४. घरेलु हिंसा विरुद्ध चेतना जगाउने गित वा कविता वा प्लेकाड वा पम्प्लेटको नमुना तयार गरी कक्षामा प्रस्तुत गर्नुहोस् ।
9,6,7,मानौँ उपभोक्ताले पाँचओटा रोटी उपभोग गर्दछ ।
9,5,6,तथा समस्या समाधानका उपाय सुझाउनुहोस्‌ ।
9,8,9,वर्गफिट वा वर्गमिटर जग्गा मापनको सर्वमान्य एकाइ हो ।
9,9,9,"पछिल्लो समयमा नेपाली परम्परागत कलाले रोजगारीको अवसर समेत सृजना
"
9,2,3,घोलकमा घुल्छन्‌ ।
9,16,17,व्यक्तिगत पूर्ति तालिकाले कुनै एक वस्तुको भिन्न भिन्न मूल्यमा के कति परिमाण पूर्ति हुन्छ भनेर देखाउँछ ।
9,3,4,आपसी सम्बन्ध हो ।
9,5,5,"ग्याँसको परीक्षण (165 ०1116 895)
"
9,11,12,"सुदिप : नमस्कार, निरङ्कुश राणा शासन नेपालमा १०४ वर्षसम्म चलेको थियो ।"
9,6,7,गर्न सकिने गरी सिफारिस गरेको छ ।
9,3,3,"उनले सामान बिक्री
"
9,5,5,"घ) रातो रङ भएको च्याउ
"
9,6,6,त्यसैले यसलाई कङ्कालपेशी तन्तु भनिएको हो।
9,5,6,सरकारले शिक्षामा प्राथमिकता दिएको छ ।
9,4,5,पल्लवित हुने मौका पायो ।
9,7,5,| उदाहरण 5 गा.वि.स./ ।
9,4,5,म नौ कक्षामा पढ्छु ।
9,5,5,"त्यस समयमा फराडेलाई यदि कुन्डली
"
9,17,18,पर्यटकलाई विभिन्न a a किसिमका सेवा सुविधा प्रदान गर्ने उद्देश्यले सञ्चालित काका सबै व्यवसाय पर्यटन उद्योगअन्तर्गत पर्छन् ।
9,12,12,"मेरो बुबा कहाँ हुनुहुन्छ ""” छोराले एक्कासि यस्ता प्रश्न गरेको सुनेर ती
"
9,9,10,x(xtyP=(ty) 23=@ty) © न00206 न 5 (x + y)6 ।
9,10,11,विषादीले बोटबिरुवामा लाग्ने किरालाई भगाउन तथा रोगबाट जोगाउन मदत गर्छ ।
9,8,8,"यदि स्थानान्तरण समय ग्राफमा वक्र रेखा भएमा चाल
"
9,10,11,(ड) सीमान्त उत्पादन क्रणात्मक हुँदा कूल उत्पादनमा कस्तो असर पर्दछ ?
9,10,11,विशेष गरी पढ्दै गरेको सानो छोराको विशेष चिन्ता लाग्छ आनन्दीलाई ।
9,19,20,नेपाली लोकबाजा संरक्षणका क्षेत्रमा लागेका संस्कृतिकर्मी रामप्रसाद कँडेलले 'लोकबाजा' पुस्तकमा नेपालमा ३७५ ओटा लोकबाजा रहेको सचित्र उल्लेख गरेका छन् ।
9,9,10,(थ) नेपालमा रहेका कुनै दुई सार्वजनिक संस्थानका नाम लेख्नुहोस् ।
9,4,4,प्लेट चाल (९०0101110 ])1॥
9,12,13,आफू र आफ्नो परिवारलाई सुरक्षित बनाउन चाहने हुँदा मागको नियमले काम गर्दैन ।
9,5,5,"यसरी थुप्रै सङ्ख्यामा रहेको खाद्यशृङ्‌
"
9,41,42,"शशीधरले लाज मानेको देखेर मुरलीधर फलैँचामा मुसुमुसु हाँस्न लागे | दुलाहादुलही यज्ञमा बसेपछि दुलहीका बुबाले यताउति हेरेर भने “खै, सम्धी पाल्नुभएको छैन, अब मण्डपमा आएर बसिदिनुभए हुन्थ्यो i” दुलहीका पिताले बोलाएको सुनेर फलैँचाबाट मुरलीधरले भने, ज्यू, म यहीँ छु, आउन लागेँ ।"
9,7,7,"के पहिलेको दुधको र अहिलेको दुधको स्वाद
"
9,10,11,(ग) स्केलको प्रयोग गरी नाप्दा लिइने न्युनतम नाप कुन हो ?
9,5,5,"” छोराको यस प्रश्नले तिनी
"
9,10,11,निश्चित बिन्दु वृत्तको केन्द्र र बराबर दुरी वृत्तको अर्धव्यास हो ।
9,50,49,"समानान्तर चतुर्भुजका सम्मुख भुजा र सम्मुख कोण बराबर हुन्छन् | थाहा दिइएको, समानान्तर चतुर्भुज ABCD छ जसमा AB //DC र AD //BC S| हि B प्रमाणित गर्नुपर्ने, fwd 1.AB=DC, AD=BC / wer A 2. ZABC = ZADC, ZDAB = ८301) Di c रचना : बिन्दु 13 र D जोडौँ।"
9,8,11,"अब 267 कल - 175 कल - (267 - 175) कल
"
9,10,11,६. तपाइँले आफ्नो घर छिमिकमा कस्ता सामाजिकीकरणका अभ्यास गर्नुभएको छ ?
9,7,8,". केन्द्रबिन्दु देखि जीवासम्मको दुरी तू 6 611
"
9,14,15,"६, पर्यटक आकर्षण र उनीहरूको सुरक्षाका लागि राजनीतिक स्थिरता र शान्तिको वातावरण कायम हुनुपर्छ ।"
9,9,10,अवस्थामा आफ्ना पुर्खाभन्दा फरक गुण भएका सन्तति विकास हुन्छन्‌ ।
9,4,4,"समीनप्रसाद उपाध्याय तथा परिवार
"
9,29,32,2422 — 9221 + 203 त 9332 + 2334 — 423 + 2420 - X1 Ya माथिका क्षेत्रफल निकाल्ने सुत्रहरू शीर्षबिन्दुहरू निम्नानुसार लेखेर बनाउन सकिन्छ : 1 त्रिभुजको क्षेत्रफल (A) = द्र॥
9,6,6,"विज्ञान तथा प्रविधि कक्षा २ रत
"
9,1,2,थियौँ ।
9,9,10,(ग) संवादमा प्रयोग भएका कुनै दुईओटा प्रश्नात्मक वाक्य भन्नुहोस् ।
9,4,5,कक्षामा निष्कर्ष प्रस्तुत गर्नुहोस्‌ ।
9,10,11,आ) बाह्य व्यापारबाट आवश्यक उपभोग्य वस्तु तथा सेवाहरूको आपूर्ति हुन्छ ।
9,8,9,गर्नका लागि गरिने तयारीको प्रक्रिया योजना तर्जुमा हो ।
9,10,11,मांसाहारी जनावरहरूले आफूभन्दा कमजोर जनावरहरूलाई मारेर आफ्नो खाना प्राप्त गर्छन्‌ ।
9,5,6,[01८₹5100) को प्रयोग गर्न सकिन्छ ।
9,17,18,_n(B) B ग्रेड हासिल गर्नेको सम्भाव्यता P(B) = Ws _ 30 _3%x10_ 3 ~ 80 8910 8 ।
9,7,7,"थप उदाहरण तल प्रस्तुत गरिएको छ :
"
9,12,12,"अरू कोही एक शब्द पनि बोल्न सक्दैनन्‌ तर यसमा कवि सहस्र सुन्दर
"
9,4,4,"11005916 11२९ 1फता60 0119.
"
9,16,17,यी समानान्तर रेखाहरू AA AAAS है छ अजहरू बन्छन CASS प्रतिच्छेदित हुँदा कति ओटा त्रिभु बन्छन ?
9,17,17,भेक्टर जोडको यो नियमलाई भेक्टर जोडको समानान्तर चतुर्भुज ° Ld नियम (parallelogram law of vector addition) भनिन्छ।
9,8,9,कुरा नमिलेपछि छ प्रधानले उनको आँखा फुटाइदिएका थिए ।
9,3,3,"जलविद्युत्‌का प्रयोगका फाइदाहरू
"
9,8,8,"गति समय रेखाको झुकावले चाल अवस्थामा रहेको वस्तुको
"
9,7,7,"बिरुवाले पानी र हावाबाट कार्बन डाइअक्साइडको प्रयोग
"
9,26,25,५. नेपालको जनसङ्ख्याको आकार र वृद्धिदर वि.सं. २०३5-२०७५ सम्मको अवस्थालाई चार्टपेपरमा ठुलो अक्षरमा लेखी कक्षाकोठामा टाँस्नुहोस् | अभ्यास १. जनसङ्ख्याको आकार भन्नाले के बुझिन्छ ?
9,6,7,उ) हर्मोनले प्रजनन क्षमताको नियन्त्रण गर्छ ।
9,5,6,केही भएमा पछि कुरा गरौँला ।
9,2,3,शोषण हुन्छन्‌ ।
9,9,10,(आ) कन कुन धार्मिक स्थलले नेपालको गौरव बढाएका छन्‌ ?
9,13,13,"उक्त ठाउँमा रहेका बालीका अञशषणलाई माटामुनि पुरिदिँदा पछि सडेर बिरुवाका लागि खाद्यतत्त्व बन्न
"
9,6,7,(क) थोप्लाहरूलाई अनुक्रममा कसरी लेख्न सकिन्छ ?
9,10,11,नेपालमा लगभग 56 प्रतिशत घरपरिवारले विप्रेषण प्राप्त गर्ने गरेका छन् ।
9,7,8,"उक्त बगैँचाको क्षेत्रफल कति हुन्छ, पत्ता लगाउनुहोस्‌ ।"
9,8,8,"8. 4m 9. (क) 592 cm’, 720 cm?"
9,10,11,कुनै पनि वस्तुको मूल्यलाई मुद्रामा व्यक्त गरी खरिद बिक्री गरिन्छ ।
10,14,14,"डा. जानुका नेपाल, डा. सीता सुवेदी पन्थी, श्री बुद्सागर आंच्यकारी र श्री टुकराज आघकारीलगायतका
"
10,38,38,सामानिक अध्ययत; कक्षा-10 समूह 'ग' राष्ट्रिय झन्डा राष्ट्रिय झन्डा नेपालीको साझा पहिचान एवम् राष्ट्रिय गौर वको प्रतीक हो | नेपालको झन्डा विश्वमा एक मात्र त्रिकोण आकार भएको झन्डा हो | नेपालको झन्डा दुई त्रिकोण मिलेर बनेको छ ।
10,48,49,युरोपलगायतका क्षेत्रमा बढ्दै गएको साम्यवादी प्रभावलाई रोक्नका लागि अमेरिका तथा पश्चिम युरोपका राष्ट्रहरू मिलेर सन् १९४९ मा उत्तर एटलान्टिक सन्धि सङ्गठन (NATO) को स्थापना गरे | यसको विपरीत रुसले पनि पूर्वी युरोपेली राष्ट्रहरूको सहभागितामा पोल्यान्डको राजधानी वार्सामा सन् १९५५ मा वार्सा सन्धि सङ्गठन नामको संस्थाको गठन गरेको थियो ।
10,10,10,"सड्घाईं, जापानको टोकियो, दाक्षिण कोरियाको सिओल, बेलायतको लन्डन, संयुक्त राज्य
"
10,9,9,"ग्लोबुलिन (8101001111) र फाइब्रिनोजिन [110111108611) गरी तीन किसिमका प्रोटिन
"
10,13,13,"१२. 'देवकोटा छाँगो छड्छडाए झैँ कविता लेख्ने कवि हन्‌' भन्ने भनाइप्रति सहमति प्रकट
"
10,2,3,पत्ता लगाउनुहोस् ।
10,5,6,एवम्‌ नियमको सर्माष्टिलाई कानुन मानिन्छ ।
10,15,16,एक्लै बस्दा र हिँड्दा जङ्गली जनावरले आक्रमण गर्ने हुनाले प्रतिकार गर्न मानिसहरूलाई समूहको आवश्यक पप्यो ।
10,4,5,मान पनि फरक आउँछ ?
10,4,5,भित्रबाट यज्ञसामग्री आउन थाले ।
10,12,13,मध्य युगीन बर्बर सामन्तवादी समाजमा जाति व्यवस्थाले एउटा कुरूप स्वरूप ग्रहण TaN ।
10,13,13,"समृहले प्राकृतिक स्रोत साधन वन, खनिज र अन्य सम्पदाका बारेमा खोजी गर्नुहोस्‌ र
"
10,4,4,"७4३२ कारक कर” जिउ)
"
10,7,8,२. प्रथम विश्वयुद्धका परिणामको छोटकरीमा वर्णन गर्नुहोस्‌ ।
10,8,9,मुख्य मुख्य प्रतिबद्धताहरू टिपोट गरी कक्षाकोठामा प्रस्तुत गर्नुहोस् ।
10,41,39,५.४. स्थानीय अनुकूलन कार्ययोजना ( Local Adaptation Plan for Action-LAPA ) वि.सं. २०६६ सालको जेठ महिनामा सम्पन्न राष्ट्रिय अनुकूलन कार्यक्रम कार्यशालाका सहभागीहरूले स्थानीय स्तरमा विषयवस्तु र योजनाहरूको कार्यान्वयनलाई मदत गर्न स्थानीय अनुकूलन कार्यक्रम (LAPA) को आवश्यकता सुझाएका थिए ।
10,9,9,"३. खाली ठाउँ भरी सोधिएका प्रश्नको उत्तर दिनुहोस्‌ :
"
10,5,6,"बेरोजगारी, न्यून आर्थिक वृद्धिदर हुन्‌ ।"
10,2,2,"के सघन
"
10,6,5,"040: 2441 श्रामाजिक अध्ययन कक्षा-१०
"
10,4,4,"नक्सामा प्रयोग गरिने सड्केत
"
10,5,6,"के के हुन्‌, स्पष्ट पार्नुहोस्‌ ।"
10,33,34,2. पृथ्वीको धुवीय क्षेत्र र भूमध्य रेखीय क्षेत्रमा समान उचाइबाट खसाइएका वस्तुहरूमध्ये धुवमा छिटो खस्छ | 3. डल्ला पारिएका र डल्ला नपारिएका कागजका पानाहरू हावामा एकैसाथ खसाल्दा डल्ला पारिएका कागजका पानाहरू छिटो खस्छन् ।
10,5,5,"जिल्ला वन कार्यालयको सल्लाहअनुसार भूबनोट
"
10,10,11,देशमा अस्थिरताको राजनीति |- राजतीतिक दलबिच बेमेल हुनु सुरु भयो ।
10,3,3,"यी तत्सम र
"
10,6,6,"यो रमाइलो तिजमा सबै माइत जान्छन्‌
"
10,11,11,"कने समयमा नेपाली समाजमा कमसल खाच्यका रूपमा मानिने मकेका परिकार अहिले
"
10,6,6,"कसैले बाख्रा, कसैले भैँसी, कसैले गाईपालन
"
10,31,30,"यी वातावरणीय समस्या उत्पन्न हुनाका कारणहरूबारे तल चर्चा गरिएको छ : वातावरण विज्ञान, कक्षा-१० ३ (क) जनसङ्ख्या वृद्धि (Population growth) विश्वव्यापी रूपमा जनसङ्ख्यामा निरन्तर वृद्धि भइराखेको छ (तालिका १.१) ।"
10,16,17,रसायन शास्त्री फ्रिज हेवरले सन् 1913 मा पत्ता लगाएका © हुनाले यसलाई हेवर प्रोसेस भनिएको हो ।
10,46,46,"७ पुराना र काम नलाग्ने भनी फालिएका विभिन्न प्रकारका विद्युतीय उपकरणहरू (जस्तै : कम्प्युटर, ल्यापटप, द्याब, सिडी तथा डिभिडी प्लेयर, मोबाइल, हिटरलगायतका सामग्रीहरू) लाई विद्युतीय फोहोर (e-waste) भनिन्छ | ७ विद्युतीय सामग्रीलाई यसको उत्सर्जनका आधारमा घरायसी, औद्योगिक, सूचना प्रविधि जस्ता विभिन्न प्रकारमा वर्गीकरण गर्न सकिन्छ ।"
10,11,8,"वि.स. 2078 को सुरुको जनसङ्ख्या (२) _ू 1,00,000
"
10,7,8,चाप दिएमा यो ग्याँस साजिलै तरल हुन्छ ।
10,10,11,(ii) महिला र पुरुषको उमेर स्तरीय विचलन कति कति छ ?
10,5,5,"समानुपातिकका लाग भने सिङ्गो देशलाई
"
10,29,30,"(उत्तर : 50, 200, 500 फन्काहरू) 4. 100 बाटका 10 ओटा चिमहरू 6 घण्टा र 2KkW का दुई हिटरहरू 4 घण्टा दैनिक बाल्दा एक दिनमा कति विद्युत् खपत हुन्छ ?"
10,11,11,"(इ) थप जानकारीका लागि गंँडयौलाका वारेमा इन्टरनेटमा खोज्नुहोस्‌ र विशेषता टिपोट
"
10,43,41,"८.३ मातृशिशु स्वास्थ्य, हेरचाह र यसका उपायहरू (Maternal and Child Health Care and its Measures) 5.3.9 मातृशिशु स्वास्थ्यको परिचय र महत्त्व गर्भवती, सुत्केरी, दुध खुवाइरहेकी आमा तथा पाँच वर्षमुनिका बच्चाहरूको स्वास्थ्य राम्रो बनाउने उद्देश्यले दिइने सेवालाई मातृशिशु स्वास्थ्य हेरचाह भनिन्छ ।"
10,3,4,"8७006110/ /60/1905/ - वाच
"
10,6,7,"106 गणित, कक्षा - 10 = (x?"
10,3,4,बराबर ](छ्ठा05” हुन्छ ।
10,6,7,भृमध्यरेखीय क्षेत्रमा सूर्यको प्रकाश सिधा पर्दछ ।
10,2,2,"जाना नाराका
"
10,6,7,इत्यादि किन ठयाक्कै उस्तै नभएको होला ?
10,3,4,केन्द्रतिर तानिरहेका हुन्छन्‌ ।
10,20,21,"प्रत्येक वर्ष सयौँ पर्यटक सगर माथाको आरोहण गर्न नेपाल आउने गर्दछन्, यसले नेपालको आर्थिक विकासमा पान ठुलो टेवा पुन्याएको छ ।"
10,4,4,"यसको प्रयोगका लागि थर्मोमिटरको
"
10,6,6,"पाठ १२ नक्सासम्बन्धी आधुनिक प्रविधि १७१
"
10,1,2,[ ।
10,10,10,"५९४ ४1०€0 10101€60 मा क्लिक गरी उक्त प्रोजेक्टको नाम टाइप
"
10,8,9,३. आर्थिक अधिकार भित्र के कस्ता अधिकार पर्दछन् ?
10,1,1,"पाठ
"
10,10,11,(घ) जनवादी क्रान्तिको सफलतापछि चीनमा कस्तो राजनीतिक संयन्त्रको निर्माण गरियो ?
10,2,2,"ती सुविधा
"
10,8,9,काठमाडौँ उपत्यकामा खस र डोयहरूको प्रभाव बढेको थियो ।
10,9,10,नेपाली साहित्यले विश्व साहित्यकै हाराहारीको प्रौहताको शिखर छुन पुग्यो ।
10,10,11,बिउबिजन तयार गरी बिक्री वितरण हँदै आएको करा जानकारी भयो ।
10,20,21,"यस कालमा धार्मिक सहिष्णुताको राम्रो विकास भएको थियो | वेलावेला खस राजाहरू काठमाडौँ आई पशुपतिनाथ, स्वयम्भूनाथ तथा मच्छेन्द्रनाथको दर्शनसमेत गर्दथे ।"
10,12,12,"मण्डेला र मलाला जस्तै कनै दई अन्तर्राष्टिय व्यम्तको जीवनी खोजी गरी विवरण
"
10,9,10,सन् 2014 मा यस सम्बन्धी सम्मेलन पेरुमा भएको थियो ।
10,6,7,"अथवा, 2246(.13 - 3002 - वृहत ८013
"
10,2,2,"पानी खानु
"
10,1,1,"तपसिल
"
10,7,7,"भएको एक किसिमको पुतलीको झुसिलकिराको शरीरमा टाँसन्छन्‌
"
10,40,40,"यसको प्रयोगबाट मुख्य गरी उपग्रहबाट खिचिएका तस्बिरका आधारमा पृथ्वीका विभिन्न क्षेत्रको अर्वास्थात खोजी गर्न सकिन्छ | सामाजिक अध्ययन; कक्षा-१० Sees पृथ्वीमा रहेका भौगोलिक अर्वास्थिति जस्तै: महासागर, महादेश, देश, आफ् बसेको स्थान आदिको अर्वास्थतिको खोजी गर्न यसको उपयोग प्रभावकारी हुन्छ ।"
10,6,7,यस प्रदेशअन्तर्गत नेपालका बिस जिल्लाहरू पर्छन् ।
10,10,12,बिच बिचमा आलुका एक दुई - Sa टुक्रा छोरालाई पनि दिन्थे ।
10,18,19,त्यसैले यसमा कम्प्युटर र अन्य डिभाइसहरू सेटअप (setup) गर्न सजिलो छ | (ख) यो अन्य टोपोलोजीभन्दा सस्तो छ ।
10,11,11,"यस्ता आयोजनाले समृद्ध नेपालको आधारशीला तयार पार्ने हँदा यिनीहरूको घेरै महत्त्व
"
10,39,39,(पृथ्वीको पिण्ड = 6 x 10 kg र चन्द्रमाको अर्धव्यास = 1.7 x 10° m) (उत्तर : 138400 N) 6. 200 gm को एउटा अम्बा रुखबाट खस्दा पृथ्वीतिर अम्बाको प्रवेग कति हुन्छ र पृथ्वीको प्रवेग अम्बातिर कति हुन्छ ?
10,3,4,” पुष्टि गर्नुहोस् ।
10,5,5,"हावा हाइड्डोजनभन्दा वढी घनत्व भएको
"
10,30,31,"पृथ्वीमा रहेका वन पारिस्थितिक प्रणालीहरूलाई जलवायुका आधारमा मुख्य तीन प्रकारमा वर्गीकरण गर्न सकिन्छ : कष्ण वर्षात् वन पारिस्थितिक प्रणाली, समशीतोष्ण वन पारिस्थितिक प्रणाली र बोरियल वा टाइगा वन पारिस्थितिक प्रणाली ।"
10,6,6,"दोस्रो तास ७ आउने सम्भाव्यता 12(०)
"
10,4,4,"/सेर्जन् र परिखेजन् कार्य
"
10,15,16,"(स्पर्श, दुखाइ, दबाब, तापक्रम) विचार, विश्लेषण, उत्तेजना, रिस, भविष्यवाणी आदिको सञ्चालन र नियन्त्रण आदि गर्छ ।"
10,10,11,निर्वाचन निर्धारित समयमा स्वतन्त्र र निष्पक्ष रूपमा सम्पन्न भएको थियो ।
10,3,4,प्रा सहयोग रहन्छ ।
10,135,139,"वाचक शब्द लेख्नुहोस् : उदाहरण : अङ्गुर - HT, भेडा - बगाल, कमिला - ताँती मकै, फुल, मानिस, सिपाही, बारुला, बाँस, नोट, माहुरी, केरा, पराल, दाउरा, पर्वत १२. तल fret शब्दका केही उदाहरण दिइएको छ, तपाईँ पनि त्यस्तै सिङ्गा शब्दहरू खोजेर लेख्नुहोस् : अभेद्य : भेदन गर्न नसकिने अकाट्य : काट्न नसकिने अजर : जो कहिल्यै बुढो हुँदैन अमर : जो कहिल्यै मर्दैन आस्तिक : ईश्वर र धर्ममा विश्वास गर्ने नास्तिक : ईश्वर र धर्ममा विश्वास नगर्ने कटुभाषी : नमिठो बोल्ने दस वर्षको अवधि : दशक कृतज्ञ : गरेको गुनको कदर गर्ने कृतघ्न : गरेको गुनको कदर नगर्ने सिर्जनात्मक अभ्यास तपाइँले मनाउने कुनै एउटा सांस्कृतिक पर्वको बारेमा Yoo शब्दसम्मको निबन्ध लेख्नुहोस् | दद नेपाली : कक्षा Jo | I] स्थानीयकरणभन्दा विश्वव्यापीकरण बेस ht जन जीवन मावि पोकली, ओखलढुङ्गाका कक्षा १० का विद्यार्थीहरूबिच वाद विवाद प्रतियोगिताको आयोजना गरिएको छ ।"
10,6,7,आँषधीलाई प्रदूषक पदार्थका स्रोतका रूपमा लिइन्छ ।
10,9,9,"प्यालेष्टाइनका प्रधानमन्त्री मोहम्मद इस्तेहले इजरायलसंगको द्वन्द्व अन्त्य गर्न मध्यपूर्वमा
"
10,11,12,लामो समय डिटरजेन्ट प्रयोग गरी कपडा धुँदा कपडाको रङ खुइलिदै जान्छ ।
10,7,7,"बाढी, पहिरो, भृक्षय, खडेरी, आँधी बेहरी, असिना
"
10,10,10,"मेन्डलको प्रयोगमा पहिलो वंशमा प्राप्त अग्लो बिरुवामा स्वपरागसेचन गराउँदा ठिमाहा
"
10,6,7,यिनीहरूलाई बाल्दा Sat पैदा (प्राप्त) हुन्छ ।
10,2,3,प्रवेगलाई जनाउँछन्‌ ।
10,8,8,"यदि भ्याकुम पम्पको मदतबाट हावा झिकेर फेरि सिलिन्डरलाई
"
10,5,6,कुनै 6 ओटा बुँदाहरू लेख्नुहोस् ।
10,14,15,(ख) राज्यको संरचना र शासकीय स्वरूप यो संविधान संविधान सभाबाट बनेको पहिलो संविधान हो ।
10,11,11,"सुरुमा युरोपबाट बसाइँ सरी गएका गोरा जातिका मानिसले यहाँका आदिवासीलाई शासन
"
10,4,5,विशेष प्रार्थामकता दिनुपर्ने हुन्छ ।
10,10,11,ठुला ठुला उद्योग कलकारखानादेखि व्यापारिक केन्द्रहरू यस प्रदेशमा रहेका छन् ।
10,6,6,"वर्ग पूरा गरेर हल गर्नुहोस्‌ :
"
10,2,2,"प्रयोग विधि
"
10,20,21,१. राष्ट्रिय मानव अधिकार आयोग (National Human Rights Commission) राष्ट्रिय मानव अधिकार आयोग नेपालको एक स्वतन्त्र पारा संवैधानिक आयोग हो ।
10,3,3,"तर पूर्ण आन्तरिक
"
10,34,35,"साना परमाणुले ठुला परमाणुले भन्दा सजिलै अन्य तत्त्वहरूबाट इलेक्ट्रोन लिन वा साझेदारी गर्न सक्छन् | त्यसैले पेरियोडिक तालिकाको प्रत्येक ग्रुपमा माथिबाट तलसम्म अधातुको सक्रियता Wet जान्छ | फ्लोरिनको सक्रियता क्लोरिनको भन्दा बढी हुन्छ, किन ?"
10,22,22,"बि.स. २०५२ साल फाल्गुण १ गते रोल्पा, रुकुम र सिन्धुली जिल्लाका एक एकओटा प्रहरीचौकीमा आक्रमण गरी माओवादीले सशस्त्र विद्रोहको थालनी गस्यो ।"
10,3,3,"यो ग्याँस बनाउने
"
10,8,9,(11618011४) भनिन्छ भने सर्ने गुणहरूलाई वंशाणुगत गुण भनिन्छ ।
10,5,6,1. दुईओटा परीक्षण नली लिनुहोस्‌ ।
10,16,17,A ~ 2sinA 0054 _ sinA = tanA ~ cosA an = दायाँ पक्ष प्रमाणित भयो ।
10,6,6,"तालिम : २०७९ जेठ १० गते
"
10,9,10,यदि OQ = 8 एकाइ भए OQ' पत्ता लगाउनुहोस् ।
10,10,11,तर समय रेखाका माध्यमबाट इतिहासको सिकाइ मनोरञ्जनपूर्ण र रोचक बन्छ ।
10,20,21,डाटाहरू Alphabetical sort list ascending Watt A to Z वा Descending #atq Z to A को क्रममा मिलाएर राख्न सकिन्छ ।
10,23,24,समाजशास्त्र : कक्षा १० ३२३ पाठ पाँच औद्योगिक समाज पक णपएण150060)) (Industrial Society) युरोपमा भएको औद्योगिक क्रान्तिपछि विश्व समाजले औद्योगिक समाजमा प्रवेश TAA ।
10,3,3,"उदाहणका रूपमा तातो
"
10,10,10,"उनले स्थापना गरेको विद्यालय हाल विश्वकर्मा माविका नामले सञ्चालन हुनु
"
10,37,38,गरी सङ्क्षिप्त विवरण पेस गर्ने जिम्मेवारी तोकिएको थियो | जिम्मेवारीबमोजिम कक्षाकोठामा उनीहरूले आफनो प्रस्तुति दिए | पहिलो समूहले राजनीतिक दलको परिचय र पृष्ठभूमि तथा दोस्रो समूहले राजनीतिक दलको भूमिका र जिम्मेवारी शीर्षकमा प्रस्तृत गरेका विवरण अध्ययन गरौं ।
10,11,12,विभिन्न तरिकाबाट स्थापना गरिएका नातासम्बन्धीभत्र निश्चित व्यवहारको समाजले अपेक्षा गरेको हुन्छ ।
10,5,6,6. पतिवृत्ति भनेको के हो ?
10,15,16,चुरेको गिट्टी र बालुवाको अत्याधिक दोहन भई समग्र तराई नै मरुभुमीकरण हुने खतरा रहेको छ ।
10,3,4,भमव्यसागरीय हावापानी पाइन्छ ।
10,4,5,कसरी बरन सक्थ्यो र ?
10,6,7,ल हेर तताउँदा तताउँदै दुध फाट्यो ।
10,6,6,"त्यसैले त विश्वको जुन ठाउँमा गए
"
10,27,28,"तेरा अपराध धेरै भइसके | तँलाई अब कसैले जोगाउन सक्दैन, बुझिस् | (वडाध्यक्ष र सदस्यहरू प्रवेश गर्छन् |) प्रहरी : नमस्ते, अध्यक्षज्यू, वडाध्यक्ष : नमस्ते, सबै जनालाई ।"
10,7,8,सजीवहरूको वर्गीकरण र क्रमविकासविचको सम्बन्ध व्याख्या गर्नुहोस्‌ ।
10,1,1,"नदि
"
10,3,4,| जाड) (6511) ।
10,8,9,यस्ता पदार्थको भण्डारन निश्चित स्थानमा उपयुक्त ढङ्गबाट गर्नुपर्छ ।
10,10,11,आफ्नो हकहितका साथै सहज जीवन यापन गर्न विभिन्न कार्य गर्छ ।
10,6,7,अभ्यास १. विकास आयोजना भनेको केहो ?
10,8,9,मानव जात र संस्कातिलगायत बाबधताको क्षेत्र पनि हो ।
10,6,7,यसले फ्रान्स र बेलायतमा चिन्ता थप्यो ।
10,12,12,सुन प्रति के.जी. वा प्रति तोला वा प्रति ग्राम कति छ ?
10,8,9,नभन्दै दलितको अवस्थामा सकारात्मक परिवर्तन हुन थालेको छ ।
10,8,9,हरि र वसुधा झ्यालमा बसेर आगन्तुकहरूलाई हेरिरहेका थिए ।
10,8,8,"जतिबेला व्रहमाण्डलाई निरन्तर फैलाउन खोज्ने माहाविष्फोटनको कारण पैदा
"
10,13,12,"बाट आएका प्रकाशका किरण चित्र 10.17 फरक फरक कोणमा पानीभित्रको सिक्का अवलोकन
"
10,9,9,"उनले माहात्मा गान्धी, सुभाषचन्द्र बोस र भगतसिंहबारे अध्ययन गर्नु
"
10,8,7,"7.) शि उ ३4 नेपाली, कक्षा १०
"
10,11,11,"सुझाव आयोगले तयार पारेको मसौदाअनुसार २०४७ कात्तिक २३ गते शुक्रबारका दिन
"
10,5,6,तेसो लहर [1007] मा पछेन्‌ ।
10,4,5,भरत भण्डारी मञ्चमा जान्छन ।
10,3,4,तालिका निर्माण गर्नुहोस्‌ ।
10,12,12,"गदा तीव्र गतिमा गुडिरहेको सवारी साधनलाई हाइड्डोलिक ब्रेकको प्रयोगले एक छिनमै रोक्न
"
10,19,20,झन्डाको माथिल्लो त्रिकोणमा आठओटा कोणको खुर्पे चन्द्रमा राखिएको छ | तल्लो त्रिकोणमा १२ ओटा कोणयुक्त सूर्यको आर्कृत रहेको छ ।
10,9,9,"पढिसकेर्पाछ उसले व्यवसाय र रोजगारको स्वच्छ प्रतिस्पच्घामा सहभागी हने
"
10,3,4,विश्वयुद्धको सुरुआत भयो ।
10,1,1,-12र॥
10,5,5,मूल्यमा मकैको बिउ वितरण गत्यो।
10,30,31,"वैज्ञानिक भूमि सुधार, किसानको हकहित संरक्षण, कृषिको व्यावसायीकरण, औद्योगिकीकरण, विविधीकरण, आधुनिकीकरण गरी कृषिको विकास गर्न सकिन्छ | यसो गर्दा जनसङ्ख्या वृद्धिलाई सम्बोधन गर्न र बेरोजगार युवालाई रोजगार प्रदान गर्न सकिन्छ ।"
10,4,5,तथा सम्पूर्ण विद्यार्थी मित्रहरू !
10,4,4,"आथिक, सामाजिक र राजनीतिक
"
10,14,15,वायु मण्डलीय चापले पृथ्वीको सतहको सबै वस्तु तथा जीवित प्राणीमा समेत प्रभाव पारेको हुन्छ ।
10,6,6,"यस्ता बंशाण्‌ एउटै क्रोमोजोममा हजारौँको सङ्ख्यामा
"
10,23,24,यस पृथ्वीमा विभिन्न प्रकारका जीवजन्तु र वनस्पतिहरू छन् | तिनीहरू उच्च पर्वतदेखि समुद्री सतहसम्म र सुक्खा मरुभूमिदेखि सिमसारलगायत अतिवृष्टि हुने क्षेत्रमा फैलिएका छन् ।
10,2,2,"यस कार्यका
"
10,34,35,"फलामका उपयोगिता (Uses of iron) 1. रड, तार, पाइप, गाडीहरू, रेलको Ged, नट तथा बोल्ट, किला इत्यादि बनाउन फलामको प्रयोग हुन्छ | 2. यो स्टिल उत्पादन गर्न तथा रेडियटर र स्टोभ बनाउन प्रयोग हुन्छ ।"
10,8,7,", 15 से.मि.को रुलर, कागजका साना टुक्रा
"
10,10,11,राख्न र समृद्ध बनाउन त्यस भाषामा साहित्य सिर्जना पनि गर्नुपर्छ ।
10,30,31,"२४ नागरिक शास्त्र, कक्षा १० पा iz (Government) 5 (सरकारकोअ) सरकारको अर्थ (Meaning of the Government) परिचय (Introduction) सरकार भनेको त्यो संस्था हो, जसले मुलुकको व्यवस्थालाई सुचारु रूपले सञ्चालन गर्दछ ।"
10,6,6,"विच्छेदन प्रतिक्रयाको समीकरण यसप्रकारको हन्छ :
"
10,21,22,"5 sere : कक्षा १० अभ्यास १, तलका प्रश्नहरूको एक वाक्यमा उत्तर दिनुहोस् : (क) सिम्रौनगढ राज्यका प्रथम राजाको नाम लेख्नुहोस् ।"
10,19,20,(ग) तराई प्रदेश तराई प्रदेश नेपालको दक्षिणी भागमा पर्छ | यस प्रदेशले कुल क्षेत्रफलको २३ प्रतिशत जमिन ओगटेको छ ।
10,7,7,"01 142 |) गा 8 कि 11201201125)
"
10,10,11,' ७ पासवर्ड राख्दा छोटो नराखी धेरै क्यारेक्टरको प्रयोग गर्नुपर्छ ।
10,4,4,"यस महादेशको भध्य क्षेत्रका
"
10,6,6,"विज्ञान तथा प्रवेधि : कक्षा १०
"
10,1,1,"अध्यक्ष
"
10,2,2,"कमारा ताकर
"
10,3,4,यो हावापानी पाइन्छ ।
10,16,17,यसै गरी अनुसन्धानको प्रकारले पनि अनुसन्धानको विधि र तथ्य तथ्याङक सङ्कलन गर्ने औजारहरूको छनोटलाई निर्धारण गर्दछ ।
10,22,23,"त्यसैले यसलाई अनवबीकरणीय कर्जाको स्रोत भनिन्छ | ३ विज्ञान, कक्षा १० खनिज तेल (Mineral oil) पेट्रोल, डिजेल, मटितेल आदि खनिज तेल हुन् ।"
10,11,11,"अरू प्रकारका सेयरभन्दा पहिले नै लाभांश पाउने गरी निष्कासन गरिएको सेयरलाई
"
10,69,70,"यसरी त्यहाँ रहेको स्प्रिङले भूकम्पको मापन गर्दछ | यस यन्त्रबाट भूकम्पको वेग (Magnitude), उदगमबिन्द॒ (Hypocenter) तथा #rafarq (Epicenter) आदि पत्ता लगाउन साक्न्छ | भूकम्पको उद्गम बिन्दुमा शक्ति क्षय भएको रेक्टर स्केलमा गरिने मापन र स्थान विशेषमा भएको कम्पनको मात्रा र त्यसले पुच्याउने असर गरी दुई तरिकाले भूकम्प मापन गरिन्छ | भूकम्पको भौतिक असर त्यसको तीव्रता, म्याग्निच्युड, केन्द्रबिन्द्रबाट स्थान विशेषको दुरी, भौगर्भिक अवस्था, भौतिक संरचनाको दृढता आदि क्रामा निर्भर हुन्छ ।"
10,14,15,हामीले गरेको विकास दिगो हुन सक्दैन र उक्त विकासबाट आशातित् प्रतिफल प्राप्त हुन सक्दैन ।
10,12,11,परिषद् अध्यक्ष डा. सन यात्सेन र “युआन-सिह-काई” बिच वार्ता भयो ।
10,4,5,दुवै भल्भ एकैपटक खुल्छन्‌ ।
10,13,14,मानव बेचबिखन तथा ओसारपसारको प्रयोजन कारण तथा यस विरुद्धको मृद्वाका पीडित प्रभावितहरूको सङख्या ।
10,10,10,"उपर्युक्त सम्बन्धमा त्यस शीतोण्ण बागवानी केन्द्रबाट हिमाली क्षेत्रका लागि उपयुक्त
"
10,5,6,) लाई न्युक्लियोटाइड [110061601106) भनिन्छ ।
10,3,4,थेप्ठताको पुष्टि हुन्छ ।
10,10,10,"काठको कर्कलाई औँलाले बल प्रयोग गरेर पानीको सतहमुनि डुबाएर छोड्दा
"
10,4,4,"अपादानलाई 'देखि', 'बाट' जस्ता
"
10,6,7,यिनीहरू जमिन र पानी दुवैमा पाइन्छन्‌ ।
10,22,23,यसमा मासिक चक्रको अवधिमा चिहन र लक्षणबाट सुरक्षित र असुरक्षित अवस्था छुट्याउने र गर्भवती हुने सम्भावना नभएको बेलामा मात्र यौन सम्पर्क राखिन्छ ।
10,14,15,ती एकाइ मूल्यका आधारमा युगपत् रेखीय समीकरणका 2 ओटा शाब्दिक समस्याहरू बनाई हल गर्नुहोस् ।
10,15,16,"- फुटबल र भलिबल 30 जना, भलिबल र क्रिकेट 20 जना तथा फुटबल र क्रिकेट 35
"
10,10,10,"सन्‌ १०८१ अक्टोबर २५ तारिखका दिन स्पेनको मलागामा मध्यमवर्गीय परिवारमा
"
10,14,15,उनको टोलीले घुम्ती शिविरमार्फत देशका सुगमदेखि विकट ठाउँसम्म स्वास्थ्य सेवा प्रदान गर्दै आएको छ ।
10,3,4,खिर पकाउने छु ।
10,8,8,"यसरी जोखिम हस्तान्तरण गर्दा बिमा कम्पनीले बिमा शुल्क
"
10,13,14,2. क्रोमोजोमभित्र रहेको वंशाणु (gene) ले एक वंशबाट अर्को वंशमा पुर्ख्यौली गुण सार्छ ।
10,15,13,"7. अब रबर ब्यान्डलाई 6 से.मि.तन्काएर गोली फाल्नुहोस्‌ र त्यसले पार गरेको दुरी
"
10,8,8,"माता पिता र गुरुलाई देवता समान मान्ने कर्तव्यपालनाको
"
10,8,9,बिग ब्याड सिद्धान्तअनुसार ब्रहमाण्डको उत्पत्ति कसरी भएको थियो ?
10,21,22,"तत्कालिक युरोपको उथलपुथलको अवस्थाका बारेमा अध्ययन गर्ने क्रममा यिनै विद्वान्हरूले गरेको योगदानका आधारमा समाजशास्त्र विषयको जन्म, विकास र विस्तार भएको हो ।"
10,8,8,"सम्भाव्य, आश्वासन, क्रण, दार्शनिक, जम्स्याडजुम्सुड, बकन्याइ, पर्खाइ, आणविक,
"
10,10,10,"यसका आधारमा हाइड्डोजनलाई कुन समूहमा राख्दा उपयुक्त हुन्छ :ः छलफलबाट
"
10,2,2,"अन्जना बिरामीको
"
10,18,18,"क) चित्र (अ) मा बेलनाको आधारको अर्धव्यास 7 010 र उचाइ 10 0101 भए वक्र सतह र पूरा
"
10,18,18,"साथै 15 जनाले सुन्तला र आँप, 20 जनाले आँप र केरा तथा 25 जनाले सुन्तला र केरा मन
"
10,10,10,"सामाजिक सञ्जाल : सामाजिक सञ्जालले मानिसलाई सबै सामु आफूनो धारणा
"
10,2,2,"थप अध्ययन
"
10,12,13,"भएका छन्‌, यस्ता अन्य १० ओटा शब्द खोजी तिनको लेख्य स्वरूप लेख्नुहोस्‌ ।"
10,4,5,यसले के सङ्केत गर्दछ ?
10,7,8,चरण २. नेपाल पश्चिमबाट पूर्वतर्फ ढल्केको छ ।
10,11,11,"सेक्स क्रोमोजोममा रहेका वंशाणुको कारणले जीवको लिङ्ग भाले वा पोथीमा छुदटिनुलाई
"
10,1,1,"पहाड
"
10,3,4,विविषा मिहिनेती छन्‌ ।
10,1,1,"सावधानी
"
10,3,3,"मानवीय स्वभाव र
"
10,8,9,(क) पूरा सतहको क्षेत्रफल पत्ता लगाउने सूत्र लेख्नुहोस्‌ ।
10,9,10,साथीविचमा छलफल गर्नुहोस्‌ र जनसङ्ख्या वृद्धिको अवस्था विश्लेषण गर्नुहोस्‌ ।
10,9,9,"पशुपति क्षेत्रताई यसको पातिप्डा एवम्‌ गरिमाअनुरूप सुव्यर्वास्थत र विर्कासत
"
10,4,5,विभिन्न स्रोतबाट खोजी गर्नुहोस्‌ ।
10,5,6,संयोग घाँस काटन खरबारीमा गए ।
10,8,9,निबन्ध प्रति योगितामा त्यो निबन्ध प्रथम भए छ ।
10,3,4,गरिदिनु हुने छ ।
10,4,4,"महको उत्पादन [1101129 ]7000017011)
"
10,11,11,"४. तपाईँ बस्नुभएको वडा कार्यालयमा गई विगत ५ वर्षदेखिको जनसङ्ख्याको आकार
"
10,3,3,"गरिबी न्यूनीकरणमा जोड
"
10,2,2,"इन्टरनेटमा राखिएका
"
10,11,12,"प्राप्त अन्तिम प्रतिबिम्ब AA""B""C"" र AABC लाई एउटै लेखाचित्रमा प्रस्तुत गर्नुहोस् ।"
10,43,44,४. अपवित्र गठबन्धन : प्रथम विश्वयुद्धमा मित्र राष्ट्रको पक्षमा रहेका इटाली र जापानले मित्र राष्ट्र गठबन्धन छोडेर जर्मनीसँग कम्युनिस्ट विरोधी गठबन्धन (Anti Communist Pact) गरे | जसको उद्देश्य रुसमा बढ्दै गएको साम्यवादी शक्तिको प्रभाव चीनतर्फ बढ्नबाट रोक्नु र रुसको शक्तिलाई कमजोर बनाउनु थियो ।
10,16,17,४. मूल्य सूचकाङ्क निर्माणका चरणहरू लेख्नुहोस् | ५. मूल्य सूचकाङ्क निर्माणमा आइपर्ने समस्याहरू के के हुन् ?
10,2,2,"रक्त चापको
"
10,8,8,"15. (क) 52 (ख) -2 (ग) 0 की
"
10,3,3,"आर्शाक्त र द्वेष
"
10,13,14,यस अवधिका पत्रे चट्टानहरूमा रहेका अवशेषहरूको अध्ययनबाट जीव र बनस्पतिहरूको विकास भएको पाइन्छ ।
10,8,9,पर्ने तत्त्वलाई नियन्त्रण गरी खाद्य पदाथंको सुरक्षा गर्छन्‌ ।
10,7,8,दुई दिन भो हामी दिदीभाइ अलपत्र परेका ।
10,16,17,"तसर्थ समाज मानिसहरूको भझुन्डमात्र नभई पारस्परिक अन्तरनिर्भरता, सामाजिक सम्बन्ध, व्यवहार र अन्तरक्रियाले बनेको सम्बन्धको जालो हो ।"
10,6,6,"बढ्त्व : ढढी हुनाको भाव, बढप्पन
"
10,3,4,गर्ने योजना बनाएछन्‌ ।
10,1,1,"सफलले
"
10,3,4,जार स्वेच्छाचारी थिए ।
10,6,6,"जुम्ला, डोल्पा, मुस्ताड जस्ता जिल्लामा स्याउ
"
10,6,7,नेपालमा विभिन्न जातजातिहरूको बसोबास रहेको छ ।
10,15,14,"वाणिज्य बैङकले रु. 52,500 बाबुलाल र जीवनलाललाई वार्षिक 10% चक्रीय ब्याज दरमा क्रण प्रवाह
"
10,16,17,गर्भवती अवस्थामा गर्नुपर्ने हेरचाहदेखि लिएर सुरक्षित सृत्केरी सेवा र सुत्केरीपश्चात् गरिने हेरचाहले मातृशिशु स्वास्थ्य समेटेको हुन्छ ।
10,34,35,नेपाल सन् २०१३ सालदेखि २०१५ सम्म यसको सदस्य रहेको थियो | (ङ) जिम्मा जमानी परिषद् : यसले कुनै राष्ट्रले आफ्नो अधीनमा राखेको प्रदेशका सम्बन्धमा आफ्नो अन्तराष्ट्रिय दायित्व पूरा गरे नगरेको निरीक्षण गर्ने कार्य गर्दछ ।
10,13,13,"तथा आवर्तित किरणले बनाउने कोण मापन गरी तल दिइए जस्तै तालिकामा भर्नुहोस्‌ र
"
10,2,2,"त्यस्तै खण्ड
"
10,4,5,बढी प्रचलनमा रहेको छ ।
10,18,19,कुनै पनि बैङ्क वा वित्तीय संस्थामा खाता खोलेपछि यो सेवा सञ्चालन गरेको बैङ्कले ग्राहकलाई यो कार्ड उपलब्ध गराउँछन् ।
10,5,4,"क्रियाकलाप 2,9 भ्याएताको अवलोकन
"
10,14,15,"+ 6x त्यस्तै गरी बीजीय अभिव्यञ्जकहरू 24 x, 448 का खण्डीकरणहरू के के होलान् ?"
10,5,4,"यस सरकारले वि.सं. २०१४
"
10,2,3,पारिदिनुहन्छ कि ?
10,9,10,३. कतिपय नेपाली लोकबाजाहरू लोप हुने अवस्थामा पुगेका छन् ।
10,49,50,"छ कक्षमा वसेर अध्ययन, अवलोकनको =) Be —_ मौका मिलाइएको थियो | सभामुखले | eile | छ आले संसद् बैठक प्रारम्भ भएको घोषणा गरेसँगै विभिन्न संसद्ले समसामयिक विषयवस्तुमा आफनो धारणा राख्नुभयो | उल्लिखित कार्यातालिका अनुसार तोकिएका सांसद् सदस्यले आआफ्नो धारणा राखिसकेर्पाछ सभामुखले प्रतिनिधि सभा बैठक समाप्त भएको घोषणा गर्नुभयो ।"
10,2,2,"चेहरा अनुहार
"
10,9,10,र एन्टिब्याक्टेरियल गुणका कारण उत्कष्ट प्राकतिक क्लिनरमध्ये एक हो ।
10,5,6,यो प्रक्रिया धेरै लामो हुन्छ ।
10,5,5,"कम कम कम कम कम
"
10,16,17,२. पाठको दोस्रो अनुच्छेद शिक्षकबाट सुन्नुहोस् र तलका प्रश्नको उत्तर दिनुहोस् : (क) थाङ्काको अर्थ केहो ?
10,8,7,6.10.1. लाई ट्वान्सफर्मरले परिवर्तन गर्न सक्दैन ।
10,6,7,यहाँ कोणधारी वनस्पति = प्रशस्त पाइन्छन् ।
10,5,5,"पिरियडमा पिकासो आफ्नी प्रेमिका फर्नान्डो
"
10,11,12,"छ भने कसरी र छैन भने कसरी, आफनो तर्क प्रस्तुत गर्नुहोस् ।"
10,5,5,"ध्य 4 0210 2041 ८)
"
10,11,12,यिनले आफ्नी इृष्टदेवी तलेजु भवानीको मण्डप बनाई आफ्नो शालिक स्थापना गरे ।
10,13,14,नेपालको उत्तर दक्षिण दुरी छोटो भए तापनि भौगोलिक विविधता भने धेरै रहेको छ ।
10,4,4,"अब रु. 150 5£1
"
10,60,58,उक्त चुनाव तोकिएको मितिमा नै सम्पन्न भयो र राष्ट्रिय चुनाव आयोगका अध्यक्ष भगवतीप्रसाद सिंहद्वारा वि.सं. २०३७ साल जेठ १ गते निर्वाचनको परिणाम घोषणा भयो | परिणामअनुसार सुधारिएको पञ्चायती व्यवस्थाले ५४.५ प्रतिशत मतसहित बहुमत ल्यायो | उक्त परिणामलाई तलको तालिकामा देखाइएको छ : छनोट प्राप्त मत प्रतिशत चुनाव सङ्केत जम्मा मतदाता सङ्ख्यामध्ये ६६.९ प्रतिशत व्यक्तिले मतदान गरेका थिए ।
10,5,6,(गा) बालसाहित्यको आवश्यकता किन पर्छ ?
10,9,9,"अपनाउँदै सुर्राक्षत स्थानमा गएको, शिक्षकको निर्देशन मानेको, घाइतेको उद्धार
"
10,4,5,आध्यात्मिक आवश्यकतासमेत पूरा हुनुपर्दछ ।
10,10,11,तर के दोस्रो चित्रमा वृत्तको जस्तै केही ज्यामितीय गुणहरू देखिन्छन् ।
10,2,3,लोकप्रियसमेत छ ।
10,15,16,व्यवस्थापिकाबाट कार्यपालिकाको जन्म हुन्छ भने व्यवस्थापिकाले कानुनहरू बनाउने काम गर्दछ भने कार्यपालिकाले कानुनलाई कार्यान्वय गराउछ ।
10,8,8,"ग्यामेटोफाइटले मैथुनिक प्रजननका लागि भाले र पोथी दुवै
"
10,9,9,"यी बिरुवामा भास्कूलर तन्तृ जाइलम [£:16111) र फ्लोयम [])1110610)
"
10,4,4,"स्स् 35 जात 3४
"
10,5,6,यसरी प्रत्यक्ष ही पक 00 ।
10,19,20,' जलवायु परिवर्तनको न्यूनीकरण र अनुक्लनका लागि राष्ट्रिय तथा अन्तर्राष्ट्रिय प्रयासहरू जलवायु परिवर्तन एक विश्वव्यापी समस्याको रूपमा रहेको छ ।
10,9,9,"पूर्वपटटिको भित्तामा चकलेटी खापा भएको भ्याल छ र त्यसले
"
10,7,8,वर्गाङकित कागजमा तल दिइए जस्तै चित्र बनाउनुहोस्‌ ।
10,28,29,"ट, प्रथम विश्वयुदढ्ढ : कारण र घटनाक्रम मानव सभ्यताको इतिहासको एउटा विध्वंसात्मक कालखण्डका रूपमा चिनिएको प्रथम विश्व युद्धमा विश्वका अधिकांश देश कुनै न कुनै प्रकारले सहभागी भएका थिए ।"
10,9,9,"समावेश विषयवस्तु समेटेर 5 मिनेटको श्रव्यदृश्य सामग्री बनाउन तापाईँको
"
10,16,17,यदि आयताकार चउरको नयाँ परिमिति 36 मिटर छ भने चौरको लम्बाइ र चौडाइ सुरुमा कति थियो !
10,4,4,"[य 0) छु €
"
10,1,2,तात्दछन्‌ ?
10,1,1,"सजिवन
"
10,6,6,"७७ ७ये ७ ७ चिने 0000).
"
10,9,9,"गरिबीको कारण व्यक्ति राष्ट्रको सबै खालका अवसरमा सहभागी हुन
"
10,13,14,यसले देशमा राजनीतिक अस्थिरता बढ्दै गयो र प्रजातन्त्रवादीहरूलाई दबाउने काम पनि जारी रहयो ।
10,5,5,"विज्ञान तथ प्रविधि: कक्षा १०
"
10,10,11,संस्कृतिको प्रभाव बढ्नु आदि लोकगीतका प्रमुख समस्या र चुनौती हुन्‌ ।
10,4,3,"_२ १) 15,972
"
10,1,2,सिउँडी ।
10,6,7,जुका ओसिलो ठाउँमा बस्ने परजीवी हो ।
10,3,4,उल्टो दिशामा हुन्छ ।
10,18,19,क्रोमोजोम थुप्रै वंशाणु (gene) मिली बनेको हुन्छ भने प्रत्येक वंशाणु डिएनए (DNA) अणु (deoxyribonucleic acid) मिली बनेको हुन्छ ।
10,8,8,"गरेको, साना बालबालिकालाई सामाजिक मनोपरामर्श गरेको चेतनामूलक कृत्रिम
"
10,4,4,"उनलाई क्न्यापक्षका धेरै मानिस
"
10,11,12,r} (iy विधान परिषद्बाट संविधान बनाएर सोहीअनुसार नेपालको शासन i BS ।
10,16,16,"६४ वातावरण विज्ञान, कक्षा-१० खियाउने विशेषता भएका पदार्थहरूलाई उद्योगहरूमा धातुलाई सफा गर्न पनि प्रयोग गरिन्छ ।"
10,5,6,यसलाई युरिक एसिड भएको भनिन्छ ।
10,7,8,"लगाउने, लाभा र मह कोषहरू बन्द गर्छन्‌ ।"
10,5,6,(ग) जनमत सङ्ग्रहको परिणाम लेख्नुहोस् ।
10,23,24,"अङ्कित मूल्य, छुट दर, कर, करको WAS दर तथा रकम वा अन्य कुनै कर लगाइएको भए त्यसको प्रतिवेदन तयार गरी कक्षाकोठामा प्रस्तुत गर्नुहोस् ।"
10,7,8,ती दुवै सदनको aarantae Palas = भनिन्छ ।
10,11,12,(आ) निबल (Nibble) : चारओटा बाइनरी डिजिटहरूको समूहलाई एक निबल भनिन्छ ।
