grade,sentence
1,"बालबच्चा महिलापुरुष सबै एक साथ\
"
1,ड्ड चराको तल के छ ?
1,"बाघ बस्ने गुफामा\
"
1,जै छो।
1,ठुलो छ ?
1,"“(| @ हेरौँ, बुझौँ र भनौँ : ०७ a i 1122 | | ।"
1,बराबर योगफल आउनेलाई जोडा मिलाउनुहोस् ।
1,"नियमको पालना\
"
1,"सबैले भात, तरकारी र अचार खान थाल्यौं ।"
1,उदाहरण नरेन्द्रसँग २० ओटा सिसाकलम छन् ।
1,घरमा सबै जना सफाइमा ध्यान दिन्छन् ।
1,"फर्सी\
"
1,कोठामा भएका सरसामानबारे परिवारसँग छलफल गर्नुहोस् ।
1,"चित्रमा कतिओटा जनावर छन्, पत्ता लगाई नाम लेख्नुहोस् ः\
"
1,"( इ) ................................................................\
"
1,"_ ) a हेर्नुहोस् र मिल्ने वर्ण जोडी शब्द भन्नुहोस् : आङ, VH, काकी, काका, आका ०० Ae > क आ का का की का छ; खली ठाउँमा मिल्ने शब्द भर्नुहोस् : आई,"
1,"रिले खेल खेलौ  ः\
"
1,समय वृद्धि गर्नुपर्छ ।
1,( ङ) भैँसी ................................. गरी कराउँछ ।
1,"दाजुबहिनी मिलेर लेखपढ गरेको चित्र\
"
1,"ज्ञढ अभिभावकको दस्तखत मिति शिक्षकको दस्तखत मिति गणित स्वाध्याय सामग्री, कक्षा १ ज्ञढ\
"
1,"बिजुलीको तार चलाए “2 करेन्ट लाग्न सक्छ | री = टाढै बसी हेर नानी — = टाढै बसी हेर मोबाइल र टिभीदेखि टाढै बसी हेर रेडियोको ठुलो स्वरले रिसाउँछन् अरु ८९७ कम्प्युटर नि टाढै बसी चलाउ नू है बरु | ""क गर्न हुने काममा ठिक चिहन (१ ) लगाउनुहोस् : ©) € wi हले काममा ठिक चिहन (५ हो =a = ७ (क) तपाईँको घरमा प्रयोग हुने सञ्चारका साधनहरूको नाम लेख्नुहोस् : ।"
1,सबैतिर उस्तै छैन ।
1,जैसे खरायोले जडीबुटी खायो।
1,"ओटा गोलभँेडा ओटा कागती\
"
1,"ठिक चिहन ( V) लगाउनुहोस् : on, a oa | =o “3 . १ % ०६) ora mi: (अ) के पानी शुद्ध बनाउन माथिका सबै विधि उपयुक्त छन् ?"
1,"गुन्यु चोली मागन\
"
1,"बाहाँ हात\
"
1,"क) ठड टठ छड छद्ध ढज्ञ ............. ............. ............. ............. .............\
"
1,"पाँच पाँच\
"
1,सानुमैयाको उमेर ५ वर्ष छ ।
1,"लौका, फर्सी, गाजर ।"
1,उनले घाँटी छामे ।
1,"ऋषभले भने,  आफ्नो रस चुस्दा पनि फूलले किन केही नभनेको होला ?"
1,उहाँ खाटमुनि छिर्नुभयो ।
1,"क रुखको टुप्पामा जान्थ्यो | हट 9"" \ J ।"
1,काकी : नानु!
1,"©) शब्द र चित्रको जोडा मिलाउनुहोस् : कोट FHI खाट —— «ll खाजा जु ठेकी a मेरो नेपाली, wat a १०३ a मिल्ने वर्ण जोडी शब्द भन्नुहोस् र गोलो (0) घेरा लगाउनुहोस् : ठिटा, टाटो, ठोक, जुठो, केटी, जुका, ठाउँ, टाठो, ठोकी, कीट, टका, कोट ठा (0) क घ टा के ठि ठो का की क टी क को ट ठ TT ठ क का टि सुन्नहोस् र भन्नुहोस् : ecg स्याल त रुउटा HCE स्याल थियो | स्याल कुखुरा चोर्न ess. ee गाउँमा Ret ।"
1,अब जम्मा कतिओटा स्याउ भए ?
1,"विद्यालय\
"
1,"लम्बाइ ः ......................................................\
"
1,अभ्यास कुन जनावरको सङ्ख्या सबैभन्दा बढी छ ?
1,"खाना पकाउन\
"
1,"हाम्रो वेरोफेरो, कक्षा १ RR होइन!"
1,"iv (92 “१ TC ""९. | ।"
1,"फर्सी र प्याज\
"
1,"तेर तेर\
"
1,"ज्ञटछ अभिभावकको दस्तखत मिति शिक्षकको दस्तखत मिति गणित स्वाध्याय सामग्री, कक्षा १ ज्ञटछ\
"
1,ः हुन्छ !
1,हावाले शीतल बनाउँछ ।
1,"| १०८८ मेरो गणित, कक्षा १ > तपाइँलाई सबैभन्दा बढी मन पर्ने फलफूलको नाम के हो भनी - सीताले साथीहरूलाई प्रश्न सोध्नुभयो | साथीहरूको जवाफअनुसार निम्तनबमोजिम फलफूलहरू देखाइएको छ : ns ॥"
1,"उत्तर ः ................................ सँग......................... पाना धेरै\
"
1,"डेस्क बेन्च\
"
1,हामीले बिरुवालाई माया गर्नुपर्छ ।
1,छ; जोडेर र छुदयारुर लेख्नुहोस् : (=) उ aa| | ङ T ।
1,"बुधबार\
"
1,(ङ) कुन काम पहिले भरुको होला ?
1,"छढ\
"
1,"मिठो गीत गाएको\
"
1,त्यही पानी पिउनाले गैरीगाउँमा झाडापखाला फैलियो ।
1,"हाम्रो सेरोफेरो, कक्षा १ RFR ७ (ब) तपाईँको घरमा पानी शुद्ध बनाउन के के गर्नुहुन्छ ?"
1,खैरो र सेतो खरायो खोलावारि नै बस्न थाले।
1,"बयासी\
"
1,"गर्मीमा\
"
1,नुहाउन र लुगा धुन पनि पानी चाहिन्छ ।
1,"छपाइ\
"
1,"माथिको चित्रको आधारमा तलका प्रश्नको उत्तर लेख्नुहोस् ः\
"
1,"अट्ठाइस\
"
1,कंसाकार काका कंसका कथा सुनाउँछन् ।
1,"अभ्यास तलका आकृति हेरी सबै चतुर्भुजमा ठिक (√ ) चिह्न लगाउनुहोस् ः\
"
1,"सन्चो बिसन्चो\
"
1,अब टेबलमा जम्मा कतिओटा स्याउ भए ?
1,वरपरका बिरुवा हेर्नुहोस् ।
1,(क) खुट्टाका काम के के हुन् ?
1,(क) ओडार कस्तो थियो ?
1,"हात धुने साबुन\
"
1,"छयालिस\
"
1,ee | ee ee :उ:उ1।
1,"की ४; द्र हे, & बो ॥"
1,३ निर्देशनअनुसार क्रियाकलाप गर्नुहोस् : | | (क) सुनेर भन्नुहोस् र गर्नुहोस् : | (अ) नमस्कार (आ) साथीलाई नमस्कार (डु) सबैलाई नमस्कार | (ख) तलका चित्रका नाम भन्नुहोस् : | ‘. ~~ ।
1,पातलो लुगाले शीतल हुन्छ ।
1,"डण् गणित स्वाध्याय सामग्री, कक्षा १\
"
1,"गाऔँ, बजाऔँ र नाचौँ १५९\
"
1,"& ८, ८, उत्तर : ४ ओटा परेवा गणितीय वाक्यमा : ६-२- ४ (ठाडो रूपमा राखेर यसलाई ठाडो रूपमा राखेर पनि घटाउन सकिन्छ ।"
1,"दायाँतिर दिइएको खेल\
"
1,र ओटा बाख्रा थिए ।
1,"छाता\
"
1,पाठकहरूबाट आउने स झावहरूलाई केन्द्र हार्दिक स्वागत गर्द छ ।
1,"कुखुरा परेवा काग हाँस\
"
1,हाम्रा वरपरका जीवजन्तु oe लु ४ ५१४८ / | WSs ॥
1,"खसी बाजु माफी पाऊं, थोरै खर खा'को हु हजुरीलाई खजुरी, दिन भनी जा'को हुँ खरायोको कुराले, खसी आयो हाँसेर मिली खाए खजुरी, खोरियामा बसेर ।"
1,"रे ७ ay ० सुन्नुहोस् र उत्तर भन्नुहोस् : ~, 3 ओठमा ओखती क न. ओखरको बोटछेउमा ओडार थियो | 2 7 be aes oo ओडारमा ओस पर्थ्यो ।"
1,(ण) सानालाई के गर्नुपर्छ ?
1,"2 ft हाम्रो सेरोफेरो, कक्षा १ oe उनीहरू आँगनमा नै टुक्रुक्क बसे | a 000 © ar काका माथिल्लो तलामा हुनुहुन्थ्यो ।"
1,"माछा बस्छ कुरमा\
"
1,सबैले घरबाट एक एकओटा बिरुवा लिएर आउनुहोस् ।
1,"ओटा कापी र ६ ओटा सिसाकलम छन् भने कुनको सङ्ख्या\
"
1,कुनै पनि आकृति (जस्तै डिजाइन ९एबततभचल० बनाउनुहोस् ।
1,)ै र 01. !
1,"विद्यालयभित्रका सजीव र निर्जीव वस्तुको नाम लेख्नुहोस् ः\
"
1,"कुराकानी गर्नुहोस् ः\
"
1,""" चौतारीमा आओ ।"
1,"टद्द गणित स्वाध्याय सामग्री, कक्षा १\
"
1,"सादा पानामाथि एउटा\
"
1,मेरो अनुहार !
1,वस्तुहरू सङ्कलन गर्नुहोस् ।
1,उसले खैरो खरायोलाई जडीबुटी दियो ।
1,"कागजका विभिन्न टुव्रmाहरू टा सी बोटविरुवा वा वस्तुको\
"
1,"भाइले भन्यो, ""आत्था ।"
1,"विभिन्न वस्तुका प्याकेट, किताब, घडी आदि) हेरी ३ पत्ता लगाउनुहोस् र\
"
1,| (S) खरायोहरू कतिखेर घर फर्के ?
1,"सामग्री ः बोतलका २० ओटा बिर्का\
"
1,"मानिसले बनाएका र प्राकृतिक वस्तुहरूको नाम लेख्नुहोस् ः\
"
1,"उत्तर ः २ ओटा आँप\
"
1,"चित्र हेरी ठिक चिह्न ( ) लगाऔ  ः\
"
1,"निर्जीव वस्तु सजीव वस्तु\
"
1,"|) |) |) . | | मेरो नेपाली, कक्षा) ६६३ | | | (ङ) पढेको सुनेर प्रश्नको उत्तर भन्नुहोस् : | कमललाई किताब किन्नु थियो | उनी कृष्ण दाइको पसलमा TW | उनले GA र कृष्णको कथा भरुको किताब किने | बहिनीका लाणि Het पनि किनिदिरु | | कमल सामान झोलामा राखेर घर फर्के | | (अ) कमललाई के गर्नु थियो ?"
1,> घटाउनुहोस् : १२-२न| | १५१५-५५-८८ | १६-४न | s-¥-9=[_ | qo-¥-R=[ | १२-३न| | १४-६न| [ ११-द८द् | १४ १५ १९ १८ [| [| [| [ 22 हिसाब गर्नुहोस् : ५-१नरन्।
1,"मुखले भन्यो,  म खाना खान्छु ।"
1,खो।
1,एकआपसमा बाँडेर खानुहोस् ।
1,"क ees a भमरो नि उड्न सक्छ ३, v | भुँ भुँ कराएर | Wy Vi | ४ पोखरीमा we माछा NZ SWWV//A- Putt भ्यागुतो छ छेउमा | . द्वार्रदुर्र गर्दो रैछ किरा खाने दाउमा ।"
1,"अभ्यास सिधा किनारा भएका वस्तु प्रयोग गरी उदाहरणमा दिइएजस्तै\
"
1,ड्ड वनमाथि के के छन् ?
1,"~ |b ३ तत्र छ छ छड छ छ ङा Ze चिम्टाइलो माटो लिनुहोस् चारपाटे, गोलो, बेलनाकार आयातकार, बाटुलो आकार बनाउनुहोस् ।"
1,दश (एक दश एक eas. ° EB गणितीय वाक्यमा : २४ - ११ =
1,कविता ः ओहो !
1,(इ) चाडपर्वमा ............................. लुगा लाउँछौँ ।
1,""" अब आउँदा गाईको एक गिलास दुध दिउँला नि ।"
1,मिठो खानेक्रा खुवाउनुभयो ।
1,(ण) यमुना र याङीले मकै कसरी खारु ?
1,थोप्लामा रेखा तान्नुहोस् : ge a@ fe ढी ढु न नानि नी नु ।
1,"कार\
"
1,"पाठाको\
"
1,"अभ्यास तल दिइएका वस्तु गन्ती गर्नुहोस् र कोठामा सङ्ख्या लेख्नुहोस् ः\
"
1,"उदाहरणमा जस्तै ठाडो रूपमा जोड गर्नुहोस् ः\
"
1,मसँग कलम र सिसाकलम गरी १४ ओटा छन् ।
1,"आदरणीय अभिभावकज्यू,\
"
1,कछुवाले दौड कसरी जित्यो ?
1,"खाना खाने वस्तु सजीव\
"
1,"4 DFT 402६ gt & ०५७८ ३: ४ 2 रु पर्या पचास. RUPEES FIFTY, = हुँ 2 x — —< eee. 2001 हु /५ SS ~<a - ८००० < रुपियाँ पचास (रु. ५०) अगाडिको भाग रुपियाँ पचास (रु. ५०) पछाडिको भाग OR GN | ia / 4 ॥"
1,"अब भा डाकुटी खेलौ  ः\
"
1,"बेलुन\
"
1,"म सक्छु ः\
"
1,"त्यसलाई दोहो याउ दै\
"
1,"बयानब्बे\
"
1,बाहिर 20 0. : भएको मानिस बाहिर नै खुला ठाउँमा A बस्नुपर्छ ।
1,pS १ PPP eins १ : 44 ॥
1,खेल्छौँ ।
1,यस चाडमा हामी STREET ET लगाउँछौँ ।
1,(उ) अनौठो वस्तु भेटियो भने ............... लाई खबर गर्नुपर्छ ।
1,"तपाई ले प्रयोग गर्ने सामानहरूको नाम भन्नुहोस् ः\
"
1,उदाहरण मनोहरसँग ६४ पानाको कापी छ ।
1,"जोर वा बिजोर के हुन्छ,\
"
1,"नौ नौ\
"
1,हाम्रो सेरोफेरो; कक्षा १ RR ७७ @) अभिनय गरौँ : १०७ छ aes) ei उत्तर दिनुहोस् : (अ) के तपाईँ बिरामी हुनुभएको छ ?
1,केटाको सङ्ख्या केटीको सङ्ख्या भन्दा कतिले बढी रहेछ ?
1,ड्ड टेबुलमाथि के के छन् ?
1,"दशको स्थानमा\
"
1,"उदाहरण २ जनाउने चित्रमा\
"
1,"खाना खाएको\
"
1,उपलब्ध गराउनुपर्छ ।
1,"यो स्वाध्याय सामग्री प्रयोगका सन्दर्भमा एक कक्षामा गणित शिक्षण गर्नुहुने शिक्षकहरूको जिम्मेवारी\
"
1,"तथा निर्वाह गर्नुपर्ने भूमिका निम्नानुसार हुने छन् ः\
"
1,गीता गाउँतिर जाँदै थिइन् ।
1,त्यसै गरी मानिसले बनाएका वस्तुका चित्रलाई टाँसेर अर्को पोस्टर बनाउनुहोस् ।
1,"बादल\
"
1,सङ्ख्यामा छन् ?
1,"आफ्ना बालबालिकाले प्रत्येक पृष्ठमा भएका अभ्यास पूरा गरिसकेपछि त्यसलाई\
"
1,आँपमध्ये ५ ओटा खाए ।
1,"ः तिमीले आफ्नो जन्मदिन कसरी\
"
1,: 1 0) मलाई खेल मन पर्छ ।
1,"हा \
"
1,"उत्तर ः १३ ओटा रङ्गीन\
"
1,"( ई) घरमा आगो लाग्दा\
"
1,मुरली फुकेर बज्छ ।
1,बसेको थियो ।
1,अभ्यास प्रयोग गरेर लिनुहोस् ।
1,ड्ड काग र कुखुराको बिचमा कुन चरा छ ?
1,"” कानले नाकलाई सोध्यो, “तिमी के गर्छौ ?"
1,"अभ्यास सँगैको खाली कोठामा अगाडि आउने सङ्ख्या लेख्नुहोस् र भन्नुहोस् ः\
"
1,"( उ) नमाज पढ्ने\
"
1,"कानले नाकलाई सोध्यो, ""तिमी के गर्छौं ?"
1,पदशश [ 5 ॥
1,बाघ बोट बोको बुझ घबा | बाघ [| बोको | | कोबो LI ca | बोट LJ gs LJ sg ।
1,"ऋषिरामले भने,  हिंड, मेलामा धेरै मान्छे हुन्छन् ।"
1,"तपाई ले के नियम पत्ता\
"
1,यी स्रोतहरूको नियमित सरसफाइ गर्नुपर्दछ ।
1,"जस्तै ः घन्टी बजाएको, गिलासलाई कलमले हिर्काएको, कागज\
"
1,"सङ्ख्याहरूलाई ठाडो रूपमा मिलाएर लेख्नुहोस् र हिसाब\
"
1,"(छ) (ई) यो ................,...,..... रेखा हो ।"
1,"सम्मका सङ्ख्या अक्षरमा १३\
"
1,"हाम्रो सेरोफेरो, कक्षा ।"
1,"घन्टी बजाउँदै\
"
1,"उदाहरण हेरी खाली ठाउँ भर्नुहोस् ः\
"
1,"बन्दाकोबी र आलु\
"
1,"171 हामी सबै मिलेर, oe नाचगान गरेको | हला sees Ser RR हेरौँ र बुझौँ : एकछिन ल!"
1,"१६४ मेरो गणित, कक्षा १ > पढनुहोस् र हिन्दु अरेबिक सङख्याङकमा लेख्नुहोस् : १ १८ ३५ | | | | | | | | | | | | | | | | | | | | | | | | | | | | | | | | | | | | | | | | | | | | | | | मेरो गणित, कक्षा १ १६५ पिछा देवनागरी र हिन्दु अरेबिक सङ्ख्याडकहरू AY 51 QS [08 SY 85 09 86 | 89 96 | 98 | 99 66 १६६ मेरो गणित, कक्षा १ > पढनुहोस् र हिन्दु अरेबिक सङ्ख्याङकमा लेख्नुहोस् : ५१ ६८ oY | | | | | | | | | | | | | | | | | | | | | | | | | | | | | | | | | | | | | | | | | | | | | | | मेरो गणित, कक्षा १ १६७ > पढ्नुहोस् : 1 One 6 Six a 9 | पा 22 सङख्याङकलाई अक्षरमा लेख्नुहोस् : 1 One 6 ee Pte ff ee Pte १६८ मेरो गणित, कक्षा १ 02 पढ्नुहोस् : 11 Eleven 16 Sixteen > सङख्याडकलाई अक्षरमा लेख्नुहोस् : 11 Eleven 16 J J ता J ला ef मेरो गणित, कक्षा १ १६९ 22 पढनुहोस् र लेख्नुहोस् : १ 1 One ११ a २ a २ a [7 | “ a ee a “ a 00 efi a र |) १७० मेरो गणित, कक्षा १ ॥"
1,गणितीय वाक्यमा लेख्नुहोस् : ० | “छ?
1,"मैले बनाएको ट्राफिक बत्तीको चित्र ः\
"
1,आमाले भात खाऊ भन्नुभयो ।
1,पङ्क्त्तिमा बस्छु ।
1,"हाम्रो सेरोफेरो, कक्षा १ RFR ७ (ब) तपाईँको घरमा पानी शुद्ध बनाउन के के गर्नुहुन्छ ?"
1,"असल बन्ने, देउसी रे\
"
1,सबै रमारु ।
1,"RO छ), (च) काँचै पनि खान मिल्नेमा हरियो र पकाएर मात्र खान हे मिल्नेमा रातो रङ लगाउनुहोस् : | | J ७७ © गरौँ र सिकौँ : काँचै खान मिल्ने खानेकुरा सङ्कलन गर्नुहोस् | ती खानेक्रालाई पखालेर एकआपसमा बाँडेर खानुहोस् ।"
1,(अ) तपाइँको परिवारमा को को हुनुहुन्छ ?
1,( अ) (आ) (इ) (ई) के तपाई  बिरामी हुनुभएको छ ?
1,मलाई भोक लाग्यो ।
1,"मा लेख्नुहोस् ः\
"
1,"तीमध्ये २\
"
1,"+ ५ = ७ उत्तर ः ७ ओटा किताब\
"
1,बोटबिरुवाबाट के के प्राप्त गर्न सकिन्छ ?
1,"हेरौ  र सूची बनाऔ  ः\
"
1,"उनको बुबाले थप ५ ओटा, 'सिसाकलम दिनुभएछ ।"
1,कुकरमा भात पाक्यो ।
1,"a लेख्नुहोस् र पढ्नुहोस् : | ज्ञानी | पात्रो a [क्ष | fa is) HayJOJL ) सा छ; वर्ण जोडी शब्द लेख्नुहोस् : पाए C= जन) [जन] मेरो नेपाली, कक्षा१ १४७ हि a a खाली ठाउँमा मिल्ने शब्द भर्नुहोस्"
1,"अभ्यास पदमले एउटा किताबको ४० पाना\
"
1,(आ) कानको काम के हो ?
1,"अभ्यास १६ देखि २० सम्मका सङ्ख्या लेख्नुहोस् ः\
"
1,कुराकानी गर्दै विद्यालय गए ।
1,. कतिओटा पुतली छन् ?
1,"V+t+3+3 = G+t2X+40= | | मेरो गणित, कक्षा १ १०७ > हिसाब गर्नुहोस् : 'गोमासँग ८ ओटा केरा छन् ।"
1,"विषयक्षेत्र ः म र मेरो परिवार तथा हाम्रो समुदाय\
"
1,"हाम्रा वरपरका वस्तु\
"
1,- काकाको कोख छ।
1,"यस पक्षलाई दृष्टिगत गरी देशका विभिन्न विद्यालयमा परीक्षण गरेर प्राप्त पृष्ठपोषणका आधारमा परिष्कार तथा\
"
1,प्रयोगमुखी र प्रभावकारी बनाउन यसका प्रयोगकर्तालगायत सबैबाट निरन्तर सुझावको अपेक्षा गरिएको छ ।
1,आऔँ ॥
1,हाम्रो सेरोफेरो; कक्षा ।
1,"बादलले घाम छेक्दा\
"
1,"अभ्यास विद्यालयमा तपाई ले चिनेका कुनै चारजना मानिसको नाम\
"
1,कपको पानी तातो छ ।
1,सहयोग पुग्ने विश्वास गरिएको छ ।
1,"ट अभिभावकको दस्तखत मिति शिक्षकको दस्तखत मिति\
"
1,"उदाहरण सिधा रेखामा ठिक\
"
1,"दायाँ\
"
1,"अर्को समूहले पुस्तकालयमा\
"
1,"कक्षाका सबै { बाहिर आरु | उनीहरू TT IT | , _ | द्याक्टरले खेत जोत्दै थियो ।"
1,"eevee ५ गणितीय वाक्यमा: A+ ४-३- ६ उत्तर : ६ ओटा स्याउ > हिसाब गर्नुहोस् : ५-१० ४ = प् न१- ४ = | | द- ३७ = ३० ७- ४ = | | मेरो गणित, कक्षा १ पर्३ १२ जोर र बिजोर Deut ae £4 ||) 0 IRE वि 4] [ विजोर || | [| | ||) | LM fA"
1,” ।
1,"रे मेरो नेपाली, कक्षा १ tee wee | | | a निर्देशनअनुसार क्रियाकलाप गर्नुहोस् : | | (क) चित्रको नाम भन्नुहोस् र रातो रङमा लेखिरुका वर्ण उच्चारण गर्नुहोस् : | es ZF | अमला आमा Ba सलाई | | (ख) चित्र हेरी कम्तीमा तीन वाक्य भन्नुहोस् : तिलक io."" \ Pee 2h it | ६ 3 ती 0 छुरी : | : (ण) पढेर सुनाउनुहोस् : | अ आ 3 g | आ जु अ a | | 3 आ a अ | | a अ ड्ड आ | | मेरो नेपाली, कक्ष१ २५ | | | (घ) पढेको सुनेर प्रश्नको उत्तर भन्नुहोस् : | अमरले अनार ल्यारु | अङ्णुर पनि ल्याएर | आमासँग आशा fergel | आशाले | ANN ल्याइन् | इला इलाम णइन् | डइलाले इनाम लिई आइन् | ईशान र | ईश्वर पनि आरु | अनार र SUR खारु | (अ) अमरले के के ल्यार?"
1,सवार ee गाल तारहरूलाई चित्रमा देखाएजस्तै | गरी बराबरी मिलाऔँ ।
1,सोध्ने बानी गरेको ।
1,es ।
1,"ओटा खाए थप ३ ओटा खाए\
"
1,ओडारका छेउमा एउटा स्याल बस्थ्यो ।
1,यसलाई यसरी घटाउन सकिन्छ: | ४दशर५ = ct ; ।
1,"खेल खेलौँ १५७\
"
1,"दिउँसो राती\
"
1,"a लेख्नुहोस् र पढ्नुहोस् : | आई आरु alla ar | | 3a mle) CJLJ EC JL _) a शिक्षकले भनेको सुनेर खाली ठाउँमा मिल्ने शब्द लेख्नुहोस् : आई आर आरु आओ a सार्नुहोस् र पढ्नुहोस् : रे ओ आओ a आफ्नो र दुई जना साथीको नाम कापीमा लेखी शिक्षकलाई देखाउनुहोस् | ४२ मेरो नेपाली, कक्षा १ @ सुन्नुहोस् र लय मिलाई णाउनुहोस् : औजारले समा t <a अंशुमाले औषधी, sat wage ey औजारले औषधी, घाउमा लाड्डछ ae औधी दुख्ने घाउमा, औँला राखेर f acs) औषधी नै हो भन्दै, पद्टी बाँधेर | —_ औँसा पर्न सक्दछ, धोड्डराख है mn औलो लाण्न सक्दछ, होस राख है AH घर आँगन, सफा गर्नु छ सबै जना भन्दै छन्, स्वस्थ बन्नु छ ।"
1,"झारपात, बुट्यान र रुख चिन्नुहोस् ।"
1,(ई) के गरेको भए खरायोले दौड जित्ने थियो ?
1,"के भइरहेको छ, हेरेर भनौ  ः\
"
1,चिन्नुहोस् ।
1,"भमरो नि उड्न सक्छ\
"
1,सूर्यले ऊर्जा पनि दिन्छ ।
1,"” दुवैले भने, “हो, हामीले | कसैको जुठो नखाऔँ 1” | (क) जुरेलीले के भेट्यो ?"
1,"पहिलो पटक\
"
1,"अभिवादन\
"
1,"ए छोरा र छोरी, देउसी रे\
"
1,केही बिरुवाहरू होचा छन् ।
1,( अ) (आ) (इ) (ई) (उ) यो केको चित्र हो ?
1,पत्ता लगाउन सहयोग गर्नुहोस् ।
1,"मान्यजनलाई\
"
1,ड्ड घरबाहिर जानुहोस् ।
1,RIT २ = (ख) बाले ६ रुपियाँ दिनुभयो | आमाले ३ रुपियाँ दिनुभयो ।
1,लेखी शिक्षकलाई देखाउनुहोस् | NER!
1,"सुनाउनुहोस् ः\
"
1,wm) ३ सोनाम : तिमीले विद्यालयमा के के पढ्यौ?
1,३. हप्ताको पहिलो बार कुन हो ?
1,के भयो तिमीलाई ?
1,"टद्ध\
"
1,[ | lll उनीहरूको गौजीमा पैसा | ।
1,"दा तपुर\
"
1,ee ee a NS ’ ee [४३ ओटा चकलेट २५ ओटा चकलेट दश एक ||३ ओटा एक र ५ ओटा एक एकै ठाउँमा | जम्मा Teal & ओटा एक हुन्छन् | ।
1,"जम्मा कति हुन्छ, पत्ता लगाउनुहोस् ।"
1,"टुव्रm्याउने खेल\
"
1,( उ) मेचभन्दा खाट वस्तु हो ।
1,". व्रmमात्मक सङ्ख्या मेरो विद्यालय १२१\
"
1,"भागको लम्बाइ नाप्नुहोस् ः\
"
1,"विद्यालयको\
"
1,"टाँसौँ ः\
"
1,"ठान, नाटक मेरो नेपाली, कक्षा १ 1१२१ नुन कता छ?"
1,खरायो र कछुवाको भेट भयो ।
1,( ङ) एउटा बट्टामा ५ ओटा सिसाकलम राखिएका रहेछन् ।
1,"ड्ड  माथि  र  तल को प्रयोग गरेर वाक्यहरू बनाउनुहोस् र परिवारका\
"
1,"ड ड ड ड ज्ञछ\
"
1,"नमस्ते खेल खेलौ  ः\
"
1,"ज्ञठ क्भखभलतभभल क्भखभलतभभल\
"
1,कागलाई काकासँग रिस उठ्‌यो।
1,"माटाबाट गोलो, लाम्चो, चारपाटे, वेलनाकार, चतुर्भुज\
"
1,"भनेर\
"
1,"भात ater पाक्यो | कराहीमा तरकारी पाक्यो | ७. थालले भन्यो, “मलाई भोक लाण्यो |” पनिउँले थाललाई भात दियो | डाडुले कचौरामा तरकारी दियो | णजिलासले पानी ल्यायो | णिलासले भन्यो, “अब चम्चाले भात खा |” थालले भन्यो, “चम्चाले भात खाने हो र?"
1,"अभ्यास खाली कोठामा उपयुक्त सङ्ख्याङ्क लेख्नुहोस् ः\
"
1,एक : | दश ।
1,कतिओटा कलम रहेछन् ?
1,नानु !
1,"शीतल हुँदै जाने\
"
1,बनाउनका लागि जोडी पत्ता लगाउनुहोस् ।
2,साथीहरू पनि भेटिन्छन् होला ।
2,"कापी किताब लिएर पढ्न जान्छु म\
"
2,चित्र सङ्कलन गरी छुट्टाछुट्टै एल्बम तयार पार्नुहोस्‌ ।
2,सूर्य ताप र प्रकाशको प्राकृतिक स्रोत हो ।
2,(आ) कुकुरले जस्तै अरू कुन कुन जनावरहरूले मासु खान्छन्‌ ?
2,एकले अर्कोलाई सहयोग गछौँ ।
2,"जगमोहनको काठमाडौँ यात्रा
"
2,उसको घर बाग्मती गाउँपालिका हो ।
2,"उनीहरूको
"
2,"सामान्यतया इनार,
"
2,"पक्रनुहुन्छ बनाउँछ आउँछ लेख्छ
"
2,"(ण) तिमीलाई कुन णीत मन पर्छ दुत ,%49
"
2,&/ २१. 'टिकटिक घडी' पाठमा !
2,छड चुम्बकको बिचमा मसिनो धागोले बाध्नुहोस्‌ ।
2,हात्ती जङ्णलतिर लाण्यो | जङ््णलमा रुउटा पोखरी थियो | पोखरीमा हिलो थियो ।
2,"मेरो गणित, कक्षा २ (२०५ पा मुद्रासम्बन्धी घटाउ s डृशानसँग रु. ९0 थियो | उनले यसबाट रु. २0 मा GEaicr सिसाकलम किने | अब ड्दशानसँग कति रुपियाँ बाँकी रहन्छ ?"
2,"चतुर्भुजाकार सतह भएका वस्तु | वृत्ताकार सतह भएका वस्तु मेरो गणित, कक्षार १९३ 8. तल fegvar आकृतिहरूको नाम लेख्नुहोस् | उक्त आकृतिमा : भरुको भुजाको सङ्ख्या र कुनाको सङ्ख्या लेख्नुहोस् | | आकृतिको नामः : भुजाको ASST: | कुनाको ASAT: | आकृतिको नामः | भुजाको सङ्ख्या: | कुनाको सङ्ख्या: | आकृतिको नामः | भुजाको TREAT: | कुनाको सङ्ख्याः | आकृतिको नामः : ।"
2,"७१४. तपाईंको विद्यालयका बारेमा पाँच वाक्यमा वर्णन गर्नुहोस्‌ :
"
2,"लन ललल होली
"
2,हामीले हातमुख धोयौँ।
2,"- त कमजोर रुख र यसका हाँगाहरू भाँचिन सक्ने
"
2,"(घ) तपाईंको नाम केहो.
"
2,छेपाराले बल किन्यो ।
2,| (क) चरा र जनावरहरूको घर कहाँ रहेछ ?
2,"(मान्छौ, मान्नुहुन्छ, मान्छस्‌)
"
2,"शुभकामना
"
2,(क) केले पोल्छ ?
2,en a = > 34 १२ gL) a [1 | ॥
2,सहर घुमेपछि अङ्णुर साथीहरूसँगै घरतिर हिँड्यो ।
2,भन्नुहुन्थ्यो ।
2,उ भुइँमा पुर्लुक्क लड्यो ।
2,"अण्लो उकालो टुपो रमाइलो धेरै
"
2,"| आफूना साथीहरूको नाम र घर ठेगाना लेख्नुहोस्‌ :
"
2,"गरौँ मिली हिसाब
"
2,तपाईँ के क काम गन्ुहुन्छ ?
2,लखनकी आमा हुनुहुन्थ्यो ।
2,लिन जानुभरुको होला ।
2,"उ खुसी हुँदै तोरीलाई
"
2,"उनीहरूले धनाका
"
2,मानिस घरमा बस्छ ।
2,"0000 | ४. तपाईँले सुनेको वा हेरेको रेडियो वा टेलिभिजनको Hat कार्यक्रम वा अभिभावकले भनेको कथा वा घटना कक्षाका साथीलाई सुनाउनुहोस् | श्र ५. पढ्नुहोस् र रातो रङ लगाड्ररुका शब्द साथीलाई भन्नुहोस् : म क जैंडाको केटो ~ // १202 —"" जैँडाको केटो चउरमा कुढ्यो ।"
2,"कनल ई;,?"
2,"उनका घुँडामा घाउ
"
2,जैँडाकोटमा गैँडा पुण्यो | [ ७2 - शक) J भकुन्डेमा भालु थियो | घोडा घरमै बस्थ्यो | ———_ सबै जनावर भेट भरु ।
2,सुन्यो ।
2,"तराजुमा मुसो\
"
2,"मेरो गणित, कक्षा २ (भु | गन्नुहोस् र लेख्नुहोस् : 22 5960 Ses WO मेरो गणित, zee ee 11 [१ | सय [१ | दश | || सय | | दश |) = मेरो गणित, कक्षा २ पप & गन्नुहोस् र लेख्नुहोस् : all -L ।"
2,"दरले स्याउ प्राप्त गर्दछन् | यसलाई गाणतीय भाषामा यसरी लेख्न सकिन्छ : १२ + ४ न ३ प्रत्येकले ३ ओटा स्याउ पाए | Rx ४ = १२ रगाणतीय वाक्यलाई ३ ४)१२ तरिकाले पनि लेख्न सकिन्छ | -4R oO. मेरो गणित, कक्षा २ RR Bow ओटा सिसाकलम तीन जना विद्यार्थीलाई बराबर हुने गरी बाँड्दा प्रत्येक विद्यार्थीले कतिओटा सिसाकलम प्राप्त गर्दछन् ?"
2,मैले रेनकोट पनि बोकेकी थिएँ ।
2,"मेरो गणित, कक्षार १७९ ३. उदाहरणमा Revo गरी लेख्नुहोस् : | ५१५५ = YX 3 BRERER = | R+E+E+E = ५१५4-५५-२५ = | 8. आधा भाणमा रङ भर्नुहोस् : | 9. रुक चौथाइ भाणमा रङ भर्नुहोस् : | & रङ लगाइ्ररुको भाग धेरै भरुको चित्रमा ठिक (४) लगाउनुहोस्: शिक्षकको दस्तखत अभिभावकको दस्तखत | १८० मेरो गणित, कक्षा २ ।"
2,"चारु : हो नि, आज त बिहानैदेखि कस्तो चर्को घाम लागेको छ।"
2,| | | » 08 | | ।
2,लय र भाका मिलाई कविता पढिन्‌ बहिनीले ।
2,| | ०५ | | ।
2,| (डु) पोथी भ्याणुताले वर्षा हुने कुरा कसरी पत्ता लगाई ?
2,कोठातिर लाजिन्‌ ।
2,आफ्नो चाँडपर्व मनाउँदा लगाउने पोसाकहरूको नाम लेख्नुहोस्‌ ।
2,"गा ड्यो क चि ज्यो पं
"
2,भनिन्छ ।
2,"अगाडि बढ्न थालेँ म
"
2,"बिचबिच पहाड, बनेको छ नेपाल
"
2,"साइकल, मोटरसाइकल र गाडी बिस्तारै चलाउनुपर्छ ।"
2,"” कुरिलाले भन्यो, “रक कचौरा झोल बनार्र
"
2,"खरायो|_ |
"
2,घडीमा 7 बजेको लामो सुईले 12 देखाएको छ।
2,"श्र २. तपाईँको कक्षामा sts हुने विषय र पढाउने शिक्षकको नाम भन्नुहोस् | मेरो नेपाली, कक्षा २ छ ७ ३. पढ्नुहोस् र छुद्यारुर लेख्नुहोस् : at) (Ce Joo @ 8४. सुन्नुहोस् र उत्तर भन्नुहोस् : नुमा उठिन् नुमा खेल्दै थिइन् ।"
2,गर्न पनि प्रयोग गरिन्छ ।
2,"विकी
"
2,उसले सुणालाई बोलायो ।
2,"कहिले तोरीबारीमा खनजोत
"
2,"(गण) ओहो  ” साथीलाई त कति ठुलो घाउ लागेछ
"
2,"” मेरो नेपाली, कक्षा २ ७१९. जस्ताको त्यस्तै सार्नुहोस् : घोडा बस्ने ठाउँलाई तबेला भनिन्छ | गाई बस्ने ठाउँलाई Wo भनिन्छ | हात्ती बस्ने ठाउँलाई STAIN भनिन्छ | बाघ ओडारमा बस्छ | माछो कुरमा बस्छ | बाखो खोरमा बस्छ ।"
2,". दिइएका वर्णपछि 'र' वर्ण थपी शब्द पढ्नुहोस् :\
"
2,"Q तलको तालिका भर्नुहोस् : | [sca अक्षरमा हिन्दुअरेबिक अक्षरमा | मेरो गणित, कक्षा २ 1७५ ३. तलका सङ्ख्याहरूलाई स्थानमान तालिकामा लेख्नुहोस् : | | सय दश एक | २५४ | सय ।"
2,"&)£ ० पढौं, हेरौँ र छलफल गरौं :
"
2,"छ, जनावरहरूको नाम लेख्नुहोस्‌ :
"
2,घरनजिकँचौतारीपनिछ ।
2,"- पर. मेरो गणित, कक्षा २ छर हिसाब णर्नुहोस् : १. रुउटा विद्यालयमा भरुका ४१ ओटा कम्प्युटरहरूमध्ये १३ ओटा बिग्रेका रहेछन् ।"
2,पूजा णर्न भनी सल्लाह दिरु ।
2,"उनले जङ्णलमा ढुईओटा सुगा |
"
2,एक दिन गीता छिमेकमा खेल्न जाँदै थिइन्‌ ।
2,हामीलाई “त उहाँहरूले बोलाउनुभयो ।
2,धेरै मानिसहरू जम्मा भरुका थिरु ।
2,"यसपछि क
"
2,"मेरो नेपाली, कक्षा २ 00 ७११. पढ्नुहोस् र उत्तर भन्नुहोस् : भान्सामा भान्जा ; साना भान्जा मामाघर आरु | माइजू भान्साकोठामा हुनुहुन्थ्यो | भान्जाले भान्साकोठामा णर्र i माइजूलाई नमस्कार णेरे ।"
2,"| (इ) तलका शब्दका उल्टो अर्थ दिने शब्द लेख्नुहोस् : | | (झ) तपाईंले बिहान उठेदेखि विद्यालय जाने बेलासम्म गर्ने गरेका कुनै पाँचओटा | काम भन्नुहोस् | | शिक्षकको हस्ताक्षर : .............. अभिभावकको हस्ताक्षर : .................. | | गित हाम्रो समुदाय &,१. तय मिलाई गाउनुहोस् : राम्रो काम गर्ने हो शोभिता र णीताले सुशीला र निताले 5 aN कापीकलम फिक्छन् रे POY १ a समूहमा सिक्छन् रे | ""Dial १ 0 ।"
2,गर्नेबारे छलफल सुरु गरे ।
2,"ति रका
"
2,"( ""4; चाह, “स के णरौं ?"
2,मनिता : नोर्बु !
2,"सञ्जयकहाँ
"
2,") “५ छिमेकमा तपाइँले कसरी सहयोग गर्नुहुन्छ, सहयोग गरेका
"
2,"0 पढाइ लेखाइ गरौँला
"
2,0 ae \ ; Ss | d १ igi. | ) ।
2,छु ।
2,राधा तिमीलाई ?
2,"न्टक
"
2,(ख) केटाकेटीलाई कसले खान दियो ?
2,"डि) तलका प्रश्नहरूको उत्तर दितृहोस्‌ :
"
2,विपना बिहानी सामुदायिक वनको अध्यक्ष हुनुहुन्छ ।
2,"८१ छै -/2-
"
2,(घ) वैशाख १ गते कै मनाइन्छ?
2,= bli Zo 4 2 3 4 5 6 7 8 9 10 11 12 13 14 15 0 41 2 उ 4 5 6 z ब्रसको see [ | cl] ar छन् ।
2,"aa aaa ५६ छपन्न ३6. मेरो गणित, कक्षा २ Qe HES जन्नुहोस् र पढ्नुहोस् : a =: aaa aae ५७ सन्ताउन्न aoe aaa a ५८ अन्ठाउन्न aaa a ६० साठी ६१ एकसट्ठी ६२ बयसट्ठी मेरो गणित, कक्षा २ 1३१ बक्क व्तकहरू णन्नुहोस् र पढनुहोस् : 7 र 1 ६३ त्रिसट्ठी aya) ee ६४ चौसट्ठी aaa — gy hae ie So gaa ६६ छैसट्ठी छ रव 101 ६७ सतसट्ठी ala oe |e RG अठसट्ठी BR मेरो गणित, कक्षा २ बक्क व्तकहरू जन्नुहोस् र पढनुहोस् : re So ag a ४510] ६९ उनन्सत्तरी 1. ७० सत्तरी au a ७१ एकहत्तर a aia) ७२ बहत्तर a aa ७२ त्रिहत्तर 1 ep ७४ चौहत्तर मेरो गणित, set?"
2,"जाँदा बारीमा ट्रयाक्टर क. क
"
2,i —— x = | ।
2,(ग) तपाईँका किताब कस्ता छन् ?
2,ठाउँ हुन्‌ ।
2,"डुङ्गा पानीमा दि
"
2,दायाँ खुट्‌को।
2,"सीता बुद्ध जन्मेथे 1700
"
2,फोहोरमा नखेल ।
2,"बाचा गर्दछौँ हो बाचा गर्दछौँ जि पछा 0२
"
2,"१ ७०००: उठी
"
2,"जम्मा 7” Xx [ त जम्मा |_| au जम्मा | |केरा छ भाग weer : तलको भाग गर्न कुन कुन अङ्कको गुणन तालिका प्रयोग गरिन्छ, छलफल gical] weal | ३५ 4२५ | RA) मेरो गणित, कलार बध तल देखारु जस्तै णरी बाकसमा सङ्ख्या भर्नुहोस् : पुग्नु पर्ने सङ्ख्या = २४, उफ्रएको पटक = ३, एकपटक उफ्रनु पर्ने सङ्ख्या = २४ |: [ ३ | = द : | |-[२ J= J. — 0 ; मेरो गणित, कक्षा २ eR ME तत देखारुअनुसार खाली ठाउँ भर्नुहोस् : ।"
2,"डाँडाकाडी भएको, पहाड छ भिरालो
"
2,"मलाई केपि
"
2,"हाम्रो खानेकुरा ""३ क गी. 2
"
2,"कृति “1111 आकृति ""1111
"
2,"घरमा
"
2,(क) चित्रमा कस्ता कस्ता रेखाहरू देख्नुभयो ?
2,सबैको स्वास्थ्यमा ख्याल गर्छु ।
2,"११. लय मिलाई जाउनुहोस्‌ :
"
2,चौतारीमागाउँकाबुढापाकाहरूआउनुहुन्छ ।
2,"उसलाई पनि |. > काम नणरी बस्न मन लागेन | सानीले सोचिन्, _<y Pe “स के णरौँ 2” उनी कुद्दै भान्साभित्र गइन् | हाँस्दै मिठाई कचौरामा हालिन् ।"
2,"चरी उड्छ भरर, पखेटा छन्‌ फरर ""का ॥"
2,"किन्नुहोस्‌, तपाईं निरोणी हुनुहुन्छ ।"
2,mgr भैँसी छ” 2- घोडाको पछि लागे ।
2,हामीले पनि समस्या परेका बेला सहयोग माग्नु पर्छ ।
2,| —— कट ant | उनीहरूले टिकट देखारु | vi | ॥
2,ओटा भुजाहरू २. प्रत्येक विद्यार्थीसँग ५ ओटा सिसाकलम भए ६ जनासँग कतिओटा सिसाकलम होलान् ?
2,तिमी पनि शनिबारे सफाइमा मसँग जान्छौ कि ?
2,"सर्ने तरिका रोग
"
2,"नियमित
"
2,(अ) कसले सहरमा पढ्नुभयो ?
2,म ।
2,(आ)विद्यालयका गुरु णुरुआमा कस्ता हुनुहुन्छ ?
2,"| (ख) जोडेर पढ्नुहोस्‌ र लेख्नुहोस्‌ :
"
2,८ उनी फेरि चिच्याइन्‌ तर कसैले सुनेन ।
2,सबैले मिठो मानेर खारु ।
2,"८ a ""| थियो | ब्वाँसो खराब थियो | रुक १, ।"
2,"३५- पैँतिस ३६- छत्तिस ३७- सैँतिस ३८- अठतिस
"
2,विमलालाई हरियो रङ मन पर्छ ।
2,बिरालो सधैँ पूजा गरेर मात्र मुसा खान्थ्यो ।
2,"०. ना रायो
"
2,(घ) निबुवाको रस छ धेरै ।
2,"तराईमा बस्दा &, उनी धोतीकुर्ता लगाउँछन् ।"
2,x = | ।
2,"टन्न अन्न फलाइन्छ मल हालेर रत""
"
2,"&/ जोलो (CO) घेरा लगारुका अङ्कहरूको स्थानमान लेख्नुहोस् : २(६)८ ६ दश Or | माका | आनामा |e Co | & Fo DRS) मेरो गणित, कार"
2,"वडा न. ५, ललितपुरमा पर्दछ ।"
2,"कुने दुई माध्यम
"
2,0 (अ) हामीले आफ्नो शरीरलाई सफा राख्न के के गर्नुपर्छ ?
2,"रञ्जना : हो, तिमी पनि बस न | gd जना मिलेर खेलौँ | सजना : हुन्छनि।"
2,खाएर उनीहरू सुत्न गए ।
2,ढुक्क भयौँ ।
2,(a) Tata किन मुसुक्क हाँस्यो ?
2,"उनले आमासँगै सा, छ पछ वि ॥"
2,(घ) कथाका मुख्य मुख्य विषयवस्तु लेख्नुहोस्‌ ।
2,२ 0000. ७११. पढनुहोस् र उत्तर भन्नुहोस् : बाघले मलाई देखेको भरु !
2,"दिइएको
"
2,"वि ाराााार काडा
"
2,"पुजाकोठामा णरुर मामालाई
"
2,"ह्/ धर्का तानेर जोडा मिलाउनुहोस्‌ :
"
2,पनि तोरी फुलेको देखेर खुसी हुन्छन्‌ ।
2,(आ) तपाईँ साथीसँग कुन कुन खेल खेल्नुहुन्छ ?
2,"९. तलका शब्दबाट वाक्य बनाउनुहोस्‌ :
"
2,अस्मी : तर यो खोलाको पानी त सफा देखिन्छ नि सर !
2,"दुख सानासाता माटाका डल्लाहरू लाम्चो
"
2,"” हात्तीले हाँस्दै भन्यो, “हे हे हे ।"
2,")-/२ छ, लेख्नहोस्‌ :
"
2,"र रि
"
2,"प्रशस्त अन्न, तरकारी र फलफूल फलाउँछन् ।"
2,| : : : - अब उनीसँग कतिओटा कुखुराहरू बाँकी २792 ४. गीताको टोलमा ७५६ जना मानिस सय दश एक बस्छन् | रहमानको टोलमा ६९८६ SAT मानिस बस्छन् ।
2,(ख) चिललाई कसले भणायो ?
2,"६० मिनेट भनेको १ | , लामो सुई 6 मा छ।"
2,"7 खेलौं:
"
2,"दोकान [१ 9090491944904400580%9094555590019109-0145:009040:940549404559401555509 4 ककन 50010104-041510004095 हकका 44404550191465 क 9104491944514045 लक क 14 कककोकिक कैकिक 914 कक कक 0901441419100440940069 9455
"
2,"” मुसाले भन्यो, “बिराला ag !"
2,"मनमनै विचार
"
2,"कराई चरी उडेछ
"
2,क नाच्दै सबैको पछि लाज्यो ।
2,"/ 2 पढौँ, गरौँ र बुझौँ :
"
2,"तितो खाँदा फाइदा
"
2,(ख) तिमी छिट्टौ ।
2,मा डाडारे।
2,"11 17 00 जोर र बिजोर जानेर
"
2,(ई) रितु आफना जुत्तामा आफैँ पालिस गर्छिन्‌।
2,"डङई| गेरो नेपाली, कमा २
"
2,"मेरो नेपाली, कक्षा २ पर &/ ८ शिक्षकको सहयोण लिई खाली ठाउँमा मिल्ने चिहन भर्नुहोस् : तिम्रो बारीमा फलफूल छन् कि छैनन् “ A बारीमा आँपको रुख छ आहा - आँप त पाकेको रहेछ ।"
2,"(त्र) रुमाल धुन जिज्ज्यााट
"
2,"चरा जरा\
"
2,"यसले हाम्रो शरीरलाई
"
2,(ङ) तपाईं पशुपतिनाथको मन्दिरमा ” ?
2,"डी पढौँ र छलफल गरौँ :
"
2,"सागपात, माछामासु र आलु लैजाउँ ।"
2,बुबाले सिमीको तरकारी ॥
2,(अ) आफूनो नजिकको घरमा बस्ने मानिसलाई के भनिन्छ ?
2,(आ) हामीले देशमा बनेका सामानलाई बढी प्रयोग गर्नुपर्दछ ।
2,"वनछेउको ठुलो |
"
2,के तपाइँ नृत्य गर्दा हातका यस्ता मुद्राहरू प्रयोग गर्नुहुन्छ ?
2,"त्यसपछि सबै
"
2,"(च) लुम्बिनीमा रिक्सा ""| (चल्छिन्‌, चल्छन्‌, चल्नुहुन्छ)
"
2,आफ्नै चित्र हेशै हेरी दङ्‌ण पर्छु म ।
2,झोला नै छुटेछ ।
2,"हात्ती
"
2,"(क) आज रेडियोमा बुबा 1 | (बोल्नुभयो, नाच्नुभयो)
"
2,"आज उठनु की छ. 0000 ८
"
2,खुम्च्याएर | दायाँतिर ।
2,"| 1 घिसिने
"
2,(ण) कसलाई जूनतारा हेर्न मन लाण्छ ?
2,जनावरको नक्कल गर्न सक्छौँ ।
2,(ण) उनीहरू किन पसल णरु?
2,"६. मेरो सिर्जना २९७
"
2,बेच्दिनँ ।
2,यिनीहरूसँगै खेल्थे ।
2,"फुपूलाई हो 1 पहि,
"
2,"2, | . खरायोको खुट्टामा घाउ बनास्छ ।"
2,तिमीलाई खरायो किन मन पर्छ नि?
2,(झ) कक्षाकोठामा भरुका तपाइँलाई मन पर्ने कुनै तीनओटा कुरा लेख्नुहोस्‌ : ।
2,| || (क) सुरुमा एकको | (१; ।
2,"७४. खाली ठाउँमा सही शब्द लेखी वाक्य बनाउनुहोस्‌ :
"
2,पाठ्यपुस्तक विकास जरिरुको छ ।
2,उहाँले सबैको अनुहार हेर्नुभयो ।
2,"त्यहाँका सडक फराकिला
"
2,मानिस पनि तोरी फुलेको देखेर खुसी हुन्छन् ।
2,"& तपाइँका के के बानीहरू राम्रा छन्‌, साथीलाई सुनाउनुहोस्‌।"
2,") अनुमाले गरिछन्, सापट दिने विचार का आहा प्यारी साथीको, कति राम्रो आचार !"
2,गरे लतरपतर हुन्छ ।
2,(आ) तपाईँ उक्त चाडपर्वमा के के परिकार खानुहुन्छ ?
2,"% ० हेरौँ र छलफल गरौँ :
"
2,उर्मिलाले त्यो सुगालाई पनि असल बोलीवचन सिकाइन्‌ ।
2,0 पढ्न पनि गाह्रो हुन थाल्यो ।
2,स्टिलको गिलासमा राखिएको चिया बाहिरबाट देखिँदैन ।
2,हामी हिँडेर जान थाल्यौँ | बाटामा बाघ 0002 (| करारुको सुनेर हामी डरायौँ ।
2,"(सनम र सपना चउरमा डुल्दै कुराकानी
"
2,"लय, प्छ
"
2,"10 डे. 0
"
2,"उहाँले 0201
"
2,उनले यो समस्या आमालाई सुनाइन्‌ ।
2,ठाउँदेखि अर्को ठाउँमा पुग्छन्‌ ।
2,104 ला = Wy 1 जन्मदिनको शुभकामना छ PRI ™ सीमा : धन्यवाद मनोज | te as o™ मनोज : के छ त जन्मदिनको id | कार्यक्रम ?
2,त पत कर त तनु] छिमेकीको चाडपर्वमा ०१००१११०१०१० जा त्छन्‌।
2,"&/ हावा र पानीका सहायताले हुने कामहरूलाई तलको तालिकामा
"
2,"काम 9 ""०""०“०००५००००५०१००००५०५०%०००१००५०००५०५०५०५५००००५५०००५००%०००५००५००००००००००
"
2,साभार : महेन्द्रमाला | २. तलको सूचना पढी सोधेका प्रश्नको उत्तर भन्नुहोस् : सूचना किताबको जतन णरौँ भाइबहिनीहरू !
2,"उपकरणले हाम्रा कठिन
"
2,(इ) अन्नबालीको समूहमा पर्ने बिरुवा कुन हो ?
2,"टर.
"
2,"(ई) काम सकिएपछि धारा ““711111111111111114 पर्छ ठ्ष्च्
"
2,मैदानमा पुगे ।
2,"दायाँ घुँडा
"
2,आउँछु है ।
2,१० पिक 1110. 1000 ।
2,"WR) मेरो गणित, कलार © चित्रगाफबाट प्राप्त जानकारी तालिकामा प्रस्तुत गर्नुहोस् : सुस्मिताका घरमा भएका जनावरहरूको विवरणलाई तलको चित्रग्राफमा सुस्मिताका घरमा भएका जनावरहरू न | | ee हु ae F पा छा जा न ।"
2,७.0 परेवालाई फयाउराको खेल मन प्य्यो ।
2,"हेर त, गौँथली SH “हो ति ढुकुरसँग wr aef met fr Za / i मनिता : किराफट्याङ्गा खोज्न ३ ॥"
2,"त्यसैले 1894 PPR OTe: (S) WFRV aH FRESE १०१ 4१0 . मेरो गणित, कक्षा २ प्र हिसाब गर्नुहोस : HERO lit iw ९१७ fitz ole ial न ३४१६ ११११८०।"
2,मलाई पुतली मन पर्छ तर पुतलीले मह बनाउँदैनन् ।
2,“लि लिचोट जेल \ 4 i ॥
2,(ए) माटाभित्र रहेको बिरुवाको भागलाई के भनिन्छ ?
2,(ख) को को कटुस टिप्न णरु ?
2,"हजुरले पत्ता लगाइ्इदिनुपन्यो |” Soo. शब्द प्रयोग गरी वाक्य लेख्नुहोस् : S ११. उदाहरणमा Re जस्तै गरी लेख्नुहोस् : जस्तै : ढुक्क = ढुक्क मेरो नेपाली, कक्षा २ 000. ७०१२. पालैपालो पढ्नुहोस् : arg र मनिता रुखको छहारीमा बिल) J m2 Yy. बसी कुराकानी गर्दैछन् | ५ 24 | : र %“ ag : Afra | त्यो कुन चरो छ, Vv. त हो?"
2,- साधना नाक छोपेर मरिमरी हाँसिन्‌ ।
2,"” विनाले भनिन्, “सविनाले अब आँटोपिठो लैजाउँ भन्न बेर छैन ।"
2,"छ) विद्यालय वरपर रहेका दुई दुईओटा आयताकार वस्तुहरूको क्षेत्रफल P तुलना गर्नुहोस् र लेख्नुहोस् : क्रस. cages बबढी क्षेत्रफल भएका वस्तु| कम क्षेत्रफल भएका ae —— | —— | मेरो गणित, कक्षा २ 1१५९ © चित्रमा दिइरुका जस्तै दुई वस्तुहरू तुलना गरी कम क्षेत्रफल र बढी क्षेत्रफल भरका वस्तुको नाम लेख्नुहोस् : Nene १999) ४ ।"
2,"त हाम्रो समुदाय
"
2,"(ख) उत्तर दिबुहोस्‌ :
"
2,"बुधवार\
"
2,"९ (इ) हपिङ
"
2,"”, १ 0: //0 41
"
2,"केको क) (/२₹/०)९
"
2,"(बिरुवा / जनावर)
"
2,यो खान्छन्‌ ।
2,"७. चुम्बकले तान्ने वस्तुको कोठामा रातो रङ र चुम्बकले नतान्ने
"
2,"रछ मेरो नेपाली, or २ ७०१७. शब्द पढेर साथीलाई सुनाउनुहोस् : ढिँडो णणुर खिचडी मन्दिर जाउलो गुम्बा लिटो मस्जिद सातु विहार बान्ता प॒खाला घाउ खटिरा बिरामी ७१८ साहिलले जस्तै णरी आफ्ना बारेमा लेख्नुहोस् : मेरो नाम साहिल हो ।"
2,(आ) सायमीले उत्तरमा के भनिन्‌ ?
2,"१ दश किलो चिनी बिस किलो दाल
"
2,८ कै कै ॥
2,हा 211212112191 2 प्ख्छ।
2,"क रुक्कासि टेबुलबाट
"
2,"@ १३. तपाईंलाई मन पर्ने बाजाका बारेमा पाँच वाक्य लेखी शिक्षकलाई देखाउनुहोस् : मेरो नेपाली, कक्षा २ (RR &,१. लय मिलाई गाउनुहोस् : ~~ सुन्दर देश हाम्रो क PK we हिमाल राम्रो छ, णुराँस राम्रो ०० 271 . Na a) WES राम्रो छ, तराई राम्रो Cpe, नदी र नाला, अनि लेक राम्रो ः नेपाल यो देश, अतीव राम्रो ।"
2,"जोर बिजोर गन्ने
"
2,"पाङ्ग्रेले छाउरालाई
"
2,0 | ब्वाँसाले बल फयाँक्यो ।
2,"इनार राम्रो पानीले
"
2,गुँडमा चरी गाउँछ मिठो स्वरमा ह््त्रि ु ॥
2,"११७ [त eee त र त डी] त ee ee ;---4सय ATR Bob bE EE EE ES PE ESE १४०. मेरो गणित, कक्षा २ प्र हिसाब गर्नुहोस् : १. ay २. ९७ नरे —45 ३. ५० ४. १२३ नडेश् नदँन् ५. २३६ ६. ३०८ -७८ -१२९ 9, GRY द. ३५० — 290 -१७६ ९, २३७ १०. ७०३ -१६० - vw मेरो गणित, कक्षा २ (१४१ प्र हिसाब गर्नुहोस् : १. रुउटा गाउँमा २५0 घरपरिवार छन् ।"
2,सुमन : ती सुतेका हुन्‌ र ?
2,ई डिलबाट तलतिर हेरिन् ।
2,"| जती ८
"
2,जस्ता जीव पनि सफा पानीमा बस्न पाउँछन्‌ ।
2,समयलाई जनाउँछ ।
2,दुवै : आबुई !
2,ती डिजाइनको प्रयोग गरी शुभकामना कार्ड बनाउनुहोस्‌ ।
2,उनी फुर्बा नजिकै गइन्‌ ।
2,"त्यहाँ ठुलो
"
2,"४ 0 को रे हा का
"
2,"दायाँ बायाँ दा बा दा बा दा बा
"
2,यस्ता बिरुवाहरू धेरै वर्षसम्म बाँच्छन्‌ ।
3,' भनेर करारु ।
3,"अभिभावकलाई सोधेर तपाइँको समुदायमा उत्पादन हुने 4 सामानहरूको नाम लेख्नुहोस् : संवाद पढौँ र अभिनय गरौँ : पसले : आउनुहोस्, आउनुहोस् | मिठा मिठा फलफूल खानुहोस् | बालबालिका : कुन कुन फलफूल छन्, साहजी ?"
3,"अब हामी पनि
"
3,soe : ol विद्यार्थीहरू : हुन्छ णुरुमा !
3,खुला ठाउँमा उभिनुहोस्‌ ।
3,आमासँग औषधी माजेर खाई ।
3,रुउटा घर जस्तै छ ।
3,"हरिशकी आमासँग जम्मा रु. ८९६५
"
3,"प्रियङ्का झन्‌ जति ताछ्यो झन्‌ उति ठुलो देखिन्छ बढेको
"
3,यदि एउटा सङ्ख्या ९ भए अर्को सङ्ख्या [_ | हुन्छ ।
3,(इ) चुक्बकर्ल तान्न र नतान्न दुइ दु ओटा वस्तुहरूको नाम लेख्नुहोस्‌ ।
3,जनाउँछ ।
3,"छिमेकीले काटेको ठाउँमा
"
3,कर्तव्य हो ।
3,( ) म तिमीलाई घन्टी दिन्छु ।
3,आज तिमीले के खायौ ?
3,"बिरुवाको जरा
"
3,छु अहुढै॥
3,"| - ९० २ ९० मेरो गणित, कक्षा ३ 4१११ . जोड र घटाउ ७७ रुउटा पोखरीमा Ao ओटा भ्यागुता छन् | पोखरीभन्दा बाहिर रहेका १४ ओटा भ्याणुता पोखरीमा afte भने पोखरीमा जम्मा कतिओटा भ्यागुता भरु ?"
3,"बेलुकी केहीबेर टिभी हेरेर
"
3,"साह्रो तल
"
3,"(तेल/बरफ /पिठो)
"
3,"अग्लो ठाउँमा बसौँ, आङ | तपाईँले हुरीबतास चलेको देख्नुभएकै होला | हुरीबतास चलेको बेला घर बाट निस्केमा रुखका हाँगा भाँचिएर लाग्न सक्छ | त्यसैले घर भित्रै बस्नुपर्छ ।"
3,हल्लाउँदै नाच्थिन्‌ ।
3,संवाद लेख्नुहोस्‌ ।
3,एभ्गावहरूलाई केन्र हार्दिक स्वागत गर्दछ ।
3,"जुवामा जोतारो
"
3,1 \ \ ' ॥
3,करेन्ट लाग्न सक्छ ।
3,"पूर्णिमाको दिनमा चन्द्रमुखीले
"
3,"रुउटा किराले भन्यो, “म बिस्कुटबाट बनेको हुँ ।"
3,(इ) तपाइँको घरमा पाहुना आउँदा कसरी सत्कार गर्नुहुन्छ ?
3,"&/ ६. मिल्ने क्रियापदसँग जोडा मिलाउनुहोस्‌ :
"
3,सुत्यौंँ ।
3,"परविनले आज १७९ पष्ठसम्म
"
3,आइत | सोम | मङ्गल | बुध | बिही | शुक्र | शनि | 00 ।
3,"बालसमाचार सुन्न नभुल्नु होला, नमस्कार ।"
3,"उसले त खाजाको पैसा जोणाउन
"
3,वनभोज गरुको ठाउँ डाँडामा भरुकाले हावाहुरी चल्ने रहेछ ।
3,"निवेदक सुमिना यादव कक्षा तीन & १३. अन्तिममा आउने वर्णबाट शब्द बनाउनुहोस् : माछा at मलम महल लहरो रोटी टीका काका मेरो नेपाली, कक्षा ३ १०३ 4 १४. उपयुक्त शब्द छानी तलको कविता पूरा गर्नुहोस् : कति राम्रो छाया चउरमा खेल्छन् खोलावारिबाट डाँडा वारिपारि (माधवप्रसाद घिमिरे) &/ १४. तलका बुँदाका आधारमा आणो र पानीका बारेमा वर्णन गर्नुहोस् : (क) पानी : पिउन, खाना पकाउन, लुगा धुन, नुहाउन, खेतबारीमा लगाउन (ख) आगो : खोने कुरा पकाउन, जाडामा ताप्न, बत्ती बालेर राती उज्यालो बनाउन & १६. घरमा दिदीको बिहे परेर बिदा पाउँ भन्नेबारे रुउटा निवेदन कापीमा लेख्नुहोस् | 4 १७. तपाईँलाई कस्ता कस्ता चित्र बनाउन मनपर्छ ?"
3,ल है साथी !
3,"यो नियम लय वा भाकाअनुसार
"
3,"सुनकेशरी : हुन्छ, म आउँछु ।"
3,"उसलाई
"
3,"सबै नाचणान
"
3,अनुरोध गर्दछ ।
3,% Ab. जून किन चिसो हुन्छ घाम किन तातो सँगै हिँडे हुन्न तिनले किन फरक बाटो थाक्दैनन् ती तर हाम्रो खुट्टा किन थाक्छ कछ यस्तै लाण्छ सधैँ मलाई तिमीलाई कस्तो लाण्छ ?
3,"छेपाराको किनमेल
"
3,"खोलो ०2904448054942000/29:424942950 224 शम्रो 4९४4४4०६४३६५०३०:४४८७८८460248294295249
"
3,"(उ काका अर्ती हुनुहुनेछ) रकककाममभरहसतभकाकसवभसाससनहमतदुरससतकमे
"
3,"टेम्पो क हद
"
3,गर्नुहोस् : ममताले प्रत्येक दिन ४ लिटर पानी पिउँछिन् ।
3,अर्कोपटटिबाट पारि गयो र फल टिपेर ल्यायो ।
3,"अरूलाई अपशब्द बोल्नु र अपमान जर्नु नराम्रो
"
3,"कलकली हिँड्नु
"
3,चिन्ता नणर ।
3,"” आमा पनि आत्तिँदै उसका छेउमा पुग्नुभयो | उसले AMAR मन्जन र ब्रस माण्यो | आमा छक्क पर्नुभयो | ब्रस णरभन्दा कहिल्यै नमान्ने दिक्पालले आज आफैँ ब्रस र मन्जन माण्दै छ | आमालाई आश्चर्य लाण्यो | आमाले सोध्नुभयो, “किन र ?"
3,(याक पहारी तरााणागल्तता सत ताना ।
3,"गज धार्नी
"
3,i 1 i ॥
3,"७, १६, चित्र बनाउनुहोस्‌ र रङ भर्नुहोस्‌ :
"
3,वस्तुहरू राष्ट्रिय चिहन हुन्‌ ।
3,पारिपद्टि कालिञ्चोकको मनमोहक दृश्य देख्न पाइन्छ ।
3,मलाई देरु न !
3,"[र ,&घु साथीभाइ राम्रा भरु पुण्छौं हामी माथि
"
3,(डु) बेलुकी फभिन भनो (ई) अघि फा ।
3,बाँदर पनि रमाउँदै थियो ।
3,टेलिभिजनबाट मात्र प्रसारण जर्न सकिन्छ ।
3,लाजि विदेशी आउने गर्दछन्‌ ।
3,"बसनु, पढनु, सुतनु, बालनु, भनन, कुदनु, उठनु, उडनु, फलगु, झयाल, सयाल, र्याल,
"
3,छिटो जाऔँ न ।
3,छिटो छिटो णरुर सिकारीको खुट्टामा बेसरी 1111 ।
3,रु. २६मा | पैसा हुन्छ।
3,). 2 Mm VA L f ; : ३ भागको १ भागलाई A एक तिहाइ पनि भनिन्छ | + (एक तिहाइ) om rol जम्मा कति पाए ?
3,"6 तल दिइरुका भिन्नले जनाउने भाणमा रङ लगाउनुहोस्‌ :
"
3,मलाई देखेर दिदीहरू खुसी हुनुभयो ।
3,"वस्तु अनुमानित | वास्तविक
"
3,"रु. ६ - रु. ९ -
"
3,कस्तो डरलाण्दो मानिस !
3,"भ्यागुता, जुका, लामखुट्टे,
"
3,| होला ?
3,"घरको खाना सागपात, फलफूल खाने
"
3,त्यस बेला उहाँका घरमा म पनि जान्छु ।
3,हामी बस्ने ठाउँ जमिन हो ।
3,"खाना खानु अघिपछि हात धुनुपर्छ
"
3,"(ख) शारीरिक क्रियाकलाप गरेर देखाउदुहोस्‌ :
"
3,यो कति लामो होला ?
3,म तिनीहरूलाई ज्ञान दिन्छु तर मेरो ज्ञान घट्दैन ।
3,११ सानु सानु घर मेरो सानु सानु छानो हामी खान्छौं सधैँ आफ्नो पौरखको मानो | हावापानी माटो अनि घर राख्छौं शुद्ध Laces मन पनि सफा भरु मान्छे बन्छ बुद्ध | oud a Se मेरो घरको धुरीबाट देख्छु हिमाल चुली = क” दु AS सफा हिमाल हाँस्दाखेरि मन आउँछ खुली त - wi मान्छे पनि सफा बन्नु राम्रो हो रे गुन सफा हुन्छु स्वस्थ बन्छु सुन साथी सुन ।
3,"ना सं पा ती रा || द्‌ ही
"
3,"गाउँका मानिसले त्यही
"
3,_ २. जम्मा सुन्तला कतिओटा छन् ?
3,जनावरका विभिन्न चित्रहरू संकलन गरी टाँस्नुहोस् र त्यसका बारेका छोटो परिचय लेखी पुस्तिका तयार गर्नुहोस् ।
3,"बुबाले किनेका सामान
"
3,१११४ १' न!
3,नाचगान कार्यक्रम गरेका थिए ।
3,पड्खा चलाएर बस्छु ।
3,"मलाई मन पर्छ
"
3,"तपाइँका राम्रा बानी झल्किने कुनै दुईओटा चित्र बनाई रङ भर्नुहोस्‌ :
"
3,"चोरी डकैती बढ्ने
"
3,उनलाई आफ्नो काम गर्न अरूले सिकाउनु पर्दैन ।
3,"अनुमान
"
3,थालकचौरा किन्नुभयो ।
3,"तिमीले ठिक भन्यौँ, अब छुटौं है ?"
3,नदीको छेउमा ) LO a रुउटा ठुलो रुख थियो | रुखमा बाँदर Va = sb é 2 बस्थ्यो ।
3,"यसको मुटु कलेजो त झन्‌ कति
"
3,"छदिन न घण्टा | घण्टा
"
3,"४ जोर जुत्ताको मूल्य रु. १७२८ १ ७.२:
"
3,महिनाको जम्मा आम्दानी कति भयो ?
3,"जनुनबृदक् मेरो नेपाली, कक्षा ३
"
3,"920224929902224924990229499009249924022299%904,8402422222059044024924299222£%264922०9429०2:2959००
"
3,बनाउँछ ।
3,उनका बगैँचामा जम्मा कतिओटा रुखहरू छन्‌ ?
3,Place value of 4: | Place of 9: | | Place value of 9: | | Place of 5: | | Place value of 5: ओ|।
3,अर्थात्‌ यस घडीमा | | बजेको छ।
3,0 तरा जित्ला १|।
3,(अ) रुलरको प्रयोग गरेर आफ्नो डेस्कको लम्बाइ र चौडाइ नापौँ ।
3,"विजितलाई छोरी रोरुको नराम्रो
"
3,पनि सिधा लाइन देखिनुपर्छ ।
3,1 ।
3,") A रे Ba \ > v : oo. ’ akuce पै ” नातागोता ec कालोनिलो Pk TARY) मेरो नेपाली, कक्षा ३ &; ११. खाली ठाउँमा मिल्ने शब्द लेख्नुहोस् : (गण) हजुरआमाले घाम | (ताप्ली, ताप्नुहुने छ) ७| १२. तपाईं se के गर्नुहुन्थ्यो, भन्नुहोस् : म आमासँग बस चढेर मामाघर गरुँ ।"
3,"त्यहाँ दिक्पाल नाम गरेको सानो
"
3,"नतिजा जननी महो ते 60 बकर
"
3,"७ ७ 1 0 बु ७ ;
"
3,तरकारी बजारमा बेच्छन्‌ ।
3,poser ।
3,"छ au हाम्रो सेरोफेरो, कक्षा ३ १४१ & | तपाइँको घर वा विद्यालयमा पुनः प्रयोग गर्न मिल्ने वस्तुहरूको 4 स्ची तयार गर्नुहोस् : ©) | तलका कुन कुन क्रियाकलापले वरपरको वातावरण फोहोर हुन्छ, 4 चिनेर खाली ठाउँमा लेख्नुहोस् : १. बढार्दा निस्किएको फोहोरलाई डस्टबिनमा राख्दा २. तरकारी केलाउँदा निस्कदा काम नलाग्ने वस्तुलाई त्यत्तिकै फालिदिँदा ३. कागज च्यात्दै फाल्दा ४. प्लास्टिक र काँचका सामानहरूलाई पुनः प्रयोग गर्दा ५. घरबाट निस्केको ढललाई खोला र नदीमा मिसाउँदा ।"
3,सबैभन्दा भित्री भागलाई कोर भनिन्छ ।
3,"& ९. साथीसँग छलफल णरेर उल्टो अर्थ दिने शब्दसँग जोडा मिलारुर कापीमा लेख्नुहोस्‌ :
"
3,"मेरा गणित, कल्ला ३ इभ २
"
3,"माघी
"
3,"गिलो माटाबाट गोलाकार गुच्चा, गाडी,
"
3,उनका जम्मा कतिओटा छ्न् 2 उनका बजैँचामा चामा जम्मा कतिओटा रुखहरू छन् : पु Z Z Z Z Z Z Z Z Z GY Y Z Z Z Z Z % % Z Z Z Z Z Z Z Z Z Z Z Y % Ya g GY % Z Z Z Z % % Z Z Z % % Z Z Z Z Z Z Z Z Z Z Z Z Z Z Z % % Z Z Z Z Y % % % Z Z g % Z Z Z Z Z Z Q नर्तुसँण daar ३३२ भेडा थिरु | उनले आङछिरिङसँण ३१४ भेडा किने ।
3,"& व्यक्तिगत सरसफाइ गर्ने उपायहरू लेख्नुहोस् : eT डा OO OO oo Rv हाम्रो सेरोफेरो, कक्षा ३ पढौँ र बुझौँ : श्री राष्ट्रिय आधारभूत विद्यालयका कक्षा ३ का विद्यार्थीहरूका व्यवहार हेरौँ : ७ तपाइँका राम्रा व्यवहारहरू"
3,"| मेरो गणित, कक्षा ३ २५ &. तत दिइरुका सङ्ख्याहरूलाई हिन्दु अरेबिकमा स्थानमान तालिकामा प्रस्तुत गर्नुहोस् : 9. 2,345 b. 5,610 c. 30,456 d. 95,215 RE मेरो गणित, Heart 3 सङख्याहरूको तुलना ७० छलफल गर्नुहोस् : =, “८” र ‘>’ चिहतको प्रयोग ७० अध्ययन गर्नुहोस् र Saba Welz : निलम र फुर्वासँग सय, दश र एकका ब्लकहरू छन् ।"
3,हजुरआमा मलाई घुमाउन लैजानुहुन्छ ।
3,(अ) तपाईँको परिवारमा कसैले धूमपान वा मदिरा सेवन गर्नुहुन्छ ?
3,"खनखनी काम्नु
"
3,"दाबिलो हतियार
"
3,क्यामेराले फोटो खिचे ।
3,"यसमा बेललाई बेहुला र
"
3,सजग छिन्‌ ।
3,२३ र १४ को फरक | _ |हुन्छ।
3,"&, १२. शब्द चिनेर शब्दपहेली भर्नुहोस्‌ :
"
3,हामी स्वस्थ भई धेरै बाँच्न सक्छौं ।
3,"(२५ पैसा) १०० पैसा ram विजयको ५० पैसा, विनयको २५ पैसा र विशालको १०० tar wer थैलीमा राखियो | yo पैसा + २५ पैसा + १०० पैसा = १७५ पैसा | ७. खाली ठाउँ भर्नुहोस् : ४ पैसा - ६ पैसा «| |पैसा २१ पैसा - १५ पैसा ठ पैसा ० पैसा पैसा + २० पैसा १ | पेमा र ८० पैसा - २० पैसात्| पैसा क्या जोडनुहोस् : ।"
3,बिरुवा थिरु ।
3,डेक्चीभरि भुटेको मकैभटमास देखे ।
3,यसको तेर्सा भागको लम्बाइ कति सेन्टिमिटर होला ?
3,"अन्डा पृथ्वी
"
3,"बनाउन
"
3,"तपाइँ पनि यस्तै चित्र कोर्ने प्रयास गर्नुहोस् : यि. x का = aN BEES os ERA LY VAN >. ” —~_ रै , a a ma. a ce क = ) X——————— oh es हन | We a a) SS हरेक शुक्रबार शिक्षक सहित कक्षा बैठक बस्नुहोस् | कक्षाका समस्याहरू र त्यसको समाधानका उपायहरू छलफल गर्नुहोस् ।"
3,"9/1:2004 को 2 क
"
3,Aga | = घरको पछाडिको भ्याल खोले | Are झलमल हाँसिरहेको थियो ।
3,७09-4:000%010.9 क 59 4009 094 -05 5009 क क ॥
3,"खसी रु. ६,४९० मा र एक बोरा चामल
"
3,"बाक्लो हिउँ पर्दा मानिसहरूलाई हिडडुल गर्न
"
3,"पर्दामा चद्याङको चित्र
"
3,"मेरो घर 0000
"
3,"तपाईँको गाउँ ८ नगरपालिका
"
3,"सजीव सफा
"
3,"०.५ न. | ६३६ न |
"
3,४ दिन ८ | 1 ं ६ दिन _ ओ|।
3,अपेक्षा : किन थाहा नहुनु नि !
3,रु. शमा |] पैसा हुन्छ ।
3,नाङ्गो तार समात्न पुगे ।
3,"यसले भित्री अङ्गको सुरक्षा
"
3,प्राप्त गर्छन्‌ ।
3,चुकुल खोलेर सुकुलमा बस्यो ।
3,(क) आमाले फलफूल -1111111111111112 ।
3,गर्दै उकालो लागे ।
3,"(आ) च्याउ, उनिउँ, ढुसी बिरुवा हुन्‌ ।"
3,"गृहकार्य रमाई रमाई घर गई गछौँ
"
3,"बिनितालाई त्यही
"
3,"(ण) तपाईँको समुदायमा विवाह कसरी णरिन्छ, बताउनुहोस् | मेरो नेपाली, कक्षा३ ४१ ७ १0. सही चिहन राखी वाक्य पूरा गर्नुहोस् : ।"
3,"त्यसैले उनी स्वस्थ
"
3,यसले धेरै अक्सिजन फाल्छ ।
3,"र्‌ बिरूवा
"
3,"तरकारी, मुलाको अचार र दही खाएँ।"
3,हाँस पनि पोखरीमा पौडिन्छन् ।
3,"त्यसपछि खाजा
"
3,(उ) नेपालको राष्ट्रिय फूल मा हो ।
3,तपाईँको घरमा को को हुनुहुन्छ ?
3,सामग्री तपाईँले दिएको रुपियाँ ।
3,कह?
3,"८. शरणको घरमा १000 लिटर क्षमताको
"
3,"३ सँग ३ गर्दै १० सँण १० जोड्नुहोस्‌ :
"
3,"रेलमा जम्मा
"
3,डाक्टर : चकलेट धेरै खानु हुँदैन ।
3,"७ 20. तपाईँले दैनिक रूपमा गर्ने क्रियाकलाप पाँच वाक्यमा लेख्नुहोस् : मेरो नेपाली, wars [AER @) १. लय मिलार्र णाउनुहोस् : \ - ७ आन परिश्रम % न V तिमी भरु परिश्रमी ' 0001 हुँदैन ११ ""३३ ६ : हुँदैन काममा कमी ट “ee रा हलो कुटो चले अनि | > छ a मनुष्य बन्छ है धनी | | ८ हुँदैन खिन्न उद्यमी ~ मरेर जान्न"
3,"गुरुमा छन्‌ हँसिली साँच्चै कत्ति रसिली
"
3,रु. १५० र रु. ५०० लाई जम्मा गर्दारु | हहुन्छ।
3,"पश्चिम किल्ला काँगडा पूर्वमा टिस्टा पुगेथ्याँ
"
3,"३. रुउटा कार्यक्रममा १,३५० जनाका लागि कुर्सी राखिरुको थियो | यदि १,२७३ मानिसहरू मात्र आरु भने कतिओटा कुर्सी खाली रहे ?"
3,"9 सुनकेशरी : हुन्छ, म"
3,होइन साथी ।
3,"दिक्पालले कसैले
"
3,"शान्ति : तिमीलाई थाहा छ, खुला राखेका खानेकुरा खानु हुँदैन त
"
3,(फुल्का / नाक) (क) हाँसले खुट्टामा भएको ........... का सहायताले पानीमा पौडिन्छ ।
3,धत् यी तीनै कुरा चढेर हिमालमा पुण्न सकिँदैन ।
3,म सुटुक्क चालक दाइको छेउमा गरुँ ।
3,"(ङ) मठमन्दिर, चउर, गुम्बा, मस्जिद
"
3,बगेको पानीमा डुङ्गा चलाई आवतजावत्‌ गर्न मिल्छ ।
3,"” शिक्षकले राजुको नजिकै mex भन्नुभयो, “बुभ्यौ राजु !"
3,"(क्र) पी.टी. न. ७ : शरीर घुमाउने कसरत
"
3,जे Se!
3,त की बाट बचाउँछ ।
3,विद्यार्थीहरू : हुन्छ णुरुमा !
3,"चोर हो कि, डाँका
"
3,"खेली खेली पढ्ने हो सधैँ अघि बढ्ने हो
"
3,"हाम्रो सेरोफेरो, कक्षा ३ २०५ (इ) पानी पर्ने बेलामा आकाश कस्तो देखिन्छ ?"
3,"जहर: डु रकलकक्नु हक
"
3,"१० घण्टा न मिनेट
"
3,"&|| ४. अन्तिम वर्णबाट बनेका शब्द पढेर साथीलाई सुनाउनुहोस्‌ :
"
3,"०९ 0०1 7: | . |
"
3,किन्नुपन्यो ।
3,त्यसपछि पढ्न बस्छु ।
3,हामीले होली खेलेको भिडियो ।
3,"१0०0 /091016 1011€191: 12,345
"
3,"त्यसैले उनको तरकारी अरुको भन्दा छिटो
"
3,7 | ५: 31:2०. छिमेकीलाई पनि|/ 0. | = ee बोलाऔं | steer र नाचणान गर्दै जाऔँला | 00. (सुनकेशरीले सबैलाई बोलाइन् ।
3,(ई) तपाईँ कृहिने र नकृहिने फोहोर कहाँ कहाँ फाल्नुहुन्छ ?
3,कस्तो बन्यो छलफल गर्नुहोस्‌ ।
3,५५० रुपियाँबाट २२५ रुपियाँ घटाउँदा कति हुन्छ ?
3,"(अ) जिरामसिनो [_] (आ) मार्सी [ ] (३) पोखरेली [ ] (ई) मन्सुली [ ]
"
3,"51€11८€.
"
3,दु !
3,२१ रुपियाँका दरले दिँदा जम्मा कति रुपियाँ चाहिन्छ ?
3,"नेपालको सान हाम्रो हेर्दा रङगीचङगी
"
3,"४. भक्तपुर नगरपालिकामा ४६९ ओटा सडकबत्ती
"
3,भिडभाड थियो ।
3,"भोलिपल्ट णोहीले भन्यो, “बाँदर भाइ !"
3,"(माल, दल, मादल)
"
3,"दशको स्थानमा लेख्ने
"
3,म उसलाई धेरै माया गर्छु ।
3,(ख) उमा र भुमालाई किन रमाइलो लाग्छ ?
3,घरमा पुण्दा किन हो छेपारीले लखेटी ।
3,(आ) नचिनेका पाहुना आउँदा के के गर्नुपर्छ ?
3,"उनको घरमा पिउन र खाना बनाउन
"
3,"बुख्ख ९४ लाई ८ ले भाण गर्दा कति हुन्छ, भाण गर्नुहोस्‌ :
"
3,"&/ हप्ता र दिनलाई दिनमा बदल्नुहोस्‌ :
"
3,फुलमानलाई खेतमा जान हतार भइरहेको थियो | मणन्तेबाट
3,"हे सागसब्जी पखाली खानु नि
"
3,पाँच रुपियाँको इरेजर किनेँ ।
3,"उहाँले विद्यालयका लाणि खेलकुद सामणी वितरण गर्नुभरुको थियो | उक्त गाउँपालिका अध्यक्षले विद्यालयलाई निरन्तर सहयोण गर्ने वाचा पनि गर्नुभयो | हवस् त, बाल समाचार पूरा भरुको छ ।"
3,"६० || मिनेट
"
3,साथी रहेछन्‌ ।
3,"मेरो छिमेकीले पा
"
3,"ie भै धान आलु मकै हाम्रो सेरोफेरो, कक्षा ३ १२५ लिची, सल्ला र आँपका बोटहरू एक वर्षभन्दा बढी बाँच्छन् ।"
3,(डु) तिम्रो अनुहार चम्किलो छ ।
3,"९४ हाम्रो सेरोफेरो, कक्षा ३ रञ्जुको विद्यालयमा गतसाल सञ्चालन भएका केही महत्त्वपूर्ण क्रियाकलापहरू यसप्रकार छन् : वातावरण दिवसका दिन विद्यालय परिसरमा बिरुवा रोपियो ।"
3,(आ) चित्र २ मा धूमपानको असर ककसलाई पर्छ होला ?
3,"(क) माछा कहाँ बस्छ ........
"
3,800 एकाइ वर्ग हो ।
3,"(उ) तरकारी केले जोखेर बेच्ने होला ) पाम
"
3,रुक जना बटुवा त्यहाँ आइपुगे ।
3,बोल्ने मानिसहरूलाई देख्न पनि पाइन्छ ।
3,"ठाडो र तेर्सो सिधा
"
3,") पा
"
3,"बालबालिकाको पढाइमा असर गर्ने
"
3,ose जनावर र बिरुवाका केही गुणहरू भने फरक हुन्छन् ।
3,हावा हाम्रा लागि ज्यादै उपयोगी छ ।
3,"(हिउँ पानी)
"
3,"त्यसैले उनले
"
3,"प्रायः बिरुवाहरू हरिया रङका हुन्छन् | जनावर र बिरुवाका शरीरमा पाइने अङ्गहरू फरक फरक हुन्छन् | a 4 100 ) 0 fe हाम्रो सेरोफेरो, कक्षा ३ १२१ हरिया बिरुवाले प्रकासको उपस्थितिमा छ आफूनो खाना आफैं बनाउँछ | खाना बनाउन Shee बिरुवालाई पानी र कार्बनडाईअक्साइड जन ग्यास चाहिन्छ ।"
3,पुष्प पनि राम्रा कथा लेख्थ्यो | तर उ देशविदेश घुमाइमा ana | आजभोलि उसले लेख्नै छाड्यो | शिव राम्रा कविता लेख्छ | कसैको सुनाइ क्षमता राम्रो हुन्छ | सुनेका कुरा जस्ताको त्यस्तै सुनाउन सक्छन् ।
3,"निस्किँदा धुलो धुवाँबाट बच्न
"
3,"५० पैसा - २० पैसा ८ | पैसा
"
3,त्रिवेणी छ ।
3,"ढछ्नै मिनासँग १० रुपियाँ र ५० पैसा
"
3,"कार्यक्रम
"
3,"कद मैरी गणित, कक्षा ३
"
3,"“५ १. सुरुका वर्ण हटारुर शब्द बनाउनुहोस्‌ :
"
3,"विद्यार्थी छन्‌ भने जम्मा कति
"
3,/ 1 04001010100101000100 इमानदार छौ ।
3,२१७ ७० छलफल जर्नुहोस् : धनमायासँग qo रुपियाँ र xo पैसा थियो | बजार गएर १० रुपयाँको चकलेट [ee man B किनिन् | अब उनको साथमा aft रुपियाँ | |e = 7 . बाँकी रहला ?
3,हरि काकाले भाषण गर्नुभयो ।
3,"(अ) साबुन वा टुथपेस्टको नाम :
"
3,१800 एउटा वर्ग हो ।
3,"२._ पढाउने
"
3,"आफ्ना अभिभावकसँग सोधेर लेख्नुहोस्‌, जस्तै :
"
3,न्याउरीले काफल टिप्यो ।
3,"छ; ७. दुईओटा अर्थसँग जोडा मिलाउनुहोस्‌ :
"
3,"ललन : हुन्छ साइ्गँलाबा, ल भोलि त्यतै सभातिर भेटौँला ।"
3,"मिथिलाक्षर
"
3,अभ्यास गर्नुहोस्‌ ।
3,माधव - त्यही Wl त म मादल बोकेर आरुको नि | wed - मुना मिठो बाँसुरी बजाउने | माधव मादल बजाउने | अब भने मादल र बाँसुरीको धुन सुन्न मज्जा आउने भो ।
3,"हार
"
3,पैसा झिक्यो ।
3,"तामाङ जनैपूर्णिमा
"
3,उहाँको खानपानमा शुद्धता छ ।
3,"२०० सस २००
"
3,"काका सेरा गणित, कला
"
3,"(७, तल दिडरुअनुसार कोणहरू बनाउनुहोस्‌ :
"
3,"बाजार थानामा
"
3,जानुभरुको थियो ।
3,"(आ) विद्यालयको शौचालय र धारा वरपरको सफाइमा को को सहभागी
"
3,"७. रुचि र बानी ११५
"
3,| WIC a x +L] [| ५६ X २४ [| wk So +L_] [| ६४ X ३५ ६० ६४ ¥ 30 सजाए ।
3,"चर्पी सफा गर्दा बुरुस, सफा गर्ने झोल र पानी प्रयोग गर्नुहुन्छ ।"
4,कुनै बाहिरी सामग्रीको सहयोगविना यस्ता क्रियाकलाप गरिन्छ ।
4,1. खाली ठाउँ भर्नुहोस् : () त्रिभुमा- ओटा शीर्षबिन्दु हुन्छन् | () वर्णका सबै भुजाहरू हुन्छन् ।
4,"जया, लता, रामएकवाल, इशान उनका छिमेकका मिल्ने
"
4,(इ) माथिका कार्य गर्दा कस्ता कस्ता सावधानी अपनाउनुपर्छ ?
4,रोगका कीटाणुहरू हावामा मिसिन पुग्छन्‌ ।
4,१२ चतर्दशी | २० ।
4,(क) हावा विभिन्न .................. को मिश्रण हो ।
4,रमालाई विद्यालयबाट घर फर्कन 5 मिनेट लाजेको रहेछ ।
4,क सघैँ सुखी भयो ।
4,(ग) उनले तयार गरेका कम्प्युटर विद्यालयलाई सित्तैमा बाँडे ।
4,(घ) कृ की समीर पररिर ानभनरनल।
4,"ना 2 10
"
4,"घटाउ गर्दा, उत्तर जाँचेर हेर्दा,
"
4,"पैसा खर्च गर्ने
"
4,यो वैशाख १ गते मात्र हो ।
4,परियोजना कार्य (Project work) 1. तल केही अङ्ग्रेजी अक्षरहरूलाई सङ्ख्याले जनाइरुको छ | (CODE) A E F H R T 1 2 3 4 5 6 तलका हरेक समस्यामा |_| ah मान पत्ता लगाउनुहोस् र बक्सका संख्यालाई जनाउने अङ्ग्रेजी अक्षर लेख्नुहोस् | (DECODE) के शब्द बन्यो ?
4,"एक मोहर असी तोला
"
4,"अल्छी हैन पौरखी५,बनौँ सघैँ भरि;
"
4,"अभ्यास गर्नुपर्छ, ।"
4,यो ठाउँ मर्स्याङ्दी र त्रिशूलीको दोभान पति रहेछ ।
4,"त्यस्तै भुटान र
"
4,"| चल | अचल
"
4,"उभिएकै अवस्थामा दुई हात कम्मरमा राखी कम्मर हल्लाउँदै आफना खुट्टालाई
"
4,उसले 1 घण्टा 30 मिनेट टेलिभिजन हेत्यो ।
4,स्वर समूहको क्रमशः अलङ्कार अभ्यास गर्नुहोस्‌ ।
4,"हछ् बिज्ञान तथा प्रविधि, कक्षा ४
"
4,भनी सम्झाउनु भयो ।
4,"मलजल पाएर नै बोट राम्रो हुन्छ
"
4,"नापौँ र तुलना गरौँ :
"
4,"पहाडको तल्लो भाग
"
4,"साना बिरुवालाई झारपात, मध्यम खालका बिरुवालाई बुट्यान र ठुला बिरुवालाई रुख भनिन्छ | झारपात समूहका केही बिरुवाहरूमा गहुँ, मकै, धान, तोरी, काउली, धनियाँ आदि पर्दछन् | कागती, अनार, गुलाफ, सुन्तला बुद्यान समूहमा पर्दछन् ।"
4,(ख) यिनको शरीर नरम हुन्छ कि कडा हुन्छ ?
4,"ज्यामितीय आकारबाट बस्तुको चित्र निर्माण [1)101/11185 1)80580 01
"
4,समाधान गर्न सहयोग गर्दछन्‌ ।
4,सरिनाले 2075 साल वैशाखमा आँपका बिरुवा रोपिन्‌ ।
4,"ए) ३ लि. 600 मि.लि. ""2 लि. 800 मि.लि. - |) |
"
4,"म मनमा लागेका कुरा आफ्नै भाषामा
"
4,महिनावारी हुँदा लजाउनु र डराउनुपर्दैन ।
4,"ती वस्तुमा हामी थरीथरीका रडहरू देख्न
"
4,धनीयाले आफ्नो टिफिन बक्सबाट रुक रुकओटाका दरले सबै लड्डु नसकिउन्जेल बाँडिन् | रुक जनाका भाणमा 4 ओटा लड्डु परे ।
4,(च) जनावरहरूले सन्तान उत्पादन गर्ने दुईओटा तरिका उल्लेख गर्नुहोस्‌ ।
4,"०9 73 4 2 9 ४8 स्थान स्थानमान
"
4,"८. खेलकुदमा जित्दा मात्तिनु र हार्दा आत्तिनु हुँदैन' भनेर किन भनिएको होला,
"
4,गर्छन्‌ ।
4,"०009 जिपी 009
"
4,"पाठ ५ : नक्सा कोरौँ
"
4,"गोडा र छाती तन्किएको र दुबै हात कुमदेखि तल शरीरसँग टाँसिएको र खुकुलो ५ मुटठी बाँधी पुद्ठाको बगलमा राख्नुहोस | साथै यस आदेशमा छाती फुकेको, पेट अलि दबेको एवम मुख बन्द गरी शरीरको वजन दुवै गोडामा बराबर पर्ने गरी राख्नुहोस ।"
4,(a) 6 (b) 8 (c) 12 (d) 16 (iii) तलका मध्ये कुन घनाकार वस्तु हो ?
4,गर्न पनि हावाको आवश्यक पर्दछ ।
4,पूरा फर्कंदा जहिले पनि दायाँतिबाट फर्कनुपर्छ ।
4,त्यसैले नानीबाबुहरू !
4,(ख) गधाले मलिन स्वरमा घोडालाई के भन्यो ?
4,"मेरो आलमारीमा केही बालसाहित्यका
"
4,उनीहरूले बाटामा विभिन्न किसिमका घरहरू देखे ।
4,सुप आदि परिकार खान्छन्‌ ।
4,विद्यार्थीका आआफना रुचि हुन्छन्‌ ।
4,"अब उनीसँग 1 मिटर 85 से.मि. मात्र बाँकी छ भने कति रिबन
"
4,त्यस्तै ०९ \\ शारीरिक वृद्धि र मानसिक विकासमा पनि योगदान पुग्छ ।
4,98763 बाट 26132 घटाउँदा कति हुन्छन्‌ ?
4,"5. बिमलले 85 रुपियाँ 50पैसा पर्ने रउटा खेलौना कार र निर्मलले 120 रुपियाँ पर्ने रुउटा बेबलेट किन्यो भने उनीहरूले जम्मा कति रुपियाँ खर्च णरे, पत्ता लगाउनुहोस् | 6. कुनै रुउटा स्टेसनरी पसलका सामग्री र तिनको मूल्य दिड्डरको छ | उक्त मूल्य सूची हेरी तलको प्रश्नको उत्तर दिनुहोस् | ११६ गणित, कक्षा 8 रु. 75 980 रुपियाँ 50पैसा 75 रुपियाँ 25 पैसा रु. 230 () पाँचओटा कलमको मूल्य कति पर्ला ?"
4,") उल ामााणायनय
"
4,"विद्यालयको अभिभावक दिवसबारे अभिभावकलाई 0000
"
4,सबैले पालैपालो गरी ह्वात धुने तरिका प्रवर्शन गरी सफा रुमालले हात पृछ्नुहोस्‌ ।
4,"१ वैज्ञानिक सिकाइ १
"
4,"(8) 24 घण्टा (0) 36घण्टा (०) 48घ्टा (0) 72घण्टा
"
4,हामी सबै आराम छौँ ।
4,(ख) पृथ्वीलाई ढाकिरहेको हावाको पत्रलाई .................... भनिन्छ ।
4,” सवैको मनमा डर र त्रास उत्पन्न भयो ।
4,"उतातिर तरकारीहरूको पसल,
"
4,(ख) माथिको अनुच्छेदमा प्रयोग भएका सर्वनाम शब्द टिप्नुहोस् ।
4,"पान न. 2544443 विल नै. 053
"
4,कित नसक्नु ?
4,| रुउटा किताबको मूल्य रु. 220 पर्छ भने त्यस्तै 37 ओटा किताबको मूल्य कति पर्छ होला ?
4,"घन्टी फूल लालीग्रास
"
4,त्यसैले विद्युत्‌को मुख्य स्रोत जेनेरेटर हो ।
4,). (क) चित्रमा बालबालिकाहरू के के गरिरहेका छन ?
4,कमायो दुःखको बाटो खान्छ धोका जहाँ तहाँ ।
4,(विद्यालयबाट आज बाहिर लाँदै छन् रे ।
4,"पछ्यौरी, पत्रपत्रिका, उद्धार, विश्वास, एक्कासि, प्रधानाध्यापक, अप्ठयारो,
"
4,दिनसम्म निरन्तर पूजाआजा गर्छन्‌ ।
4,लाग्छ भने कयौँ दिनसम्म घाम पनि लाग्दैन ।
4,"कोण बनेका कुनै तीनओटा अङ्ग्रेजी
"
4,"अब दसको स्थानको 1 बाट
"
4,"मेरुदण्ड भएका जनावर मेरुदण्ड नभएका जनावर
"
4,"यीमध्ये कनै पानीमा र कनै जमिनमा
"
4,अब उनीसँग कतिओटा चकलेट बाँकी रहयो होला ?
4,नाप्नु आवश्यक छ ।
4,'सबैका छिमेकीहरू कुनै न कुनै काममा संलग्न हुन्छन्‌ ।
4,"१. तपाइँको समुदायमा प्रचलित भाषा र वेशभूृषाको पहिचान र महत्त्व
"
4,(घ) तलका मध्ये कन चाहिँ स्कम्याटिक चित्र कोर्ने नियम हो ?
4,"जावलाखेलको चिडियाखानामा मङ्सिर महिनाको पहिलो शनिबार 15,367 टिकट बिक्री भरुछन् | मङ्सिर महिनाकै तेस्रो शनिबार पहिलो शनिबारको भन्दा 1089 ओटा टिकट कम बिक्री wwe | तेस्रो शनिबार कतिओटा टिकट बिक्री भरुका रहेछन् ?"
4,(ग) खोलानालाहरूको भेट कहाँ हुन्छ ?
4,"उनलाई अमेरिकाको नेव्रास्का विश्वविद्यालयले विज्ञान शिक्षा पढ्न सुरुमा
"
4,"उद्यौली, उभौली, ल्होसार,
"
4,क्या रमाइलो हुन्छ ।
4,"तपाईँ खेल खेल्छ
"
4,"10 रक -4 रुक 6 रक
"
4,(अ) पेट्रोल (आ) कोइला (इ) सूर्यको प्रकाश (ग) जलविद्युत् केबाट उत्पादन गरिन्छ ?
4,प्रयोग गरेका सामान पनि घरमा होलान् ।
4,साथीहरूसँग छलफल गर्नुहोस् ।
4,३. चित्रमा गरेका जस्ता क्रियाकलाप किन गर्नुपर्छ ?
4,"समय वा बेला
"
4,"हाम्रो थर जस्तै : ओझा, चापागाई,
"
4,"आफूभन्दा ठुलाले भनेको मान्नुपर्छ, जथाभावी एक्लै हिड्नु
"
4,देखिने बादललाई क्युमुलस भनिन्छ ।
4,"माथि उल्लिखित जीवहरूको साथै भिँगा, कन्सुत्लो,
"
4,(आ) बाघचाल [(3986111॥
4,लाग्नुका साथै जन र धनको पनि क्षति हुन्छ ।
4,सविता : गुरु !
4,"अध्ययनका
"
4,लका?
4,"वक्ता : भन्ने का बोल्ने व्यक्ति
"
4,काठमाडौँ जिल्लामा पर्छ ।
4,(ख) बाँदरले कान्छालालको शरीरमा के टाँसेर सिगार्ने निधो गरे ?
4,"(अ) सिरस (आ) क्युमुलस (इ) निम्बोस्ट्रेटस विज्ञान तथा प्रविधि, कक्षा ४ गरि 3. तलका प्रश्नको उत्तर लेख्नुहोस् : (क) मौसम भनेको के हो ?"
4,ती कारणहरू यसप्रकारका छन ।
4,i ।
4,"आफूलाई ममी, ड्याडी र काकाकाकीलाई
"
4,"आफ्नो प्रमुख स्थानबाट तल अथवा
"
4,पुराना सामग्रीहरू सङ्कलन गर्नुहोस्‌ ।
4,फोक्साको काम गर्ने क्षमता बढ्छ ।
4,सम्बन्ध परिवारका सदस्यहरूको जस्तै रहेको छ ।
4,"नेपाली कक्षा "" जगेनी जात्रा जगेनी जात्रा दार्चुला जिल्लाको व्याँस गाउँपालिकामा मनाइने सांस्कृतिक जात्रा हो | यो जात्रा हुतीमा रहेको व्रहम मन्दिरको प्राङ्गणमा मनाइन्छ ।"
4,थप्नुपर्छ ?
4,"यस पाख्र्सपुस्तकको कला सम्पादन श्री श्रीहरि
"
4,"(ग) गाई, भैँसी, मानिस जस्ता जनावरहरूको बच्चाले सानो छँदा ............... बाट पोषण प्राप्त गर्छन् ।"
4,हँदा हिर्काइहाल्त त सकेनन्‌ तर उनीहरूको झगडा भने निकै चर्किएको थियो ।
4,"पाख्र्यपुस्तकलाई विद्यार्थीको सिकाइमा
"
4,शरीर तन्दुरुस्त हुन्छ ।
4,प्रणाम?
4,समाजमा उसको मान मर्यादा बढ्छ ।
4,"उसले बिहान 10 मिलिलिटर र बेलुका 10 मिलिलिटर दरले औषधी सेवन Tey भने, (क) ३ दिनमा उसले कति औषधी खायो होला ?"
4,"(अ) परागकण (आ) रस (इ) बास्ना विज्ञान तथा प्रविधि, कक्षा ४ गरि 3. ठिक भए (३) चिहन र बेठिक भए (x) चिहन लगाउनुहोस् : (क) वातावरणका तत्त्वहरूबिच घनिष्ट सम्बन्ध हुन्छ | [| (ख) निर्जीव वस्तुले सजीव वस्तुलाई कुनै सहयोग गर्दैनन् | [| (ग) बिरुवाबाट हामीलाई चाहिने खाना र अक्सिजन प्राप्त es ।"
4,"विद्यालय वरपर पाईने फूलफुल्ने र नफुल्ने बिरुवाहरू अवलोकन गरी तलको तालिकामा
"
4,"हरिले दाल, भात र तरकारी खाए | लखनले माछा र भात खाए ।"
4,यो किन महत्त्वपूर्ण छ ?
4,रोगबाट पनि बचाउँछ ।
4,Ra पिर घाम लागेको छकि ?
4,"मटीतेल, पेट्टोल र डिजल करेन्ट लाग्नु
"
4,"पहिरोको असर
"
4,"(तपाईँ आफ्ना साथीलाई चाडपर्वका अवसरमा कसरी शुभकामना . : दिनुहुन्छ, कक्षामा सुनाउनुहोस् |) , ।"
4,"काककककाककाकककाकाकककक
"
4,थाल्यो ।
4,(घ) नेहा विद्यालयमा छिन् ।
4,"त्यस्तै क्रमशः १, २, १, २ ..... १, २ .... भनेर गन्तीको तालमा वा SAT तालमा गोडा चालको अभ्यास गर्नुहोस ।"
4,माथि उठाउनुस्‌ र बिस्तारै जमिनमा फिर्ता ल्याउनुहोस्‌ ।
4,"केही जनावरहरूले फुल नपारी
"
4,हेर्न जानुभएको छ होला ?
4,(ग) यसले आफुलाई सुरक्षित राख्न र अरुलाई सुरक्षित राख्न मदत गर्छ ।
4,स्याबास !
4,"दसैँमा घर वरिपरि तथा ९९०
"
4,"नेपाली भाषामा नमस्कार, शृभप्रभात भन्न मन लाग्छ ।"
4,"हरिनारायणले बैङ्कबाट रुक महिनामा तलब र अन्य भत्ता जरी जम्मा रु. 68,325 प्राप्त
"
4,की'न» न?
4,"बेलुकापख भोलालाई तारन्तार
"
4,उदाहरणसहित प्रस्ट पार्नुहोस् ।
4,प्रक्रिया लेख्नुहोस् | (ट) तपाईँको अनुहार सम्झेर आफनो मुहारको चित्र बनाउनुहोस् | (ठ) कथामा आधारित र कल्पनामा आधारित कुनै एक एकओटा चित्र बनाई उपयुक्त रङ लगाउनुहोस् ।
4,(घ) मौरीले निम्नलिखित जीवहरूलाई कसरी सहयोग गर्छ ?
4,"सो पेसाबाट छिमेकमा कस्तो सहयोग पुगेको छन्‌, सोधखोज गरी टिपोट गर्नुहोस्‌
"
4,"सयपत्री, लालीगुराँस, गुलाफ, मखमली
"
4,२०१ ३. मोहम्मदको परिवारको वार्षिक बजेट विवरण तल दिड्डरको छ : आम्दानी खर्च a ee (i) उसको जम्मा कति आम्दानी हुने रहेछ ?
4,"स्वार्थ : आफूनो भलाइ, निजी लाभ
"
4,फुल पार्ने जनावरले सिधै बच्चा जन्माउँदैनन् ।
4,मुसाले........को मुख काटयो ।
4,मैले केही दिनअघि मात्र छिमेकी जिल्लामा घटेका नराम्रा घटना सम्झिएँ | पत्रपत्रिकामा
4,दुईओटा गिलास लिनुहोस्‌ ।
4,"का मारे
"
4,"वर्णाकार कोठा बनार्र गनेर परिमिति
"
4,"भी. वा मोाबइल हेर्दा
"
4,"(आ कम्प्युटरका सबै भित्री अङ्गहरू यसभित्र हुने भएकाले
"
4,"कृष्ण, राजन र सरोज तीन दाजुभाइ थिरु ।"
4,सामाजिक अध्ययन तया मानव सूल्यशिक्षाकक्षाडले?
4,"यस्तै गरी लम्बाइमा रहेको कोठाको सङ्ख्या 510 कोठा - 10 कोठा 520 कोठा
"
4,"यस फटाहालाई कुनै जुक्तिले चेताउन सके हुने थियो
"
4,"” वाक्क : रुचिवभएको मतो : बिचारको समानता लहृडबाजी : समकको भाववा बस्, WH चतुरेको मुख अब खुल्यो, “यो जाबो पोखरीमा त के कुरा, मधेसमा छँदा HAT HAT नदीका भेलमा TET | पोहोर मात्र टौदहको पोखरीमा हाम फालेको मान्छेलाई मैले गएर उतारेको हुँ ।"
4,धेरै तीव्र गतिमा हावा चल्नाले घरको छाना उडाउने तथा रुख र बिजुलीका खम्बाहरू ढल्ने हुन्छ ।
4,७.१ एयलेटिक्सको परिचय [[171॥
4,TT tT tT eet TT TT TT ET TT Ty ।
4,जनसङ्ख्या बढ्दा मानिसलाई खानेकुरा पनि बढी चाहिन्छ ।
4,तल दिड्डरको सङ्ख्याका सम्बन्धमा [।
4,"(ग) पढ्ने सुविधासहित पुस्तक राखिएको ठाउँ र पुस्तक घर
"
4,"चिसो हुने भएकाले यहाँका मानिस शरीर
"
4,"फाणा, ।"
4,सबै नष्ट भएको र आफूहरू अलपत्र परेको सम्झेर लखन सारै डरायो ।
4,"(छ, छन्) (ग) तिनीहरू छलफल ....................।"
4,गर्नुहोस्‌ ।
4,बानीले उनलाई परिवारका सदस्यले धेरै माया गर्नुहुन्छ ।
4,यदि 15000 ओटा केरा आवश्यक भरु अब कति नपुग हुन्छ ?
4,"हामी पुस्तकालयमा
"
4,गर्न शक्ति चाहिन्छ ।
4,1 पानीमा पाइने बिरुवाहरू साना र अविकसित हुन्छन् | यिनका जरा
4,यी जिज्ञासाको जबाफ उपासनाका बुबाले सजिलो तरिकाले दिन्छन् ।
4,"प्रवीणले भन्यो,
"
4,कुनैका मुहान पहाडमा हुन्छन् ।
4,"रु 910 १८18)
"
4,"धार्मिक कथामा त कतिले राम, सीता,
"
4,(घ) जानकी मन्दिरको दर्शन गर्न कहाँ कहाँबाट दर्शनार्थी आउँछन् ?
4,नागरिकको कूतन्य हो ।
4,मेरो घरमा भएको बाख्रो त बुढो भैसक्यो ।
4,(झ) चित्र निर्माण कार्यमा रङको महत्त्व उदाहरणसहित प्रस्ट पार्नुहोस् | (a) फिक्का रङ र गाढा रङ कसरी बनाउन सकिन्छ ?
4,(र) प्रेमिका उप्रेतीले रु. 2000 पसलेलाई दिरुकामा पसलेले कति फिर्ता गरेछ ?
4,"बाँदर भने
"
4,कोसा भरिलो भई पाकिसक्दा तोरीको बिरुवा पनि सुक्छ र मर्छु।
4,"करिलामा भिटामिन ए र भिटामिन सी प्रशस्त मात्रामा
"
4,"७. दिइएको भित्तेपात्रो अध्ययन गर्नुहोस्‌ र सोधिएका प्रश्नको उत्तर दिनुहोस्‌ :
"
4,उदाहरण 1 | THT घरमा रहेको पानी द्याङ्कीको क्षमता 500 लिटर छ भने कति मिलिलिटर क्षमता रहेछ ।
4,"ता)
"
4,"(1) आआफ्नो नामको पहिलो अक्षरलाई प्रश्न न. 4 को जस्तै णरी ग्राफपेपरमा राखी
"
4,कन गर्नुहोस्‌ ।
4,"हामीले डाँडामा छाडेको मूर्ति
"
4,रिकापीको चिसो सतहमा परेपछि फेरि द्वृवीकरण भएर पानीमा परिणत हुन्छ ।
4,"५. तल दिइएका शब्दमा बिचका वर्ण झिकेर नयाँ शब्द बनाउनुहोस्‌ :
"
4,"(गा) लहैलहैमा लाग्नु जस्तो काम गरिन्छ त्यस्तै फल पाउनु
"
4,सोच्नुभएको छ ?
4,(अ) चित्रमा के के देख्नुहुन्छ ?
4,माटाको प्रयोगद्वारा विभिन्न किसिमका आकृतिहरू बनाउन सकिन्छ ।
4,पटक र बालबालिकाले छ पटक खानेक्‌रा खानुपर्छ ।
4,"(५) 2 हप्तासम्म लगातार सोही मात्रामा अनार खान दिनुपर्छ भने अब कति कि.ग्रा.
"
4,"यी उपकरणहरूले शक्ति कहाँबाट प्राप्त गर्छन्, छलफल गर्नुहोस् ।"
4,"छाया [519011$)
"
4,"समाधान प्रोजेक्टरको मूल्य ल्यापटपको मूल्य bh | रु. 28,345 रु. 39,676 =a रु. 39,676 जम्मा मूल्य रु. 28,345 - रु. 39,676 =?"
4,अनुसारको योगफल आउने णरी मुठी पारेको हातबाट औला ठड्याउने ।
4,"राती आकाशमा ससाना
"
4,विस्तार गरे ।
4,"यसको अभ्यासले मानिस शारीरिक र
"
4,TTT TT Tete Pee ee PPT TET Ty TP TT ee ryt tty eT ety yt eT Ee ee ee ee ee ee | Che TT रा ee kT PT TT ET TT CIMT TT TIFT TT et tt tt EE ETT || 1111 tt tt tT ET TT TT ।
4,(इ) ती व्यक्ति धृमपानको लतमा कसरी फसेका रहेछन्‌ ?
4,(अ) कोइला (आ) माटो (इ) ढुङ्गा (ग) तलका
4,"शिक्षकको सहायतामा जुस WE वा गहुँको छ्वाली वा सिन्काबाट घन र षड्मुखाका खोक्रो नमुना निर्माण गर्नुहोस् | उक्त घन र षड्मुखाको सतहमा फरक फरक रङको ONT टाँसी सतह छुट्याउनुहोस् | घन र षड्मुखामा कतिओटा सतह किनारा र शीर्षबिन्दु छन्, कक्षाकोठामा प्रस्तुत गर्नुहोस् ।"
4,युजिनाले सामान मिति 2078-6-1 मा किनेकी रहिछन्‌ ।
4,"बोतलको क्षमता लिटरमा छ भने मिलिलिटरमा र मिलिलिटरमा छ लिटरमा परिवर्तन
"
4,"५, तलका शब्द प्रयोग गरी एक एक वाक्य बनाउनुहोस्‌ :
"
4,'साथी' पाठको सन्देश एक अनुच्छेदमा लेख्नुहोस्‌ ।
4,(ई) जमिन र पानीमा पाइने बिरुवामध्ये कहाँको बिरुवा बढी समयसम्म बाँच्ला ?
4,"त्योभन्दा पहिला चिठीको आदानप्रदान गर्न परेवा प्रयोग गरिन्थ्यो
"
4,"त द्‌
"
4,"बाँच्च : पाती धुन्न बनाइने एक प्रकारको पर्खाल; तटबन्व
"
4,"तयारी माटाबाट स्ल्याब निर्माण गरी ती स्ल्याबसाथि विभिन्न आकृति र बृद्टा
"
4,सानो बच्चालाई भन्दा ठुलो मान्छेलाई ...... शक्ति आवश्यकता पर्छ ।
4,"कुन शक्तिको प्रयोग
"
4,"मिश्रित अभ्यास |
"
4,अहिले उनका घरका सबै मानिसहरू चर्पीमा मात्र दिसा पिसाब गर्छन् ।
4,"आधुनिक प्रविधि विकास हुनुपूर्व पनि परम्परागत ज्ञान सिपमा आधारित
"
4,"धृमपात्त गर्ने धेरै जसोलाई क्षयरोग,
"
4,"एक पैसा एक रुपियाँको सय भागको एक भाग
"
4,"यस अवसरमा
"
4,विगत केही वर्षदेखि तराईका जिल्लामा बसोबास गर्ने स्थानीयको जीवनमा शीतलहर प्रमुख खतरा बनेको छ ।
4,गलाब् चित्र ॥
4,"सूर्य, पृथ्वी र चन्द्रमाको
"
4,"क्त क बिज्ञान तथा प्रविध्रि, कङ्गा ह
"
4,सिङ्गै आकाश अँगालेर हिँड्ने बानी हाम्रो | दुर्गालाल श्रेष्ठ सुनाइ पाठ ११ अर्घा दरबार नेपाल पुरातात्विक दृष्टिले सम्पन्न मुलुक हो ।
4,६. “नारायणहिटी दरबार सङ्ग्रहालय' पाठको पाँचौँ अनुच्छेदबाट चारओटा प्रश्न बनाउनुहोस् ।
4,काहीँ प्रतिस्पर्धाका रूपमा पनि यी खेल खेलिन्छ ।
4,सम्पूर्ण कार्य र लाण्ने समय बारे प्रतिवेदन तयार णरी कक्षाकोठामा प्रस्तुत गर्नुहोस्‌ ।
4,"एफ 1
"
4,"सिंह बनेको म्‌सालाई लाग्यो, “यो साधु रहेसम्म म योसँग सघ्ैँ डराउनुपर्ने भयो ।"
4,बाँस वा काठले छोप्नुहोस्‌ ।
4,"अरू साथीहरूलाई
"
4,"धुवाँको आत्मकथाका आधारमा तलका प्रश्नको उत्तर खोजौँ :
"
4,नेपालमा जाडाको प्रभाव तराई क्षेत्रमा निकै बढी हुन्छ ।
4,अलि पर भ्युटावर बनाइएको रहेछ ।
4,"२. तलको तालिकामा भने जस्तै अवस्था भएमा तपाइँ के गनँहन्छ,
"
4,"त्यसैले मोबाइल फोन, टेलिफोन
"
4,आफैँ रोप्छु बोटबिरुवा आफैँ हाल्छु पानी गोडमेल आफैँ गर्छु बन्छु सधैँ ज्ञानी ।
4,उसले त्यसैगरी असर्फी पाउने आशा गर्यो | अर्को दिन क कसैलाई थाहा नदिई बारीमा मूर्ति बनेर उभियो ।
4,र हानिकारक हुन्छन ।
4,"झारी ; कानो घाँटी र केही ठुलो पेट भएको एक प्रकारको करुवा
"
4,"७.३ उफ्रने क्षमता बढाउने सहयोगी क्रियाकलाप
"
4,(ख) धनी मानिससँग युवकको भेट कहाँ भयो ?
4,डोल्माले कृष्णलाई बिर्सिंसकेकी थिइन्‌ ।
4,"उसले विद्यालयमा लुगा फेरेर कार्यक्रममा जाने हो भनेकी थिई,” सासूआमाले सोफामा बस्दै भन्नुभयो ।"
4,"(ग) त्यस मानिसले बृद्धलाई धेरै गाली गरेको
"
4,"(४) सबैभन्दा बढी विद्यार्थी भर्ना भरुको कक्षा
"
4,त्यही भवन नै नारायणहिटी दरबार सङ्ग्रहालय हो ।
4,सोध्नुहोस्‌ र यसलाई टिपोट गर्नुहोस्‌ ।
4,"असल समाजमा जाँड, रक्सी, चुरोट जस्ता मादक
"
4,(a) पानीबाट बिजुली निकाल्न Ste सेल चाहिन्छ | 4. कारण दिनुहोस् : (क) हाम्रो देशमा जल विद्युत्लाई विद्युतको प्रमुख स्रोत मानिन्छ ।
4,(अ) रङ्गीन (आ) छाया पारेको (इ) सरल र स्पष्ट (घ) तलका मध्ये कुन चाहिँ स्कम्याटिक चित्र कोर्ने नियम हो ?
4,७. कसले कसलाई भनेको हो ?
4,"दुर्व्यसनमा फसेका मानिसलाई
"
4,"(छ) बिजुली, इन्टरनेट पानी पेट्रोलको लाणि - रु. 11500
"
4,"च्न्रि 1.7
"
4,अर्को हातमा 8 ओटा सिमीका जेडा राख्नुहोस्‌ ।
4,आधारित भई संवाद तयार गर्नुहोस र कक्षामा सुनाउनुहोस्‌ ।
4,"आमाले भनेको नटेर्नु
"
4,"हाम्रो जिवनमा विभिन्न प्रकारका दुर्घटनाहरू
"
4,"यसलाई कसरी
"
4,"अनुपस्थित प्रतिशत - ...
"
4,(घ) अर्घा दरबार किन महत्त्वपूर्ण रहेछ ?
4,झुटो बोलेर छोपिदिन्‌ आमाबुबाको अर्को ठुलो कमजोरी हो ।
4,यसबाट के के फाइदा हुन्छ ?
4,” यति भनेर घोडा खुरुखुरु अगाडि बढ्यो | घोडाको HM सुनेर गधालाई रिस उठ्यो तर चुपचाप हिँडिरहयो | भारी Tea भएकाले गधालाई Weal भइरहेको थियो ।
4,बाकस बोकेर घर फर्के ।
4,"(अ) सेना (आ) नेता (इ) विद्यार्थी ४. समूह “क' र समूह ‘a बिच जोडा मिलाउनुहोस् : समूह “क' समूह 'ख' छक्क पार्नु थामथुम पर्नु मुसुक्क बिर्सनु खुरुखुरु रुनु धुरुधुरु काम गर्नु थचक्क फाल्नु फ्यात्त बस्नु ५. तलका शब्द प्रयोग गरी एक एक वाक्य बनाउनुहोस् : अनुहार, छक्क, लाठो, थामथुम, जुक्तिबुद्धि, कुरा I १. तल दिइएका शब्दको शुद्ध उच्चारण गर्नुहोस् : आँगन, दृश्य, चर्काचर्की, जुध्नु, अवस्था, बिरुवा, बुद्धिमान २. fran’ पाठको दोस्रो अनुच्छेद शिक्षकले तोकेको समयभित्र सस्वरवाचन गर्नुहोस् ।"
4,"परियोजना कार्य (२1०]€८ रण)
"
4,२. आफ्नो गाउँका विशेषता उल्लेख गर्नुहोस्‌ ।
4,उहाँको यो कार्यबाट समुदायका केही महिलाले आयआर्जन गर्ने गरेका छन्‌ ।
4,फरक हुन सक्छ ।
4,खेलकदमा व्यक्तिगत प्रतिस्पर्धा पनि गरिन्छ ।
4,"घण्टा सुईले रक फन्को लगाउँदा 12 घण्टा हुन्छ, दुई फन्को लगाउँदा 24 घण्टा
"
5,धनी देशहरू कामले नै धनी भएका हुन् ।
5,"(घ) रेखा र सङ्केतको प्रयोग गरी आफ्‌ बस्ने घरको अवस्थितिलाई नजिकै
"
5,"""मी A) विभिन्न भाषा बोल्ने र वेषभूषा लगाउने नेपालीहरू शिक्षण निर्देशन : हाम्रो बहुजातीय र बहुभाषिक समाज हो ।"
5,"यसो गर्नाले हाम्रो पढाइमा बाधा
"
5,विश्वास : त्यस्तो गर्न हुन्छ त ?
5,"(सल्मावका बुबा र आमाले चोरीको घटवा सबित्तार बताउँछन्‌ )
"
5,यसलाई पुष्टि गर्नका लागि कुनै दुईओटा कारण लेख्नुहोस्‌ ।
5,विभिन्न गुफामा ढुङ्गे युगका भित्तेचित्रहरू भेटिएका छन्‌ ।
5,डोल्माका आमाबुबा कृषिको काम गर्नुहुन्छ ।
5,कि ?
5,यस विधिलाई ऐकिक नियम (Unitary Method) भनिन्छ | उदाहरण 1 प्रतिओटा रु. 25 पर्ने कलम किन्दा 5 ओटा कलमको जम्मा मूल्य कति पर्ला ?
5,हरिसिद्धि आधारभूत विद्यालयका कक्षा ५ का विद्यार्थी र शिक्षक गरी 25 जना ?
5,"लम्बाइ र चौडाइका आधारमा दिइएको आकृतिको परिमिति पत्ता लगाउनुहोस्‌ :
"
5,"घाँस दाउरा सकिएकाले वस्तुलाई स्याउला पनि लिन जान
"
5,(आ) के सबै बिरुवाका भागहरू उस्तै छन्‌ ?
5,"गरौँ, धन्यवाद ।"
5,"सामान्यतयाः
"
5,"यसरी बिरुवाको पातमा भएका अत्यन्त मसिना छिद्र (स्टोमाटा) बाट पानी बाफका रूपमा
"
5,"हाम्रो गाउँको सन्त
"
5,भविष्यमा आँखाले देख्नै नसक्लान्‌ कि भन्ने डर हुन्छ ।
5,पदलाई कसरी परिभाषित गर्ने होला ?
5,सडकमा अन्य यातायातका साधनले अगाडि जान बाटो छोडिदिनुपर्छ।
5,"3. ZXYZ को दुवै भुजा सेटस्क्वायरमा ठिक्क मिलेकाले ZXYZ समकोण हो | अब सेट स्क्वायर प्रयोग गरी तलका प्रत्येक त्रिभुजका भित्री कोणहरू न्यूनकोण, अधिककोण अथवा समकोण के हुन्, पत्ता लगा | A P B ८ 0 रि Y 7 त्रिभुज - 1 त्रिभुज -2 त्रिभुज -3 10 मेरो जणित : कक्षा ४ _ | | _ | | (1) कुनै त्रिभुजका तीनओटै कोणहरू समकोणभन्दा साना छन् भने त्यस्तो त्रिभृजलाई न्यूतकोणी त्रिभुज भनिन्छ | माथिको “8८९ न्यूनकोणी त्रिभुज हो | (2) कुनै त्रिभुजका तीनओटा कोणमध्ये एउटा कोण समकोण छ भने त्यस्तो त्रिभृजलाई समकोणी त्रिभुज भनिन्छ | माथिको Apar समकोणी त्रिभृज हो | (3) कुनै त्रिभुजका तीनओटा कोणमध्ये एउटा कोण समकोणभन्दा ठूलो छ भने त्यस्तो त्रिभुजलाई अधिककोणी त्रिभुज भनिन्छ | माथिको Axyz अधिककोणी त्रिभुज a | अभ्यास 1.2 नट २ (1) तल दिइएका प्रत्येक त्रिभुजका भुजाहरू नाप र कुनकुन त्रिभुजहरू समबाहु, समद्विबाहु र विसमबाहु हुन्, छुट्याक : E G (क) ८ (ख) /\ (ग) /\ /\ \c D H B Cc र J M २ (a) ($) 0 / K IN L oy \ ०० A (2) तल दिइएका प्रत्येक त्रिभुजहरू न्यूनकोणी, अधिककोणी अथवा समकोण के हुन्, Daas : (क) | (ख) M (ग)?"
5,"714,321,576 लाई अन्तर्राष्ट्रिय पद्धतिअनुसार स्थानमान तालिकामा प्रस्तुत गरी
"
5,"सिद्धिमङ्गल माध्यमिक विद्यालयले सांस्कृतिक परिचय खेलको आयोजना
"
5,(ख) अल्पविराम ()) को प्रयोग गरी देवनागरी अङ्कमा लेख्नुहोस्‌ ।
5,"अवलोकन गर्ने वस्तुहरू र तिनका
"
5,यस्ता क्रियाकलापको अभ्यास गर्दा होसियारी अपनाउनुपर्छ ।
5,गर्न विभिन्न माध्यम विकसित भएका छन्‌ ।
5,(....) बुबाको कुरा सुनेर जम्बियाङ मनमनै लजायो ।
5,"0/र 1) ]) 91 टी
"
5,यिनीहरूले सडेगलेका वस्तुबाट खाना प्राप्त गर्छन्‌ ।
5,"आहा, सबै जना मिलेर एउटै फूल बनाए ।"
5,धेरैजसो नयाँ बिरुवा बिउबाट बन्छ ।
5,१. ग्लोबलाई विस्तारै घुमाउँदै जाक वा संसारको नक्सा हेर ।
5,"हारि : नेपालको जनसङ्ख्या 2,91,92,480 लाई कसरी पढ्ने होला ?"
5,"बुबा : के भयो, किन ठुलो ठुलो स्वरमा चिच्याएकी ?"
5,"बोका रु. 12,000 को एउटा
"
5,हु भएकाले रेफ्रिजेरेटरमा राखिएको केक बढी छ।
5,कसैलाई ज्वरोसमेत आउँछ ।
5,"उनले नाटक,
"
5,"भिडियो खोली ग्रहहरूले सूर्यलाई परिक्रमा गरेको
"
5,"(तृतीय पुरुष)
"
5,"त्यहाँ खोला थुनिएर विशाल ताल
"
5,"यसमा ताल, सुर लय भए तापनि यो पूर्ण रूपले स्वतन्त्र हुन्छ ।"
5,(ख) बुबाले उक्त केकको कति प्रतिशत केक पाउनु भएको रहेछ ?
5,"ति कार्य
"
5,सूचना दिने चलन थियो ।
5,"१. खेतीपाती
"
5,यलम्बरको राज्य भएकाले पाटनलाई अहिले पनि यल भनिन्छ ।
5,सबै मिली नाचौँ गाऔँ रमाऔँ आफ्नै पनमा ।
5,थचक्क बसे ।
5,बोल्न सक्ने भएँ ।
5,"१. चिहत ख्याल गरेर दिइएको अनुच्छेद पढ्नुहोस्‌ र अनुच्छेदमा कुन कृन चिहन
"
5,"४. दिइएका वाक्य पढ्नुहोस्‌ र खाली ठाउँमा मिल्ने सर्वनाम भर्नुहोस्‌ :
"
5,त्यसैअनुसार eT परिवर्तन आउँछ ।
5,"(ट) 64 (ठ) 75 (ड) 9] (ढ) ००
"
5,जोडिन सक्छौँ ।
5,विद्यार्थी: नमस्कार !
5,"आकृतिमा गी]] शा) ८010पा
"
5,सहयोग लिनुहोस्‌ ।
5,तिमी त मैले सोधेका सबै प्रश्नका उत्तर दिन सक्छौ ।
5,यस्ता दुर्घटना हुनबाट बच्नका लागि सुरक्षा शिक्षाको आवश्यकता पर्छ ।
5,मिलेर करेसाबारीमा गोडमेल र अरू काम पनि गर्नुहुन्छ ।
5,"हजुरबुबालाई मधुमेह रोग
"
5,"दैनिक आवश्यकता
"
5,"सूर्यको
"
5,बनाउनुपर्दछ ।
5,यो नियमित र प्राकृतिक प्रक्रिया हो ।
5,"युवायुवती र जेष्ठ नागरिकको
"
5,(क) ताप र प्रकाशका कुनै तीन तीनओटा स्रोतहरूको सूची तयार गर्नुहोस्‌ ।
5,"महिला शिक्षक रू त्र
"
5,"ला 6191)
"
5,"रहेछु र 5 ओटा चरेसका थालको तौल 8 कि.ग्रा. 500 ग्रा. रहेछ भने तलका
"
5,"पृथ्वीले सूर्यलाई निश्चित कक्षबाट परिभ्रमण र आफूनै अक्षमा परिक्रमण गर्ने क्रममा
"
5,"६. तलका शब्द सच्याएर सार : हानी, स्वस्थ्य, स्वास्थ, दुद, भोली, बिसयबस्तु ७. उदाहरण हेरी एउटै अर्थ दिने विभिन्न शब्द लेख : उदाहरण मानब - OAT, मानिस (क) चाँडै - (ख) ज्यादै - (ग) अलग - (घ) महिला - ST - (च) भिड - द. उदाहरण हेरी वाक्य परिवर्तन गर : उदाहरण रामले काम गरेछ | सीताले काम AS | (क) भाइले गीत गाएछ ।"
5,"लेकबेँसी वनपाखा पानी कुलाभरि
"
5,"तोयनाथलाई
"
5,(क) घरबाट निस्कने अजैविक फोहोरलाई कसरी कम गर्न सकिन्छ ?
5,रूपमा लेखिन्छ ।
5,गुरुसहित हामी विद्यालयमा फर्कियौँ ।
5,"भएकाले यिनीहरूलाई ]1(6%00910 को 161 110110 5106 16678 र गठ्ाग 1910 5106
"
5,"नानी बनाई
"
5,"वनमा त जथाभावी दाउरा स्याउला सङ्कलन गर्न रोक लगाएको छ होइन
"
5,“हेर बाबु !
5,तोयनाथ यस पटक झसङ्ग भए ।
5,"थ्ण्सि
"
5,ल अब मिनाक्षीबाट सुरु गरौँ ।
5,"माउसको 161 0001 दबाएर बिस्तारै ८91४95 मा पेन्सिलले चित्रको बाहिरी
"
5,सुचालक तार विद्युत्‌को स्रोत हो ।
5,(.......) बालकृष्ण समले दरबार हाइस्कुल र त्रिचन्द्र कलेजमा पढाए ।
5,"विभिन्न बिरुवामा भिन्त भिन्न किसिमका
"
5,"ठाउँमा लेख्नुहोस्‌ :
"
5,"हेर न चामलमा ढुङ्गा, भुस मिसिएको
"
5,"अब त सबैले राम्रोसँग बुझनुभयो
"
5,पानी त धेरै तातो छ।
5,"आफ्‌ रहेको समुदायको विगत र वर्तमान बताउन
"
5,उत्सवमा उनीहरू पुरस्कृत पनि भएका छन्‌ ।
5,"चखरु. 1,20,000 रु. 1,500 206
"
5,सझावहरूलाई केद्ध हार्दिक स्वागत गर्दछ ।
5,"टाढा
"
5,"बिरुवाको वृद्धि हुन, फूल फुल्न, फल लाग्न, बिउ परिपक्व हुन र
"
5,समयको न आदि हुन्छ न अन्त ।
5,सामाजिक सङ्घसंस्थाहरूले सामाजिक सुधार गर्न सहयोग गर्छन् ।
5,"दिइएका चित्र हेर्नुहोस्‌ र
"
5,"0,2-3-358-3 [:. दुवैतर्फ 3 जोडदा]
"
5,"स््जि
"
5,"(घ) सम्बन्धित सबैलाई केही कुरा थाहा दिने काम पुस्तकालय
"
5,"संसारले पुज्ने गरेको, (बुद्धको दिव्य प्रकाश)२
"
5,"(घ) संत सन्त सञ्त सम्त
"
5,"थोपा थोपा पानीबाट जान्छ प्रकाश जब
"
5,"हरिलालले आफ्नो जन्मदिनमा एक पाकेटमा 6 ओटाका दरले 25
"
5,“आजको हालखबर के छ ?
5,१ ।
5,त्यसै कारण उनी सैनिक सेवामा प्रवेश गरेर जागिर खान थाले ।
5,सजीव र निर्जीव वस्तुहरूबाट वातावरण बनेको हुन्छु ।
5,'जस' कथाको चौथो र पाँचौँ अनुच्छेदबाट चारओटा प्रश्न बनाउनुहोस्‌ ।
5,"17 कि.ग्रा. 640 ग्रा. फलफूल 8 जनालाई बराबर हुने गरी बाँड्दा एक जनाका
"
5,"यी वनस्पति हाम्रो
"
5,"५. 'भान्जीलाई चिठी' पाठमा मामाले उल्लेख गरेअनुसार अपाङ्गमैत्री विद्यालयमा
"
5,"यसो गर्नाले रिसाउनेको पनि रिस मर्छ, बिगार गर्नेले पनि बिगार गर्न छोड्छ ।"
5,", ल्ह
"
5,"माथि उल्लेख गरिए जस्तै लिखित, मौखिक र श्रव्यदृश्य रूपमा हुने सञ्चारका अन्य
"
5,कथाका आधारमा लेख्नुहोस्‌ ।
5,ठूलो पदको 0 जागिर र पैसाको लोभ देखाएका थिए तर म त्यस्तो लोभमा फस्ने व्यक्ति
5,कक्षामा पालैपालो प्रस्तुत गर्नुहोस्‌ ।
5,"(ख) प्रविधिसम्बन्धी सिप, ज्ञान, शिक्षा
"
5,(घ) सरिताले वृक्षारोपण गयो ।
5,"उनी त्यो काठको आयतन कसरी निकाल्ने भनी सोधखोज गरिरहेकी
"
5,"त्यहाँका मानिस मिहिनेती
"
5,"सिति : २०८० जेठ ६ गते शनिबार प्रार्थी
"
5,"उदाहरणका लागि, 5.20735 = 5.2074, दशमलवको 4 स्थानमा शून्यान्त गर्दा = 5.207, दशमलवको 3 स्थानमा शून्यान्त गर्दा = 5.21, दशमलवको 2 स्थानमा शून्यान्त गर्दा = 5.2, दशमलवको 1 स्थानमा शून्यान्त गर्दा अभ्यास 12.7 _ २ 1. दशमलवको 1 स्थानमा Weald गर : (क) 8.53 (ख) 2.67 (ग) 4.07 (घ) 13.51 2. दशमलकवको दुई स्थानमा Weed गर : (क) 4.821 खे) 3.456 (ग) 0.493 (घ) 3.008 3३. दशमलवको तित स्थानमा Wad गर : (क) 3.4156 ख) 4.0051 (ग) 13.5305 (घ) 15.6708 4. प्रत्येक सङख्यालाई कोष्ठभित्र दिइएको दशमलव स्थानमा श्न्यान्त गर : (क) 5.635 (2) (ख) 1.8918 (3) (ग) 15.3445 (2) (घ) 3.0729 (1) (ङ) 0.00581 (2) (च) 3.14159 (3) ORI णणित : कक्षा ४ 95 | | प्रतिशत (Percentage) 13.1 प्रतिशतको अर्थ एउटा परीक्षामा धुवले निम्न लिखित अङक पाएछन् : कुन विषयमा ध्ुवले सबैभन्दा राम्रो गरेछन् ?"
5,"यहाँ, वर्गको लम्बाइ (0 = 8 से.मि. परिमिति"
5,सुरक्षाका उपाय पनि सिके ।
5,"टुट्ने काम
"
5,उनका बाबु केही लेख्दै Bear ) नट ॥
5,मेला लाग्ने गर्दछ ।
5,"नानीशोमा नर्सरी
"
5,"६, खानपानमा स्थानीय उत्पादनको प्रयोग गरिन्थ्यो ।"
5,(ग) अभिव्यञ्जक 29 को अर्थ 2 र ॥
5,किसान : हरि... हरि... गोविन्द ।
5,यी क्षेत्रमा रहेका प्रमुख पर्यटन स्थलहरूको सूचीसमेत बना | ६. नेपालको काठमाडौँ उपत्यकामा अन्य ठाउँमा भन्दा बढी मानिस बसौवास गर्नुको कारण के होला ?
5,"(क) समुदायमा प्रचलित मेला तथा जात्राहरूमा सबै सहभागी हुने, मिठामिठा
"
5,हुर्कन सक्छ ।
5,"(ग) उनले कुन दिनमा धेरै र कुन दिनमा थोरै काम गरेछन्‌, लेख्नुहोस्‌ ।"
5,"गुरु,
"
5,एरक T AM Me!
5,सुरुमा काम गर्ने क्षेत्र सानो थियो ।
5,(घ) ४ ले नेपालका जिल्लाको सङ्ख्यालाई जनाउँछ ।
5,": आमा, अब भने करेसाबारी र फूलबारी सफा गर्ने पालो है ?"
5,"(क) नियमित रूपमा योग, प्राणायाम र व्यायाम गर्नुपर्छ ।"
5,"वातावरणीय असर न्यूनीकरण
"
5,वा जङ्गली जनावरसँग सतर्क रहनुपर्छ ।
5,दशमलवमा लेख्नुहोस्‌ ।
5,3. कुनै कुनै बिरुवाका जराले खाद्य पदार्थ भण्डारण गर्छन्‌ ।
5,"यहाँका स्थानीयले
"
5,४. सिन्धुलीगढीमा रहेका ऐतिहासिक वस्तुको स्‌ची तयार पार्नुहोस्‌ ।
5,"भैलो गीत (चरित्र ताल)
"
5,कपाल लामो छ ।
5,(ग) विनयसँग 2 ओटा गुच्चा थिए ।
5,- विद्यार्थीहरूलाई विभिन्न नापका थाँगा बनाउन लगाउनुहोस् ।
5,(ग) के 2106: 2 26:13 5 2103 हुन्छ ?
5,"त्यसैले ध्वनि शक्ति पैदा गर्नका लागि ध्वनि पैदा गर्ने वस्तुमा पहिला हामीले हानेर, पिटेर,
"
5,"मध्य
"
5,"भाषा, साहित्य, पत्रकारिता, शिक्षा, स्वाथ्य, समाज सुधारको
"
5,त्यस्तो व्यक्ति बन्न तिमीले केके कार्यहरू गर्नुपर्ला ?
5,प्राप्त सुझावअदुवार आफूलाई सच्याएर थप अभ्यास गर्दुहोस्‌ ।
5,धेरै तातो वा चिसो र पिरो वा अमिलो खानेकुरा खानुहुँदैन ।
5,"साथीसँग मिलेर ती खेल विद्यालय र
"
5,"यो आबाज
"
5,"कुनै दुइओटा घटनाहरू बिचको अवधि पत्ता लगाउन
"
5,समथर जमिनका कारण यहाँको जीवन सहज छ ।
5,"दीर्घवृत्ताकार कक्ष (011)0041 0101)
"
5,विद्यालयका कुर्सी टेबल झ्याल ढोका सबै ।
5,तोर्मा डे भनिएको हो ।
5,सझावहरूलाई केद्र हार्दिक स्वागत गर्दछ ।
5,"साथीलाई सुनाउनुहोस्‌ :
"
5,4630 लाई नजिकको सयमा शून्यान्त गर्नुहोस्‌ ।
5,"खुला राख्नुहन्न कहिल्यै पिउने पानीलाई
"
5,नाम खगेन्द्र हो ।
5,"बलभद्व कुँवरको जन्म काभ्रेपलान्चोक जिल्लाको
"
5,". मन्जन र ब्रस
"
5,(ख) म बिस्तारै हिँड्दै छु ।
5,(ग) 6943 को तलको हजार ............. र माथिको हजार .......... हुन्छ ।
5,"हृवेल (41७) कुकुर (००9) चमेरो (9940) बाघ (09०1)
"
5,बस्दा भइहाल्छ ।
5,"गो आदेश
"
5,तपाईँसँग केही कुरा गरुँ जस्तो लागिरहेको थियो ।
5,मण्डलमा सबैभन्दा छोटो दिन हुने ग्रह वृहस्पति हो ।
5,पानु आजा ।
5,"यहाँ फलफूल
"
5,"3901: 5406 1(69 : बायाँतिरको अक्षर वा अङ्क मेटाउन
"
5,(ङ) रियाज नेपालगन्जमा ...................... ।
5,"शरीरका यी पाँच महत्त्वपूर्ण अङ्ग आँखा, कान, नाक, जिब्रो र छालालाई
"
5,"उसलाई अस्पताल लैजानु........... आइन्दा अभिभावकले भनेको मान्ने र
"
5,"कक्षाश _ | | _ | | (6) एउटा मसीको बोतल राख्ने बट्टाको लम्बाइ 8 से.मि., चौडाइ 4 से.मि. र उचाइ 5 से.सि. रहेछ | उक्त बट्टाको आयतन कति होला ?"
5,"यहाँ धान, मकै, गहुँ, दलहन र फलफूल उत्पादन हुन्छ ।"
5,"नयाँ wed ree ad / ७ फाम गर्दा पूजापाठ गर्ने चलन ee AN र, समाजको नियम बनिसकेको छ ।"
5,"माउसुली, छेपारो, सर्प, गोही, कछुवा आदि सरीस्‌प समूहमा पर्ने जनावरहरूका उदाहरण
"
5,"(ग) दुवै नाकका प्वालबाट लामो श्वास तान्ने केही बेर रोक्ने र बिस्तारै
"
5,भित्तेचित्र बनाउँदा सबैभन्दा पहिला सफा सतह भएको भित्ता छान्नुपर्छ।
5,"350 मिनेटलाई घण्टामा रूपान्तर गर्दा,
"
5,"श्रम गरौँ, बनौँ सहयोगी अनि उपकारी
"
5,बिरुवाको डाँठबाट हाँगाहरू निस्केका हुन्छन्‌ ।
5,"शिक्षक, गुरुहरूको सहायताले बजाउने सिपको विकास गर्न सकिन्छ ।"
5,"उभयचर समूहका सामान्य लक्षणहरू
"
5,खाना खाएर विद्यालयतिर लागेँ ।
5,"आँप /14190) गहुँ (1041) भटमास (5०40041) मती प्लान्ट 710116)/101011)
"
5,"मेरो सामाजिक अध्ययन तथा सिर्जनात्मक कला, कक्षा -५ ३ [पाठ -२ | छिमेकीहरूसँगको व्यवहार ज्ञानीमायाको घर बनेपामा पर्छ ।"
5,क्षेत्र छ ।
5,नागरिक अधिकार र कर्तव्यका आधारमा ठीक र बेठीक छुट्याङ | (क) तिमीलाई विद्यालय जान हतार भएको छ ।
5,") ORI नेपाली : कक्षा ४ १०५ | | | | १. सुनर भन: विद्यालय, स्वास्थ्य, गस्यो, जाँच, क्याल्सियम, पौष्टिक तत्त्व २. सलमा र सरोज बनी माथिको पाठ पालैपालो पढेर AATS | ३. शब्द र अर्थको जोडा मिलाङ : शब्द अर्थ पेय पदार्थ मानिस मानव पिइने चिज खनिज पोषक तत्त्व भिटामिन खानीभित्रको तरल"
5,¢ re प्रो ( “हजुरले मलाई चिन्नुभएन ?
5,"नेपाली भित्तेचित्रहरू
"
5,(ख) कवाजका आदेशको सूची बनाउनुहोस्‌ ।
5,उनी छिनभरमा बिसेका नजिकमा पुगे ।
5,"यी सबै प्रयासहरू वैज्ञानिक सिकाइ प्रक्रियाका
"
5,"जीवनोपयोगी सिपको विकासका साथै व्यक्तिगत स्वास्थ्य तथा सरसफाइसम्बन्धी बानीको विकास गर्ने अवसर
"
5,"तिता
"
5,"होइन, नयाँ नयाँ विषयको जानकारी हुन्छ।"
5,चमेना गृहबाट निस्किएका बोतलहरूमा फूलका बिरुवा रोपे ।
5,बैङ्कलाई बुझाएको थप रकमलाई ब्याज भनिन्छ | बैङ्कले निश्चित दरको ब्याज लिने गर्छ ।
5,किरात काल महिषपालपछि नेपालमा किराती राजाहरूको शासन चल्यो ।
5,"कान खायो, टाउको दुख्यो
"
5,"(१४) लक्ष्मीप्रयाद देबकोटा
"
5,"आलु 5 कि-ग्रा (प्रति कि.ग्रा. रु. 60)
"
5,उनी सानैदेखि नम्र र शिष्ट स्वभावका थिए ।
5,म हर्षले गद्गद भएँ ।
5,| मानिसहरू त्यसैबाट बनेका खानेकुराहरू खान्छन् | ‘ यहाँका मनिसहरू कोही पशुपालन गर्छन् ।
5,सबै मिलेर काम गर्दा हामीलाई सजिलो हुन्छ ।
5,"(ग) फुपू आलु पूजा फुल माइजू
"
5,पवन : ओहो !
5,"वास्तविक नाप | वास्तविक नाप|_ |
"
5,"यस्तो अवस्थामा
"
5,पनि फरक फरक हुन्छन्‌ ।
5,"पुग्न 40 मिनेट समय लाग्छ भने,
"
5,7050170:59 178 400 3910) लितुहोख्‌ ।
5,"पालेका छन्‌ खोरभरि कुखुरा र बाख्रा
"
5,चर्चा गरिएको छ्‌ ।
5,म (७) भक्त हुँ कि होइन मलाई केही . हँ थाहा छैन ।
5,” यही प्रश्न नारदको मनमा खेलिरहे को थियो ।
5,"हुन्छ, अक्षरमा लेख्नुहोस्‌ ।"
5,साइरन तथा मोबाइल एप्सको सेवाबाट के के सुरक्षा सहयोग लिन सकिन्छ ?
5,"ठिक / बेठिक
"
5,"मुसुराको दाल 3 किगग्रा. (प्रति कि. ग्रा. रु. 130)
"
5,"शिक्षक वा टोलीनेताको सहयोगमा लडजम्प खेल क्षेत्र निर्माण गरी पालैपालो
"
5,"३. हाम्रा विभूतिलाई हामी सधैँ सम्भिरहेने छौँ, किन ?"
5,औषधी जस्तो नमिठो कुराले रोग निको पार्छ | मिठो कुरा चाहिँ तिमीहरूलाई Gee जस्तो लाग्छ | मिठो कुराले पनि स्वास्थ्यलाई असल नगर्न सक्छ ।
5,"रोबोट
"
5,यसरी हावाको गुणस्तर बिग्रनुलाई वायु प्रदूषण भनिन्छ ।
5,आयोजना गरिएको हो ।
5,जम्बियाङले के बोलाउनुपर्थ्यो र !
5,त्यहाँ विशेष गरी पत्रपत्रिका किन्ने हरूको भिड हुन्छ ।
5,"(ख लागुपदार्थ सेवन विरुद्ध विद्यालयमा कार्यक्रम सञ्चालन गर्न शिक्षकलाई अनुरोध गर्ने
"
5,४. तपाइँले के के शारीरिक र मानसिक श्रम गर्ने गर्नुभएको छ ?
5,"लगाउनुभन्दा आवश्यक ठाउँमा मात्र रङ लगाउँदा
"
5,"तपाइँको समुदायमा प्रचलनमा रहेका जात्रा र मेलापर्वको संरक्षण गर्न के
"
5,विस्तृत कुरा गरौँला ।
5,"त्यहाँ हामीले
"
5,"शैक्षिक भ्रमण कार्यक्रमको बजेट
"
5,"तिमी हिँड्न सक्छौ oes, Salt \)\ तर म आँखा पनि देख्दिनँ र हिँड्न es KY पनि सक्दिनँ 1” pa Or =| (ez \ उसले आफूसँग भएको पैसा माग्ने BS लीले लाई दियो ।"
5,(परपाए 701) भनिन्छ ।
5,"० किक्रेता - सामान बेच्ने मानिस वा पसले
"
5,” मैले पनि उनलाई आफूले जानेको सल्लाह दिएँ ।
5,"तल दिइएका चित्र अवलोकन गरी निलो रङ, रातो रङ र हरियो रङले रङ्गाइएको
"
5,यो ट्रकले के बोकेको छ ?
5,"हजार (11100590105)
"
5,"डोरी वा पोलमा
"
5,दलितको छोराले कक्षामा प्रथम भई पुरस्कार प्राप्त गर्नु गौरवकै क्रा हो ।
5,"4. तल दिइएका सङ्ख्यालाई अन्तर्राष्ट्रिय पद्वतिअनुसार स्थानमान तालिकामा
"
5,५. जयपृथ्वीवहादुर सिंहलाई किन राष्ट्रिय विभुति भनिएको हो ?
5,षड्मुखाको आयतन त ?
5,(ग) तँ सामान......................... ?
5,"मलाई सानी
"
5,मानिसको सकारात्मक धारणा सुन्दा खुसी लाग्यो ।
5,भएको जस्तो लाग्यो ।
5,"४. सामाजिक समस्या समाधान गर्ने कार्यमा संलग्न सङ्घसंस्थाहरूको योगदान
"
5,"(क) मेरो घर त इलाम हो
"
5,बाहिर निस्कँदा मास्क लगाउन सम्झाउँछन्‌ ।
5,"त्यस्तै 'भक्त भानुभक्त' र 'भीमसेनको अन्त्य' ऐतिहासिक विषयवस्तुमा
"
5,"अनुपयुक्त भिन्न र मिश्रित सङ्ख्या के हो लेख्नुहोस्‌ :
"
5,"रेखाङकन विभिन्न माध्यमबाट गर्न सके तापनि सिसाकलमले अभ्यास गर्दा राम्रो
"
5,"माझी दाइले घाँटीसम्म हातले देखाएर
"
5,सुकिलो लुगा लगाएको एउटा मोटो ary र हँसिलो केटो उनको अगाडि उभिएको थियो ।
5,गराउने उपकरण इनपुट डिभाइस हुन्‌ ।
5,"(ख) शिर निहस्याएर गरिने ढोग
"
5,पढेर बुझ्नुहोस्‌ ।
5,सरोज : होला !
5,"संसारका जुनसुकै
"
5,"(इ) ब्याट्री, स्विच र सुचालकको काम के हो ?"
5,जस्ता प्रश्न मनमा राख्नुपर्छ | त्यसपछि त्यसका बारेमा खोजी गर्नुपर्छ | आफूभन्दा जान्नेबुझ्ने व्यक्तिसँग सोध्नुपर्छ ।
5,पनि आगो सल्किदैँ थियो ।
5,= ) Le + = ZT he 1 = नागबेली पट्टीहरूबाट FATE अभ्यास १. फरक रङका दुईओटा पानाहरू माथि देखाएजस्तै गरी काट र साधारण बुनाइ गर ।
5,"यी सबै खेल खेल्नु अगाडि विभिन्न
"
5,"(ग) बाटो हिँडेका मानिसका लागि विश्राम गर्न बनाइएको ठाउँ
"
5,बुभ्नु र जान्नु पर्दछ ।
5,"रामुको
"
5,जत्तै फिल्टर प्लान्टको प्रयोग गरिएको छ?
5,"तल दिइएका कोणहरू सेटस्क्वायरका सहायताले नापी 90२, 90२ भन्दा सानो र
"
5,बिहानपख झूल्किन्छ घाम देउराली पाखामा 7 कन असारे गीत घन्किन्छ अनि सुरिलो भाकामा ।
6,"00) ७” "" उद” हलव
"
6,"राधा : यसलाई जाँच्न माटाको डल्लालाई हातले पेलेर क्वाइल वा तार जस्तो
"
6,"फोलाले फेरि ठाउँ Bde अर्थात् सर्दै जान्छ | झोला नचलाई राख्दा विश्राम अवस्थामा हुन्छ भने त्यसलाई तान्दा वा धकेल्दा चाल अवस्थामा हुन्छ | तान्नु वा घचेद्नु बल हो | विज्ञान तथा प्रविधि कक्षा & ११५ वस्तुलाई तान्दा वा घचेट्दा वस्तुको अवस्थामा परिवर्तन = आउँछ | यसरी वस्तुको अवस्थामा परिवर्तन गर्ने वा गर्न ei. छ. खोज्ने बाहृय तत्त्वलाई बल भनिन्छ | हिँड्न, दौडन, भारी - बोक्न, फुटबल खेल्न, साइकल कुदाउन, ढोका खोल्न, चित्र न. 6.5 हरेक काममा बलको प्रयोण हुन्छ ।"
6,पत्ता लगाउनुहोस् | परियोजनाका] रुउटा कार्डबोर्ड पेपर लिरुर दुई सङ्ख्याहरू 35 र 28 का णुणनखण्डहरूलाई चित्रमा देखाई म.स. र ल.स. पत्ता लगाउनुहोस् र कक्षाकोठामा प्रस्तुत गर्नुहोस् | ॥
6,माथिको कथाका आधारमा तलका प्रश्वहरूमा छलफल गर्दुहोस् : (क) अजय र बिजय कित विद्यालय वगएका होलान् ?
6,"घोल = घुलित पदार्थ + घोलक पदार्थ Solution = Solute + Solvent घोल, घुलित पदार्थ र घोलक पदार्थका केही उदाहरण क्र.स. घोल घुलित पदार्थ घोलक पदार्थ = हामीले दुध, गम, रगत आदि देखेकै छौँ | यिनीहरू रुक प्रकारका मिश्रण हुन् | यिनलाई कोलोइड भनिन्छ ।"
6,"आर्थिक
"
6,"चमेली
"
6,हिम्मत गर साथी !
6,यस्ता अनेक आविष्कारमार्फत मानव सभ्यतालाई अझ उचाइ दिने थोमसले धेरै असफताहरू पनि बेहोरेका थिए ।
6,आमाबुबाका तक्कल गर्न थाल्छन्‌ ।
6,केन्द्रबाट डिग्रीमा नापिन्छ ।
6,"१. कोष्ठकमा दिइएको सङ्केतका आधारमा वाक्य परिवर्तन गर्नुहोस्‌ :
"
6,"(रुसमा, कुबेतमा,
"
6,"बिरालाको स्थान (3, 5) भयो ।"
6,२. सुनाइ पाठ ७ का आधारमा उत्तर भन्नुहोस् : (क) मानिसका लागि सबैभन्दा मूल्यवान् वस्तु के होला ?
6,सजिलैसँग मिलार्र क्रमबद्ध णर्न सकिन्छ ।
6,अभ्यास ) | 1. खाली ठाउँमा मिल्ने शब्द भर्नुहोस् : सोडियम | सोडियम क्लोराइ्ड | उखु | खाने सोडा | चिनी (क) खाने नुनको रासायनिक नाम हो ।
6,"भाणमा पाइने बिरुवा
"
6,"यस्ता वनस्पतिलाई सपृष्पक
"
6,"चमेली : त्यसो नभन्नुहोस् न आमा, तपाइँलाई केही हुँदैन | मैले औषधी ल्याएकी छु ।"
6,साथीले सोधेका प्रश्नको तपाइँ पनि उत्तर दिनुहोस्‌ ।
6,” नकुलले चउरमा बस्दै भन्यो ।
6,बुनु : आमा !
6,"एउटा शिशु आमाको कोखबाट छुर्टाटँदा उसले श्वास फेर्ने, शरीरका अङ्ग
"
6,"७. अनुच्छेद मौन पठन गर्नुहोस्‌ र सारांश लेख्नुहोस्‌ :
"
6,र 0 नामकरण णरी Serer vat गरी Q जोड्नुहोस् | यू: (v) 2202 AB प्रतिच्छेदन भरको बिन्दुलाई O नाम दिनुहोस् ।
6,वरिपरि रहेका अन्य वस्तुको दाँजोमा स्थान परिवर्तन नणरी रहेको वस्तुलाई विश्राम अवस्था भनिन्छ ।
6,हामी इसाई धर्म मान्छौँ ।
6,"सङ्ख्या 12345 लाई 3 ले निःशेष भाण जान्छ वा जाँदैन, परीक्षण गर्नुहोस्‌ ।"
6,आदि खान्छौँ ।
6,"मातृभूमिको आवाज
"
6,के लामो समयसम्म खाना नखाईकन हामी यी सबै काम गर्न सक्छौँ ?
6,ww i reson बि) ती ।
6,सडक कालोपत्रे णरिरुको रहेछ ?
6,सोधखोज गर्दुहोस्‌ ।
6,"मैथिली : तराईका धनुषा, महोत्तरी, सिराहा, सप्तरी आदि क्षेत्रमा नाचिने नाच
"
6,१. बाक्लो कागजमाथि सिसाकलमबाट कुनै डिजाइन वा बुट्टा कोर्नुहोस्‌ ।
6,"सिलौटो, ओखल, हलो, कुटो, कोदालो, मसला पिन्ने मिक्चर, मोबाइल,
"
6,"उनीबाट सुरुआत भएको शासन व्यवस्था १०४
"
6,चित्रमा देखाउनुहोस्‌ ।
6,सकिने विषय हो ।
6,र कति कति अन्तरमा बसेका हुन्छन्‌ त्यो बुझनुपर्ने हुन्छ ।
6,"परिचय र महत्त्त
"
6,"चित्रमा देखाएजत्तै गरी आफूहरू हो % ठै
"
6,"स्वास्थ्य, शारीरिक तथा यिर्जवात्मक कला कक्षा ६ oy पढौँ र बुझौँ : प्रदूषित खाना र पानीबाट हामीलाई विभिन्न रोगहरू लाग्छन् ।"
6,भत्ते ।
6,“आमाबुबाहरू जेसुकै गरुन् ।
6,"इन्पुट विभिन्न उपकरणबाट दिइन्छ, जस्तैः ।"
6,उमेर र पेसा भर्नुहोस्‌ ।
6,"रुक बाल्टिन पानी, एउटा स्टिलको थाल र र्उटा चम्चा ल्याउनुहोस्‌ ।"
6,"मिश्रणमा भरको तरल पदार्थलाई ततारर पहिले बाफ बनाउने र त्यसपछि चिस्यारुर छुट्टै
"
6,"कोरको मोटाइ करिब 2100 कि.मि. हुन्छ भने तापक्रम करिब 2500 देखि 3000 डिग्री
"
6,यो पापी कालले टपक्कै टिप्ला जस्तो छ।
6,मेरा विचार राख्न पाउँदा म अत्यन्तै हर्षित छ्लु ।
6,२. त्यसको अवस्था अध्ययन गर्नुहोस्‌ र दिइएका प्रश्नहरूको उत्तर दिनुहोस्‌ ।
6,(को घरका किचलो ”हुरुलहुुकन रेखामा मात्र जान्छ ।
6,"मिलिलिटर नाप्ने ससाना रुकाइहरू देखिने गरी ती उपकरणहरूको रेखाङ्‌कन गर्नुहोस्‌ |
"
6,पृथ्वीको आन्तरिक संरचना हामीले उसिनेको अन्डासँग तुलना गरेर हेर्न सक्छौँ ।
6,"अब सोही भाँडामा लगभण भरिने
"
6,"तलको अवस्थाको अध्ययन गरी दिइरुका | ; a — = प्रश्नहरूमा छलफल णरी निष्कर्ष (0,50/001 ie हर्कमानले झोलाको व्यापार गर्दछन् | re चाख ु [ उनले होलसेल पसलबाट 700 रुपियाँका | ga | & ॥"
6,"14. 25 किलोग्राम चामलको मूल्य रु. 2250 पर्दछ भने 60 किलोग्राम चामलको मूल्य
"
6,"लागि सहयोग गर्न कसरी आहवान गर्नुहुन्छ, बताउनुहोस्‌ ।"
6,प्राकृतिक प्रक्रियाका रूपमा स्वीकार गरी सरसफाइ र पोषणमा ध्यान दिनुपर्दछ ।
6,"4 , | विचारणीय प्रश्न (क) Baa चक्कामा घुमाएर बनाएको जतिसुकै पातलो सामान पनि कतै चर्कदैन ।"
6,Te ty eT TIN TT EYE TV YY [| ।
6,जसो समाधिमै रहन्थे ।
6,वा वकिल बन्ने रहर गर्छु।
6,लिएर ओर्लिने क्रममा आधार शिविर आइनपुग्दै हिमपातमा परी उनको निधन भयो ।
6,अश््यास गर्नुहोस्‌ ।
6,"वप ::
"
6,"साथीसँग TAKA TAT | सारांश १. योगासन गर्नुभन्दा पहिले शरीरलाई सचेत र सक्रिय बनाउन गरिने कार्य नै स्क्ष्म योग हुन् स्वास्थ्य, शारीरिक तथा यिर्जवात्मक कला कक्षा ६ १0१. २. गोमन सर्पले टाउको ठाडो"
6,"मखमली फूल
"
6,यस्तो प्रकारको तरङणलाई लङणिच्युडिनल तरङ्‌ण ॥
6,क) माथि दिइएको कथाबाट तपाईंले के शिक्षा पाउनुभयो ?
6,"सधैँ यौन क्रियाकलापका बारेमा सोच्ने, अश्लील चित्र तथा
"
6,विभिन्न तहहरू भर्र जाने रुक ठाडो खण्डलाई माटाको प्रोफाइल भनिन्छ ।
6,यसकारण हामीलाई हरेक प्रकृतिको परिचय Still 112 ले दिन्छ ।
6,"साबुन पानीले मिचिमिची हात धुने
"
6,खनिज इन्धनको अव्यवस्थित प्रयोग वायु प्रदूषणको रक मुख्य कारण हो ।
6,हातको झोली बिमुख बोली कुन देश पुगिन्छ ॥
6,"२, विकास योजनाको परिचय दिनुहोस्‌ ।"
6,भो भयो अति सुत्यौ अब जाग॥
6,"कतिपय ठाउँमा दुध खान नदिने, घाममा बस्न नहुने
"
6,"ति 18,500
"
6,रहनसहन संस्कार आदि विषयमा खोजी गर्यौँ ।
6,"(इ) लगभण 1500 10/9 (ई) लणभण 1000101/9
"
6,"उपयुक्त सङ्ख्यामा विद्यार्थीहरूको समूह बनाउनुहोस्‌ र प्रत्येकले रक
"
6,"75 र 90 ले निःशेष भाग जाने सबैभन्दा सानो सङ्ख्या पत्ता लगाउनुहोस्‌ |
"
6,"१ दिइएका बुँदाका आधारमा छोटो जीवनी लेख्नुहोस्‌ :
"
6,"तातो र पण्लेको अवस्थामा छ |
"
6,"गुरुङ समुदायले
"
6,"कुनै पनि काम सम्पन्न गर्न आवश्यक स्रोत
"
6,"र काम हुने स्थान कहाँ कहाँ हुन्छन्‌, छलफल गर्नुहोस्‌ ।"
6,दैनिक जीवनमा विभिन्न कार्य णर्न सरल यन्त्रको प्रयोग गरिन्छ ।
6,सुन्तला मिठो हुन्छ ।
6,"(क्रहाणजिकिधममालणाडिकिो
"
6,"णठराक्रम तिकास केन्द्र
"
6,(ग) दुवैमा सुरक्षा र एकता पाइन्छ ।
6,"बिलिरेत्याजविधि क्या १०९
"
6,(ख) रङ नलणाइरुका भाणलाई भिन्नमा कसरी जनाइन्छ ?
6,(ख) महितावारीसम्बन्धी तपाइँको समुदायमा भएका गलत ATE के के हुन् ?
6,(गण) दिइरको ठोस वस्तुको आयतन पत्ता a लगाउनुहोस् र उत्तरलाई घाताङ्कका रूपमा लेख्नुहोस् | सिट 89 ॥
6,भयो के भने सबै जना काममा गएका थिए ।
6,"5. रुउटा आयताकार खेतको लम्बाइ 271 र चौडाइ 22 ft भरु सो खेतको परिमिति पत्ता लगाउनुहोस् | 6. Wa वर्णाकार रुमालको लम्बाइ 25cm छ भने उक्त रुमालको परिमिति कति होला, पत्ता लगाउनुहोस् | 7. रुउटा आयताकार चउरको परिमिति 36010 र चौडाइ 6010 भरु उक्त चउरको लम्बाइ कति होला, पत्ता लगाउनुहोस् | 8. रुउटा आयताकार पलङको परिमिति 22 1 र लम्बाइ 6 ft छ भने उक्त पलङको चौडाइ कति होला, पत्ता लगाउनुहोस् ।"
6,"सँगैको साथीसँग प्राप्त चित्रको
"
6,प्रविधि तथा उपकरणबिना गर्न सम्भव छन्‌ ?
6,छिमिकीहरूसँग छलफल गरी प्राप्त तिष्कर्षलाई कक्षामा साथीहरूलाई सुताउनुहोस्‌ ।
6,"दिन मनाउनका लागि आवश्यक पर्ने खानेकुरा तयार पार्ने विषयमा परिवारमा छलफल
"
6,आयोजित कार्यक्रममा उनलाई महासङडगीतकारका रूपमा सम्मान गरियो ।
6,अस्थिपञ्जर प्रणालीले शरीरको आकार दिन्छ भने मांसपेशी प्रणालीले त्यो आकारलाई छोपेर सुन्दर रूप प्रदान गर्दछ ।
6,मिहिनेत गर ।
6,जुट भएर लाग्नुपर्ने बेला भएको छ ।
6,"उपलब्ध कुनै पनि
"
6,"2. तल दिइ्डरुका सङ्ख्याहरूबाट पूर्णाङ्क छुट्याउनुहोस्‌ :
"
6,"(1117""000€60701 [० 4115, 1,116 9110 (€010पा')
"
6,आदि हुन सक्छ ।
6,"७ सांस्कृतिक पर्व, सामाजिक परम्परा मनाउँदा सामूहिक रूपमा मनाउने प्रचलन छ ।"
6,महोत्तरीमा बस्नुहुन्छ ।
6,"छुट्याउने तरिका
"
6,"हाम्रो घर, आँगन, चोक र सडकको सरसफाइ गर्छौँ | फोहोरमैला र ढलको उचित ठाउँमा व्यवस्था गर्ने, समुदायमा जनचेतना फैलाउने काम पनि गर्दछौँ | नदी, खोला, ताल, इनार, HAT, धारा आदिको सफाइ र संरक्षण गर्दछौँ ।"
6,(ग) स्वास्थकर बानीको विकासमा ......................... का माध्यमले महत्त्वपूर्ण भूमिका खेल्दछन् ।
6,व्यवस्था गरेको छ ।
6,"नेवारहरू हाकुपटासी र छोटो दौरामा ठाँटिएर बिस्केटजात्रा, इन्द्रजात्रा, म्हपूजा आदि मनाउँछन् ।"
6,"00. गरा लजल्द्रको राज दि त्यता
"
6,लणभण असोज ७ (96/00111061 23) गते दिन र गत बराबर हुन्छ ।
6,"1. प्रयोणशाला वा अनुसन्धान केन्द्रमा क्रोमाटाग्राफी विधिको प्रयोग गरी विभिन्न किसिमका
"
6,. रेफ्रिले सुन्ने गरी ठुलो आवाजमा कान्ट गर्नुपर्छ ।
6,बन्द गरी शरीरको वजन दुवै गोडामा बराबर राख्नु पर्दछ ।
6,आज्ञाअनुसार बजारबाट ग्याँस लिएर आउँछ ।
6,220 10 x 2 = 20 सन्तोषले रु. 20 तिर्नुपर्छ | 10+ 10+ 10=30 अथवा 10 2८3 530 खडोसले रु. 30 तिर्नुपर्छ ।
6,"स्वास्थ्य तथा जनसङ्ख्या मन्त्रालय
"
6,"यसै गरी क्रमशः नयाँ स्लाइड फू ड्र डक कि. है“
"
6,हामीले दिनहुँ खाने खाना त्यस्तो शक्तिका स्रोत हुन् ।
6,ठुला ठुला पानी जमेका दहलाई ताल भनिन्छ ।
6,तिनमा एक थिए वबीरबल ।
6,पानीमा बजेर आरुका ढुङ्णाहरू आपसमा ठोकिरुर टुक्रिन्छन्‌ ।
6,"सधवाणाराट
"
6,समूह हो ?
6,"आठ जना साथीहरू सूर्यको विभिन्न दुरीमा
"
6,3. (क) 15 cm?
6,बलले वस्तुमा विभिन्न असर गर्दछ ।
6,"(ग) तपाईंको परिवारका सदस्यले पूरा गर्नुभएका केही नैतिक र कानुनी कर्तव्यहरूको सूची
"
6,साथ मनाइन्छ ।
6,प्रयास गर्तुहोस्‌ ।
6,"५, के अ्लो स्थानमा जम्मा णरिरको पानी, ढुङ्कणा, इँटामा पनि यही शक्ति हुन्छ ?"
6,"यसले कसरी काम गर्छ होला, छलफल गर्नुहोस् ।"
6,सुनिल र कविता दुवै जना आआफ्नो कार्यालयमा समयमा पुग्नुहुन्छ ।
6,"सामान्यतया कोलाजका लागि चित्रपट ($010101) को आवश्यकता पर्छ तर
"
6,"$5, 10, 15, 20, 25, 30, ...$ 5 को अपवर्त्यहरूको (१५फ॥"
6,"(क) दिइररुका सङ्गख्याहरूको रूढ खण्डीकरण
"
6,उहाँले प्रशस्त मात्रामा पानी पिउन र दैनिक व्यायाम गर्न पनि सल्लाह दिनुभयो ।
6,आधारमा लेख्नुहोस्‌ ।
6,"सिक्का तथा निलो डाड्गस र दोस्रो सिक्का
"
6,उदाहरणसहित लेख्नुहोस् ।
6,"जस्तै पानीमा तैरिन, जमिनमा छिटोभन्दा छिटो दगुर्न सफल भएको छ ।"
6,"सरल यन्त्रले कामलाई र छिटो बनाउँछन्‌ |
"
6,"१. तल दढिड्दरुका प्रत्येक जोडी पदहरू सजातीय वा विजातीय पदहरू के हुन्‌,
"
6,(घ) 'मायाको घर' भन्ने ठाउँ कस्तो रहेछ ?
6,उहाँ बिहान सबेरै उठनुहुन्छ ।
6,"यस्ता क्रियाकलापहरूले माटाको गुणस्तर बिग्रन्छ | यसरी माटामा बाह्य रूपमा अनावश्यक रसायन वा अन्य पदार्थ मिसिएर यसको गुणस्तर बिग्रनुलाई माटो प्रदूषण भनिन्छ | कक्षा & २ विजान तथा प्रविधि. = E> माटो प्रदुषणका कारण, असर र नियन्त्रणका उपायहरू क्रियाकलाप 11.7 वरपरको माटाका सम्बन्धमा देहारका अवस्थाहरू अवलोकन गर्नुहोस् | तालिका न. 11.3 अवलोकन णर्ने पक्ष अवलोकनका क्रममा देखिरुको अवस्था माटामा मिसाइरुको मलको प्रकार गोवर मल/कम्पोस्ट मल अवलोकनबाट प्राप्त TASH आधारमा माटो प्रदूषणका कारणहरूका सम्बन्धमा कै निष्कर्ष निकाल्न सकिन्छ ?"
6,"हाम्रो समूहले स्थानीय चाडपर्व र मेलापातका
"
6,"त्यस्तै अर्को कचौरामा सोडाबिनाको
"
6,कुनै वस्तुमा रहेको पदार्थको मात्रालाई त्यस वस्तुको पिण्ड भनिन्छ ।
6,"0%) २ 50 -30
"
6,"कुनै वस्तुको सतहलाई दलेर त्यसको छाप कागजमा उतार्ने प्रक्रियालाई (रबिङ' (rubbing) भनिन्छ | ब्लक बनाएर छपाइ गर्ने पद्धतिलाई 'रिलिफ प्रिन्टिड' (relief printing) भनिन्छ | रिलिफ प्रिन्टिङ गर्नका लागि विभिन्न प्रकारका साधनहरूको प्रयोग गर्न सकिन्छ | यसमा आलु, मुला, फर्सी, काठका टुक्रा आदि पनि प्रयोग गर्न सकिन्छ | तल केही छपाइका कार्यहरूको नमुना दिइएका छन् ।"
6,दुर हमाकुन भिन्न ठुलो छ?
6,"अब हामी अर्को
"
6,"(ख) वातावरणमैत्री व्यवहार भनेको कै हो, स्पष्ट पार्नुहोस्‌ ।"
6,"शा ईश) 120 402
"
6,"दौडाई लान्छ मलाई यै बादलु छायाले
"
6,(ख) विद्युतीय विधि (£॥
6,"प्रार्थी बाजे : मुक्सामहाङ सम्बाहाङ्फे दर्शनाभिलाषी काकाकाकी : याम्मुहाङ-गीता, निहाङ-सविना, भाइबहिनी : युगान्तर, जङ्गम, उत्पल र लक्सिमा तथा समस्त सम्बाहाङफे परिवार कार्यक्रम जन्ती प्रस्थान : २०७८ वैशाख २७ गते प्रीतिभोज : २०७८ वैशाख २९ गते स्थान : निजी निवास, इन्द्रेतनी चोक, शिवसताक्षी -२, झापा समय : दिनको २ बजेदेखि ROG नेपाली, कक्षा ६ सुनाइ पाठ १२ फ्लोरेन्स नाइटिङजेल आफ्नो काम र योगदानले संसारमा नाम चम्काउने व्यक्तिको पङ्क्तिमा पर्ने महान् नारीको नाम हो, फ्लोरेन्स नाइटिङ्गेल | फ्लोरेन्स नाइटिङगेलको जन्म सन् १८२० मे १२ मा इटालीमा बुबा विलियम एडवार्ड नाइटिङगेल र आमा at स्मिथ नाइटिङ्गेलको सुपुत्रीका रूपमा भएको थियो ।"
6,". तिललालला घार्मिक तथा सांस्कृतिक सम्पदा
"
6,"(क्र) अग्रज तथा साथीहरूसँग सल्लाह र परारमश लिने
"
6,कामका लाजि पनि यसको प्रयोण गर्न सकिन्छ ।
6,"आवश्यकता, गठन तरिका
"
6,अलग अलण सूची बनाउनुहोस्‌ ।
6,"२००७ देखि हालसम्मका सामाजिक एवम्‌ आर्थिक उपलब्धिलाई तलको
"
6,"खु स्वास्थ्य शारीरिक तथा विर्जवात्मक कला कक्षा ६
"
6,(च)
6,(ख) बासुले सो पेनड्वाइ्भभ सुरेन्द्रबाट कतिमा किनेका थिरु ?
6,विद्यालयले विद्यार्थी भर्वा अभियान चलाएको छ ।
6,"लुमन्ती : हो त नि, हामीले राम्ररी पढिदिउन् भन्नुहुन्छ उहाँहरू ।"
6,"तपाईंले देखे जानेको
"
6,(ग) थोमस एल्भा एडिसनले पत्रिका बेच्ने काम पनि गरे ।
6,विभिन्न समूहमा विभाजन भई विभिन्न खेललाई रमाइलोसँग समूहमा खेल्न सकिन्छ ।
6,"पहिरो जोखिम क्षेत्र डाइभर्सन अन्य खतरा साँघुरो पुल
"
6,"(011 ८01001), पोस्टर रङ (२050 ८0100ा) , एक्रेलिक रङ (५०11 0010)
"
6,"तपाइँको छरछिमेक र समुदायमा फैलिरहेको कुनै एक सरुवा रोगको
"
6,"कतिपय अवस्थामा बिरामीको मृत्यु पनि हुन
"
6,"भाज्यताको परीक्षण णरी दिइएका कुन कुन सङ्ख्याहरूलाई 2 ले निःशेष भाण
"
6,ख्याल गर्नुपर्छ ।
6,"(अ) खाद्यपदार्थका रूपमा प्रयोग हुने रसायनहरू (८181८015 ४३७००5100तवाँशाचाड)
"
6,डिजाइनमा रङ पर्ने भागलाई चक्कूले काटनुहोस्‌ ।
6,"पोसिलो र झोल पदार्थ प्रशस्त मात्रामा पिउने
"
6,यस्ता कारणहरूमध्ये मुख्य चाहिँ हामी आफैँ हौँ ।
6,विराटनगरमा जुट मिलको स्थापना भएको थियो ।
6,"० सरसफाइमा ध्यान
"
6,नसकिने ?
6,नागरिकको माग हो ।
6,पत्ता लगाउनुहोस् | | १०५ क्षेत्रमिति (Mensuration) दुरी (Distance) तलका प्रश्नहरूका बारेमा छलफल गर्नुहोस्
6,_86 | ।
6,ख्याली तालको मात्रा : ।
6,"उनले नेपाली सङ्गीतका क्षेत्रमा
"
6,"जङ्गली देश बेपारी भेष सङ्ककट सहेर
"
6,"बालुवा र पानी आपसमा
"
6,"प्रकाश संश्लेषण एक्रिया : बिरुवाले खाना बनाउने प्रक्रिया
"
6,"वस्तुको चाललाई सिधारेखीय चाल र वक्ररेखीय चाल
"
6,"१. सुगौली सन्धिका सकारात्मक र नकारात्मक परिणाम सम्बन्धमा समूहमा छलफल
"
6,2. अब किबोर्ड ॥
6,"मानिसहरू आफू जन्मेको, बसोबास गर्दै आएको स्थानबाट
"
6,"रुलर र सिसाकलसको प्रयोण गरी प्रत्येक
"
6,"घरनजिकैको पिपलको फेदमा छोरीहरू र छोरीहरूलाई लिन गएका बुबाहरूलाई
"
6,"लाटामाडौँ, नवदुर्गा २, डँडेलधुरा
"
6,गर्ने गर्नाले मर्यादित व्यवहार प्रदर्शन हुन्छ ।
6,"छेह रमलत्खकत
"
6,अब बन्ने त्रिभुजका कोणहरू कस्ता कस्ता होलान्‌ ?
6,", चौडाइ ॥"
6,"पा हिमनदी र तालहरू
"
6,गर्नुहोस्‌ र प्राप्त विवरणलाई अनुच्छेदका रूपमा लेखी कक्षामा सुनाउनुहोस्‌ ।
6,| | | | ।
6,"छावाले त्यो साङ्लो चुडाउन बल गर्नु
"
6,"(ङ) तारा र ग्रह
"
6,"प्रदूषणका कारण, असर र नियन्त्रणका उपायहरू निम्नानुसार छन्‌ :
"
6,"दिइरका समूहहरूको साझा णुण
"
6,सबै प्रणालीहरू मिलेर हाम्रो शरीर बन्दछ ।
6,"एक प्राइभेट कम्पनीमा सूचना प्रविधि अधिकृतका
"
6,बुबा सुन्नुहोस्‌ न !
6,यो सम्झदा गरिमा अहिले पनि दङ्ग पर्छिन्‌ ।
6,"देखाउने भाव, टाउको झुकाएर दुवै हातका बुढी र कान्छी औँलाले गाईलाई सङ्केत गर्ने
"
6,"यी कामहरू गर्दा प्रयोग भइरहेका उपकरणहरुको नाम के के हुन्, छलफल गर्नुहोस् | हामी हाम्रो दैनिक जीवनमा साना ठुला उपकरणहरू प्रयोग IRF थुप्रै काम गर्दछौँ, जस्तै : हँसियाले घाँस काट्ने, चुलेसीले तरकारी काट्ने, लोहोरो सिलौटोले मसला पिन्ने, बन्चराले दाउरा काट्ने, हलाले खेत जोत्ने, बेलना र चौकीको सहायताले रेटी बनाउने आदि | wet हँसिया, चुलेसी, विज्ञान तथा प्रविधि कबा४ २१ लोहोरो सिलौटो, हलो, कुटो, कोदालो, बन्चरो आदि स्थानीय उपकरण हुन् ।"
6,साथीहरू कस्तो रमाएका छन् ।
6,तीनै जना चउरमा रहेका ठुलो रुखको फेदका बसेर कुरा गर्न थाले ।
6,"lm’ Im 1112 3 का 4ओटा 5 _ =(4x 3)ओटा ३ 1 = 12 ओटा : OT itr 20 Tit. 210. 3ir 410, = _12,, “5 | उदाहरण 2 3 णुणन गर्नुहोस् : 5 x F समाधान. 3 यहाँ, Sx 5 _ 5x3 5 =3 | उदाहरण 2 56को र AT कति हुन्छ?"
6,"शब्दभणडार |
"
6,"परिवारको वार्षिक खर्च विवरण
"
6,"आमाको उपचार गर्छु, अनि... !"
6,लगणाउँदा स्थिर अवस्थामा आउँछ ।
6,"(क) जाडो मौसममा ओढ्ने र ओछ्याउने कपडा घाममा फिँजारर सुकाइन्छ |
"
6,(ई) ओभरहेड पास (0४९।
6,"जनगणनामा मुख्य तीनओटा
"
6,४. जङ्णल फडानी तथा रुखबिरुवाहरू जथाभावी काट्नाले माटो खुकुलो बन्छ | यसले भूक्षयको सम्भावना बढ्ने भरुकाले यस्ता क्रियाकलापहरू गर्नु हुँदैन ।
6,“हत्तेरी हजुरआमा !
6,"फेवाताल
"
6,"2 बोरा मलले रुक जना किसानको खेतको र भाणमा छर्न पुण्छ भने 1 बोरा मलले सो
"
6,कुरा गर्न सकिन्छ ।
6,(क) फूल नफुल्ने बिरुवाहरू (Non-flowering plants) फूल नफुल्ने बिरुवाहरू जीवनको कुनै पनि समयमा फूल फुल्दैनन् | यिनीहरू कुनै सूक्ष्मदर्शक यन्त्रले मात्र देख्न सकिन्छ भने कुनै मझौला आकारका हुन्छन् ।
6,यो फ्युजको विकसित रूप हो ।
6,यसरी बललाई स्थानान्तरण गर्न हामीले विभिन्न साधनको उपयोग गर्दछौँ ।
6,"y3 (ग) यहाँ, (21x4y?"
6,(ङ) हामी पनि घुम्त ............. ०.2: ।
6,aa A ॥
6,पाल्तेन : त्यही त भनेको यी हुनेखानेका सन्तानलाई गरिबको मर्म के थाहा ?
6,(गण) $ प्रणालीअबुसार विद्युत्‌ धाराको रुकाइ के हो ?
6,कहिलेकाही हामीले रातको सफा आकाशमा ताराहरू खसे जस्तो देख्छौं ।
6,यहाँ सङ्ख्या 2343 का अङ्कहरूको योणफल 12 आसुको छ ।
6,निःशेष भाण जान्छ ।
6,"यसका लागि हामी
"
6,"उल्लेख गर्ने
"
6,2. मिसास्को पानी पहिलाको चिसो पानीभन्दा चिसो छ कि तातो ?
6,"हन्‌” न0
"
6,"यसैगरी अर्को
"
6,पाउँछ ?
6,रचनालाई 'ल्यान्डस्केप पेन्टिङ' अर्थात्‌ भूदृश्य चित्र भनिन्छ ।
6,"गोलाकार, कोणकार, आयताकारबाट स्याउ, केरा, सुन्तला, मुला, गाजर जस्ता फलफूल
"
6,जनाउ घन्टी बज्छ।
6,तल दिड्डरका क्रियाकलाप गर्नुहोस्‌ ।
6,"बुबाले लुकाएर दिएको खानेक्रा लुगाफाटो
"
6,"24 का अपतवर्त्यहरू 24, 48, ...
"
6,"भएको के रहेछ भने उनीहरूको क्‌लपूजामा बलि दिनुपर्ने मानिस अङ्गभङ्ग नभएको हुनुपर्ने रहेछ तर
"
6,(झ) कोलाज भनेको के हो ?
6,"त्यस्तै, 7 र 8 का बिचमा 73छरयो ४8 भन्दा
"
6,"आजीविका : जीवन निवहिका लागि गरिने कास
"
6,"सागाजिक अध्ययन तथा मातबपूल्य शिक्षा कम्षा-£
"
6,"जस्तै : ख्याली, चुट्का, तामाङ सेलो आदि
"
6,"उनले दार्जिलिङकै टर्नबुल विद्यालयबाट प्रारम्भिक शिक्षा हासिल
"
6,शक्तिशाली चुम्बकको चुम्बकीय क्षेत्र टाढासम्म हुन्छ भने कमजोर चुम्बकको चुम्बकीय क्षेत्र नजिकसम्म मात्र हुन्छ ।
6,रहेछ | १६ कक्षा विज्ञान तथा प्रविधि 2. 1m?
6,"पाठयपुस्तकलाई
"
6,र 6mn?
6,"र १ बाट चापहरू खिच्नुहोस्‌ र काटिरुको बिन्दुलाई
"
6,कक्षाकोठामा प्रस्तुत गर्नुहोस् | ॥
6,"जति फुटकर कविताहरू
"
6,"गृणस्तरीय जीवन
"
6,(ण) रुउटा कोण 1) च्‌ 909 भस्को त्रिभुज 1 थप खिच्नुहोस्‌ ।
6,"पँध्वेरो - खानेपानी लिन जाने कुबा, धारो
"
6,बस्छन्‌ ।
6,"नमस्कार, हाम्रो समूहलाई समुदाय र समाजबिचका भिन्नता पहिचान गरी प्रस्तुत गर्न
"
6,बस्छौ ।
6,"उदाहरणका लाणि चिनी र पानीको घोलमा चिनी घुलित पदार्थ हो भने पानी घोलक पदार्थ
"
6,(ख) घरेलु उद्योगको परिभाषा दिई यसको महत्त्वसमेत उल्लेख गर्नुहोस्‌ ।
6,"(इ) बेलायत (ई) चीन
"
6,"अपरेटर - मेतिन यन्त्र आदि चलाउने ब्यक्ति
"
6,"जीवहरू मरेपछि यिनको शरीर कुहारुर माटामा मिलाउने जीव पनि त्यहाँ पाइन्छन्‌, जसलाई
"
6,"जरा, काण्ड, पात, जरा विकास
"
6,"उपयोग न्यूनीकरण गर्ने
"
6,| | | | | | | fT [| po [ABT २०८ | 18.1 अक्षहरू र चतुथाँशहरू (Axes and quadrant) सँगैको चित्र ग्राफ बोर्डको चित्र Y हो | यसको अध्ययन गर्नुहोस् ।
6,यिनीहरूको शरीरमा भरुको ढाडले जिउको भार थाम्दछ ।
6,अभियानलाई निरन्तरता दिन सजिलो भएको थियो ।
7,(अ) बल्बको उज्यालोपना बढाउन यस किसिमको समूहीकरण उपयोगी हुन्छ ।
7,निम्तलिखितमध्ये कुन चाहिँ हुन्छ ?
7,त्यस दिन विद्यालयबाट घर फर्कनेबित्तिकै बुबाले ‘Tat त आज मेरो are काटिदियो' भन्नुभयो ।
7,"क पना जय स- ति
"
7,बुबाको प्रेरणा पाएपछि मैले गीत गाउन थालेको हुँ ।
7,"$९6) भन्नाले एउटा प्रयोजनका लागि प्रयोग गरिसकेका वस्तुलाई नफाली
"
7,"खोल्दै हुनुहुन्छ भने तपाईँका अभिभावक वा नजिकको विश्वासिलो मानिसको 611911
"
7,१5 4 3 2 7 5|गाजाजाजर रर जाला ही 2 3 a] 5 (ख) पहिला समूह A का साथीले समूह B का साथीलाई कुनै बिन्दुको निर्देशाङ्कका आधारमा उक्त बिन्दुमा उभिन भन्नुहोस् ।
7,"उनको अझै एउटा
"
7,(ग) यसो गर्दैगर्दा पुरै श्वास नाकबाट निकालेर खुट्टालाई बिस्तारै सिधा पार्नुहोस् ।
7,"(ख) बलिङ (3007)
"
7,हिलियमको परमाणुसँग तुलना गर्दै कक्षामा छलफल गर्नुहोस्‌ ।
7,हामीलाई पानी चिसो लाग्छ ।
7,"2, रू) ३. 1.251 4. 30दित 5.51
"
7,” उमा वाक्क भई | “भोलि त शनिबार ।
7,इन्क्लुजन (1110105101) भनिन्छ ।
7,"त्यही
"
7,सामान्यतया बिरुवाको जमिन बाहिरको भागलाई काण्ड भनिन्छ ।
7,6. तल चित्रमा दिइएको आँकडालाई स्प्रेडसिटमा भर्नुहोस् ।
7,(ख) यदि 5% नाफा गर्ने हो भने बाँकी अन्डालाई कुन दरमा बेच्नुपर्ला ?
7,Le. 0 ।
7,यसले गर्दा नयाँ भूस्वरूप देखा पर्छन्‌ ।
7,4. फरक छुदयाउनुहोस् : (क) रासायनिक परिवर्तन र भौतिक परिवर्तन (ख) तत्त्व र यौगिक विज्ञान तथा प्रविधि. कक्षा १९९ (ग) घनत्व र सापेक्षिक घनत्व 5. कारण दिनुहोस् : (क) शुद्ध पानीमा अन्डा डुब्छ तर नुन पानीमा उत्रन्छ ।
7,"13 40 हुँदा, भाज्यको वास्तविक मान 4 (2474. 25) = 40247 x 40 + 25 = 1905 भागफलको वास्तविक मान =x+4=40+4=44 ।"
7,"चित्रमा दिइएको आयत ७0२५ को लम्बाइ (४ २) एकाइ
"
7,एउटा राम्रो घर बनाउँभन्दा नसक्ने स्थितिमा पनि उनी छैनन्‌ ।
7,"गर्नुहोस्‌ र निष्कर्ष कक्षामा प्रस्तुत गर्नुहोस्‌ :
"
7,"उक्त कोणको बिन्दु 8 बाट
"
7,"(अ) यस्तो अवस्थामा घाइतेलाई सुरक्षित
"
7,अभिभावक वा साथीसँग सोधेर लेख्नुहोस्‌ ।
7,"बराबर भाग लगाउँदा,
"
7,निस्कन्छन्‌ जसमा नि स्वर निस्कने प्वाललाई आधा मात्र खोल्नुपर्छ ।
7,किकिङ सिपको प्रयोग गरिन्छ ।
7,उपयोगिता (Uses) (क) सुन गहना बनाउन प्रयोग गरिन्छ ।
7,"गरेर सहजै प्रयोग गर्न सकिन्छ भने अन्य सफ्टवेयरहरू शुल्क तिरेर प्रयोग गर्न मिल्ने
"
7,"(ङ) तपाईँको विद्यालयलाई शान्ति क्षेत्र कायम गर्न के के गरिएको छ, लेख्नुहोस्‌ ।"
7,"(अ) यसले युरिया, युरिक एसिड, एमोनिया, पोटासियम आदिको निष्कासन गर्छ ।"
7,"=a°+2ab+ b* गगिह ar ७ गुणन गरेर हेर्दा, (a+b)?"
7,"अत; भागफल 5 4% "" 3)/
"
7,"शरद्‌ असोज, कात्तिक ।"
7,"कोशीटप्पु क्षेत्र नेपालको प्रमुख
"
7,कागजका टुक्राहरूबाट हेर्नुहोस् ।
7,गगिलु कक्षा ७ लेखाचित्रमा माथिका क्रमजोडालाई प्रस्तुत गर्दा सबै क्रमजोडाहरू एउटै सरल रेखामा पर्छन् ।
7,(ग) आमालाई सिर्जनाकी मूल किन भनिएको हो ?
7,"तीनदेखि एघार दिनभित्र
"
7,10. त्यसपछि $01661 मा देखिने £00$12 का विभिन्न सेवामध्ये (01191] मा जानुहोस्‌ ।
7,प्राप्त गरी दोहोरो संवाद वा छलफल गर्न सक्छौँ ।
7,(ग) जीवनीको भाषा जटिल हुनुपर्छ ।
7,हारि : करेन्ट लागेको थाहा पाउनासाथ विद्युत्को मुख्य स्विच बन्द गर्नुपर्छ | करेन्ट लागेका व्यक्तिलाई तारबाट छुटाउन सुख्खा काठ वा लट्टीको प्रयोग गर्नुपर्छ ।
7,"हि Google 4. विवरण भर्दै जादा user Subash, welcome to Google name यदि अरू कसैले १ तल क 0 कने पहिले नै प्रयोग गरेको भएमा se - oa नगरेको वा त्यहाँ systema com suggestion मा दिएका बक जि ना मध्ये कुनै user name कम = 5. Password राख्ने ठाउँमा Why we ask for this information पासवर्ड राख्दा letter बक (a-z), number (0-9) र चित्र 2.14 special character (#, @ ,%,&,*) मिलाएर strong password राख्नुहोस्।"
7,महत्त्वका बारेमा धेरै कुरा बताउनुभयो ।
7,महिलालाई थप पिल्स वितरणका कार्य गरिएका छन्‌ ।
7,यसको एस आइ एकाइ मिटर (0) हो ।
7,“कित र उमा ?
7,"यो प्रक्रियामा रासायनिक र भौतिक
"
7,"(इ) ट्रान्सभर्स तरङ्ग (ई) लङ्कगिच्युडिनल तरङ्ग
"
7,"उनको
"
7,अँध्यारोमा रङको अनुभूति पनि गर्न सकिँदैन ।
7,"देखिएका
"
7,"(च) बल्बको उज्यालोपना बढाउनुपच्यो भने तपाईँ सेलको कुन प्रकारको जडान
"
7,"उद्देश्य : ताप प्रसारणको दिशा पत्ता लगाउनु की हि ता ७""
"
7,पानी फाल्दा ट्याङ्की पूर्ण रूपले खाली हुन्छ पत्ता लगाउनुहोस्‌ ।
7,"दोख्रो चरणमा हाई किकिङ गरी
"
7,& पाठमा पहिलो वक्ताले भनेको अन्तिम अनुच्छेदको सार लेख्नुहोस् | ७. अपाङ्गताप्रति हाम्रो दायित्व' शीर्षकमा वक्तृत्वकला प्रतियोगितामा भाग लिनका लागि आवश्यक मुख्य मुख्य बुँदा तयार पार्नुहोस् ।
7,"त्यसैले संविधानलाई देशको मूल कानुन
"
7,__ रब्दभण्डार ] ॥
7,उक्त ग्रहणको चित्र बनाई नामाङ्कन गर्नुहोस् ।
7,"/ बाट बिन्दु € र बिन्दु € बाट बिन्दु 0
"
7,रन लिन सहज हुन्छ ।
7,"धुर. नेपाली, कक्षा ७ (ङ) विद्यार्थी कलमले लेख्छन् ।"
7,"नियोजन सङ्घ, स्वास्थ्य सङ्घसंस्थालगायत गैरसरकारी संस्थाहरूले पनि जनसङ्ख्या
"
7,शास्त्रअनुसार स्वरहरूका नियमित वर्ण समूहलाई अलङ्कार भनिन्छ ।
7,"(ओ) धर्म निरपेक्षता : सबै तागरिकले मान्ने धर्मको सम्मान गर्दै नेपाललाई धर्म निरपेक्ष
"
7,वेलामा आकार र रङ फेरिरहेको थियो ।
7,(क) आयतका सबै कोणहरू 90” का हुन्छन्‌ ।
7,", ‘ अंश र हरको छुटटाछुट्टै वर्गमूल निकाल्नु -22223 पर्दछ ।"
7,"ढुङ्गाको पिण्ड (11) - 5000 1(8
"
7,"स्वास्थ्य, शारीरिक तथा यिर्जवात्मक कला, कक्षा ७ ip (a) कण्ठ (Pharynx) कण्ठ पाचन प्रणाली तथा श्वासप्रश्वास प्रणालीको साझा अङ्ग हो ।"
7,जाँदाजाँदै खेतको एउटा कुनामा दिउँसै स्याल कराइरहेको उनीहरूले सुने ।
7,"रूपमा प्रयोग गर्ने, पेयपदार्थका प्लास्टिकका बोतललाई काटेर गमला बनाई प्रयोग
"
7,विचारको आदानप्रदान मानिसले मात्र नभई पशुपन्छीले पनि गर्छन् ।
7,"राम्रो क्रालाई जाँच्नुपर्दैन
"
7,यसलाई ज्वालामुखी भनिन्छ ।
7,फलामको घनत्व ()) - ?
7,छात्राछात्र गरी कार्यक्रममा २० जनाको सहभागिता थियो ।
7,"विश्वका अधिकतम उचाइ
"
7,"त्यसैले कक 4 "" ।"
7,) 515 cm चौडाइ (0) 57 cm उचाइ (h) 5 301) ज्यामिति बाकसको पूरा सतहको क्षेत्रफल (A) = ?
7,"६. 'आबोध' पाठको पहिलोदेखि चौथो अनुच्छेदबाट चारओटा प्रश्न बनाई तिनको
"
7,समूह NTE दुवैका पहिलो सदस्य अर्थात् सुरुको सदस्य थाहा छ तर अन्तिम सदस्यहरू थाहा छैनन् ।
7,"एक जना वयस्क व्यक्तिको मूत्रथैलीमा करिब ८००-१०००
"
7,स्वास्थकर खाजा लिएर आउनुहोला ।
7,"मटाने माइलो दुवै छोरालाई साथमा
"
7,"महागुरु फाल्गुनन्द लिङदेनको जन्म नेपालको इलाम जिल्लाको
"
7,(ख) के रेखा 68 र रेखा /'४' उस्तै र उत्रै छन्‌ ?
7,भने के गर्नुहुन्छ ?
7,गइरहेको छु ।
7,"यो नाच पश्चिम नेपालका पाल्पा, नवलपरासी, तनहुँ, स्याङजा, लम्जुङ र गोर्खा जिल्लामा प्रचलित छ।"
7,"यसरी उनको
"
7,"£026:45:544:40500:50 7: 4५ शरीर (सपा41 30०२)
"
7,"क्रमशः 74, 4, 17
"
7,ज्योतिले रु. 2500 मा किनेको एउटा विद्युतीय हिटरलाई 10% नाफामा बेच्ने सोच गरिन्‌ ।
7,८.३ बास्केटबल (Basketball) आयताकार कोर्टमा पाँच पाँच जना खेलाडीहरू बिचमा एक समूहले अर्को समूहको बास्केटभित्र बललाई छिराएर खेलिने खेललाई बास्केट बल खेल भनिन्छ | यो खेल १०/१० मिनेटको चार चरणमा खेलिन्छ ।
7,"लन a, 2. के तपाईँ पनि यसरी नै कक्षाकोठामा वा & कम्प्युटर प्रयोगशालामा पढ्नुहुन्छ ?"
7,२. तल दिइएका वाक्य पढ्नुहोस् र रातो रङ लगाइएका शब्दको कारक र विभक्ति पहिचान गरी लेख्नुहोस् : (क) म विद्यालय जान्छु ।
7,(क) किताब पढ्दा निबन्धकारको मनमा कस्ता विचार उत्पन्न हुन्थे ?
7,"सामाजिक अध्ययन तषा मानब मूल्य शिक्षा कम्षा उ
"
7,सिप अत्यावश्यक हुन्छ ।
7,"विद्यालयमा पनि बालक्लब स्थापना भई बचत
"
7,"नगरपालिकाका अनुसार
"
7,4. तालिका पूरा गर्नुहोस् : १. सूर्यबाट सबैभन्दा टाढाको ग्रह PO pO Po गा | ।
7,"क माइलो सन्तान भएकाले गाउँलेहरू
"
7,” नभन्दै लव पौडिन सिके ।
7,"यसमा सम्बन्धित प्रदेशबाट प्रतिनिधि सभामा पहिलो हुने निर्वाचित हुने
"
7,"पहिलो वक्ताले बोलेका विषयवस्तुलाई अर्को वक्ताले दोहोस्याउनु राम्रो मानिँदैन | ज्येष्ठ नागरिकप्रति हाम्रो दायित्व' विषयमा तयार पारिएको प्रस्तुत वक्तृता पाठ पढौँ : KO नेपाली, कक्षा ७ १३) ज्येष्ठ नागरिकप्रति हाम्रो दायित्व [7 चक, छ) a4 | ye ‘ - (आज अन्तर्राष्ट्रिय ज्येष्ठ नागरिक दिवस हो ।"
7,यहि गुणनफल नै दिइएका सङ्ख्याहरूको ल.स. हुन्छ ।
7,अझ उत्साहित छ्‌ ।
7,"(क) (-3) - (4) (ख) (-4) - (-3)
"
7,"पुरुष छ
"
7,"करा जि हद ला 1800170 १
"
7,उनी पढाइका साथै अतिरिक्त क्रियाकलापमा पनि रुचि राख्छन् ।
7,(ई) Qa काम लेख्नुहोस् | (उ) अक्सिजन र कार्बन डाइअक्साइडको साटफेर कुन भागमा हुन्छ ?
7,"पट्याइएको भागलाई यथावत्‌ राखी पुनः अर्को तिरबाट
"
7,"7. तलका प्रश्नको उत्तर कारणसहित लेख्नुहोस्‌ :
"
7,सिकाइ प्रक्रिया हो ।
7,"पृथ्वीनारायण शाह राजा भएको समयमा नेपाल आजको
"
7,"उदाहरण 2 125 ओटा सुन्तला, 150 ओटा मौसम र 225 ओटा अम्बा बढीमा कति विद्यार्थीलाई बराबर गरी बाँड्न सकिन्छ ?"
7,(ग) यसका कतिओटा सतहहरू छन् ?
7,"शब्दार्थ शेष 2 बाँकी रहेको गौरव 2 Were हुताको अवस्था लतावृक्ष 2 लहरा T Ce वर्तकी 2 बाच्ने पेसा थएकी स्त्री, अभिनेत्री तुल्य : बराबर) FATT काइवा 2 ठुला पात र फूल धेरैजयो झ्रिसकेपछि रहलपहल रहेका सावा पात र फूल चिउला 2 टुसा, Far प्रमदा 2 सुन्दर स्त्री नेपाली, कक्षा ७ aC २. प्रत्येक पुष्पको रूप रेखा रङ्ग अनेक छ तर सौन्दर्यको ज्योति उनमा भित्र एक छ।"
7,आफ्नो साथीलाई a २» ब्याटन दिनुपर्छ | ४००१८४ मिटरको रिले दौडमा प्रत्येक धावकले ४०० मिटरको दुरी दौडँदै ब्याटन आफ्नो साथीलाई पास गर्नुपर्छ | ब्याटन दिन तथा लिनका लागि २० मिटरको क्षेत्र कायम गरिएको हुन्छ ।
7,(ज) गुणस्तरीय वस्तु वा सेवा उत्पादन र बिक्री वितरण गरौँ ।
7,"तलका प्रश्नको सही विकल्पमा ठिक चिहन (५) लगाउनुहोस्‌ :
"
7,जीवनमा उतार्ने प्रयास गर्न थाले ।
7,(क) समूह & र समूह 8 लाई सूचीकरण र समूह निर्माण विधिमा लेख्नुहोस्‌ ।
7,"वनजङगल, जीवजनावर आदि
"
7,"योगदानले गर्दा खस भाषा नेपालको राष्ट्रभाषा बन्त सफल भएको
"
7,घडीले सात बजाइसकेको रहेछ ।
7,उती भोकाएर एक्कासि रुन थालिन्‌ ।
7,"(घ) योगी नरहरिनाथ
"
7,"जुन देशको
"
7,"२०७८ असोज ३ गते आइतबार
"
7,"(ख) सूर्य ग्रहण (5019 1:0111056)
"
7,"यसरी खानामा रहेका अघुलनशील
"
7,"केही पातहरू बाक्ला र विशेष प्रकारका हुन्छन्‌ भने केही बिरुवामा यिनीहरू
"
7,जेजुनम (]6]0110111) सानो आन्द्राको बिचको भाग हो ।
7,"ठोस वस्तुहरू बिन्दुहरूको
"
7,क्रियाकलाप ७.१ सर्वप्रथम शरीर तताउने कसरत राम्रोसँग गर्नुहोस् ।
7,"( गगपाट परिकलाना
"
7,"कर्जा सङ्कटलाई कम गर्नका लागि
"
7,(इ) चटयाङ पर्नु भनेको कुनै रुख वा अग्लो वस्तु वा घर वा जमिनमा विद्युत् चार्जको डिस्चार्ज हुनु हो | (ई) विद्युत् चार्जयुम्त बादल कुनै घरको माथि नजिकै आइपुग्यो भने यसले घरको माथिल्लो भागलाई पनि विद्युत् चार्ज युक्त बनाइदिन्छ ।
7,"(उ) सूर्य, पृथ्वी र चन्द्रमा मध्ये सूर्यमात्र दीप्त वस्तु हुनु
"
7,एउटा पूर्णाङक (+7) भए अर्को पूर्णाङक पत्ता लगाउनुहोस् ।
7,(ख) झमक खुट्टाले कलम समाएर लेख्थिन्‌ ।
7,जनसङ्ख्या नेपालको कुल जनसङ्ख्याको २०.९ प्रतिशत रहेको छ ।
7,को को जिज्ञासु स्वभावका छन् ?
7,तपाइँको वरपरको अहिलेको तापक्रम कति होला ?
7,"कालिज, सुगालगायत पन्छी देखे ।"
7,"५०110€15)
"
7,एम्प्लिच्युडलाई सङ्केत ४ ले जनाइन्छ ।
7,"आइतबार | सोमबार | मङ्कगलबार | बुधबार
"
7,पढ्ने पुस्तक कम्प्युटरमा नै थियो ।
7,"नेपालमा बर्सेनि हुने भूक्षयबाट ठुलो मात्रामा
"
7,"“होइन भाइ, तिमीले गाउँघरका सबैलाई निम्तो दिएका थिएनौ ?"
7,ती साधनहरूलाई के के काममा प्रयोग गर्नुभएको वा गरेको दे ख्नुभएको छ ?
7,"उपलब्धिमा लोभिएर होला, मलाई पनि प्राकृतिक सौन्दर्यले सजिएका रमणीय
"
7,(क) सुमनले खाएको स्याउको भागलाई भिन्नमा लेख्नुहोस् ।
7,(क) बुध (Mercury) ; यो ग्रह सबैभन्दा सानो र सूर्यबाट सबैभन्दा नजिकको ग्रह हो।
7,"तारा र ग्रह
"
7,उमेरमा दुई वर्षको मात्र फरक थियो ।
7,तापक्रम (४0) |... उ ।
7,३.4 पूर्णाङ्कको गुणन [(४01000॥
7,शुभकामना छ भन्दै शुभेच्छा प्रकट गर्छन्‌ ।
7,वाच्य हो ।
7,स्थानान्तरणलाई गति (४610019) र समयको (॥
7,किन ?
7,नाफा (0) 5 विक्रय मूल्य (5618 |011८€) - क्रय मूल्य (८09 0166) हुन्छ ।
7,"5. अब भाजक 8 को दायाँपट्टि कुनै अङ्क थप्नुपर्छ, थप्दा बनेको सङ्ख्यालाई थपिएको अङ्कले नै गुणन गर्दा भाज्य (164) यो हिसाबमा अङ्क २ थपेर हिसाब गर्दा मिल्छ ।"
7,सबै तरकारीको मात्राको जोड त्यसभन्दा तलको elas ee SoM tac cell 38 मा आउनेछ।
7,"काजकिस्तान, उज्वेकिस्तान्त, ताजकिस्तात,
"
7,दया १ एल्भिओलस्को वरपर क्यापिलरीमा / ॥
7,"तत्त्वहरू ठोस, तरल वा ग्यास अवस्थामा पाइन्छन् ।"
7,"(भानु, जुनार, बेली) (ख) बोडीको समावेशक शब्द ............... हो ।"
7,"यसैले गर्दा त्यहाँका
"
7,"पुथिवी छिन्‌ सुगारङ्गी पिपिराहरुले गरी
"
7,हामीले आफ्ना बालबालिकालाई प्रकृति र वातावरणमा रम्न सिकाउनुपर्छ ।
7,"अभ्यासका क्रममा केही
"
7,"बजारमा सामान किन्न जाँदा
"
7,"ज्येष्ठ नागरिक परिवार, समाज र राष्ट्रका गहना हुन् ।"
7,मातृस्नेहबाट उनी वञ्चित हुन पुगे ।
7,क्रियाकलाप ८.११ पो 15m k R 2m छ & सबै जना राम्रोसँग जिउ तताएर दुई बराबर सङ्ख्याको समूह बनाउनुहोस् ।
7,"उपयुक्त सङ्ख्यामा विद्यार्थीको समूह बनाउनुहोस्‌ र प्रत्येक
"
7,"3,4, 6 2| 1,4, 2 1,2, 1 “0. =2x3x3x2x2 =72 प्रश्नअनुसार, आवश्यक सङ्ख्या 5५ मानौँ | x-5 =72 AIA xX =724+5 अथवा x = 77 अत: आवश्यक सङख्या 77 हो।"
7,(ख) हामीले बालबालिकालाई केसँग रम्न सिकाउनुपर्छ ?
7,")00100 नि 2 a १ e दै ०७१” पताक शिखर सूची अलपदम स्वास्थ्य, शारीरिक तथा RAAT कला कक्षा ७ eg (ख) शिखर यो मुद्रा कामदेव, धनुष पकडिएको अवस्था, प्रश्न सोध्न, आलिङ्गन आदि भावमा प्रयोग गरिन्छ ।"
7,"यो कुरा उसले अरु साथीहरूलाई भनेको थिएन | बिस्तारै उसले साथीहरूलाई पनि sre लिन कर गर्न थाल्यो | समूहका अरू साथीले उसले प्रयोग गरेको सिरिन्जबाट ड्रग्स लिन थाले | कुलतमा फसेपछि उनीहरूलाई पैसाको अभाव हुन थाल्यो | फलस्वरूप उनीहरूले सामान चोर्ने, झैझगडा गर्ने पनि गर्न थाले ।"
7,"प्राथमिक उपचारको रूपमा मर्केको जोर्नीलाई नचलाई आरामसँग राख्ने, पानीपद्टी वा बरफले सेक्ने, जोर्नीमा पट्टी बाँध्नुपर्ने कुरा पनि उहाँले सिकाउनुभयो | क्रियाकलाप ४.७ १ प्रेम के कारणले लडेका होलान् ?"
7,आङ उठ ।
7,त्यस्तै व्यक्तित्व विकास गर्न अभिप्रेरणा प्राप्त हुन्छ ।
7,(ग) पासाङका बुबा र रामलखनका बुबाबिचको सम्बन्ध कस्तो थियो ?
7,"आफ्नो घर वरिपरि भएका घनाकार वस्तुको सङ्कलन गरी तितीहरूको आयतन
"
7,"सेवा गर्ने प्रण गर्दै आमालाई चिन्ता नलिई बस्न अनुरोध गरी फोन राख्न अनुमति
"
7,"कति, पिराहा, वार्षिक, निर्लज्ज, खरिदार, हार्दिक, लिन्छन्‌, अधिकार,
"
7,चौदन्डी राज्य बने ।
7,"तित्तीहरूको विद्यमान भौतिक अवस्थालाई सुधार गर्दै ज्येष्ठ नागरिक
"
7,"« [3202- 2 2८ तीन २८ ३ 0 दो
"
7,21.2 बहस्तम्भ चित्र [४010४0।
7,"तार
"
7,"बिउ, मलजल, गोडमेल, उर्वर माटो, घामपानी आदिको आवश्यकता पर्छ ।"
7,ती कलमका बान्कीसँग खुसीका रङ पोखिँदै थिए ।
7,सङ्कख्या घट्दा मूल्य पनि घटेको देख्न सकिन्छ ।
7,"रहेको रगतले हावाबाट अक्सिजन
"
7,"प्रधानाध्यापकले र अभिभावकले उहाँलाई यस्ता क्रियाकलाप नगर्न
"
7,"नासा काफल पाय 7
"
7,"विवेक :
"
7,"सूर्य, चन्द्रमा र पृथ्वी एउटै सरल रेखामा परेमा ग्रहण लाग्छ ।"
7,"B Vy / (ख) यसलाई मिश्रित धातु (पित्तल, ata) बनाउन प्रयोग = गरिन्छ ।"
7,केही पत्रे चट्टानमा जीवावशेष (0551]) पाइन्छ ।
7,"मानिसले सजिलैसँग सेवा सुविधा लिन कठिन
"
7,(ग) हामीले मान्दा | सौर्य वर्षलाई 365 दिन मान्छौं जुन वास्तविक सौर्य वर्षको दिनभन्दा 0.25 दिन कम हुन्छ।
7,"वहीँ जन्म्याको वहीँ हुर्क्याको झल्का झल्का झल्का हिमाल
"
7,(y Al कु \4 Z . (अ) यी अङ्ग समूहको काम के हो ?
7,"लागि प्रकृति र वातावरणलाई नजिकबाट हेर्ने, अध्ययन गर्ने वा भ्रमण गर्ने अवसर उनीहरूलाई
"
7,यसले बिस्तारै जमिन कमजोर बनाउँछ ।
7,"प्रकाशका समानान्तर किरणहरू कुनै खस्रो वा असमलत सतहमा ठक्कर खाएर विभिन्न
"
7,तल तालिकामा भर्नुहोस् र कक्षामा छलफल गर्नुहोस् | स्थान (Place) न्यूनीकरण (Reduce) पुनःप्रयोग (Reuse) | पुनः चक्रण (Recycle) a ।
7,"स्थानसम्म दुई तरिकाबाट प्रसारण
"
7,1 जुल प्रतिसेकेन्डलाई | वाट पनि भनिन्छ ।
7,बिरुवालाई केहीबेर ओइलाउन दिनुहोस्‌ ।
7,"कथित कमा ७
"
7,"सगरमाथा विजय गर्ने यही देशका हुन्‌ सपूत
"
7,भएकी थिइन्‌ ।
7,"खक ह्वास्थ्य शारीरिक तया तिर्जनातसक केला कक्षा ७
"
7,चिसो त्र 8. वाष्पकणहरू मिलेर बादल बनेको Ss | चिसो बादलमा 68 पानीका ससाना थोपाहरू हुन्छन् | पानीका यी ससाना थोपाहरू बिस्तारै तलतिर भर्छन् | तलतिरको तापले तातो हावा वाष्पीकरण भई माथितिर जान्छ ।
7,अहिले यसलाई जीणोद्धार गरिएको छ ।
7,"तथापि पूर्वमा त्रिशूली,
"
7,"2. विपरीत गुण (४९५९ 002१)
"
7,"यहाँ 15 सम्मका प्राकृतिक सङ्ख्याहरूको समूह (N) = {1, 2, 3, 4, 5, 6, 7, 8, 9, 10, 11, 12, 13, 14, 15] मा माथिका सबै समूहहरू छलफलमा आउन सक्छन् ।"
7,"सिसाकलमबाट चित्र निमार्ण गरिसकेपछि छाया दिन
"
7,"र चित्र बताई लक्षणहरूको सूची तयार गर्दुहोस्‌ :
"
7,"राज्य र समाजले पनि
"
7,(घ) उपभोक्ताको अधिकारलाई किन मौलिक हकका रूपमा राखिएको होला ?
7,(ख) स्याउको रसमा देखिने परिवर्तन तलका मध्ये कुन हो ?
7,"२. तालिकामा आधारित भई आफ्नो मूल्याङकन गर्नुहोस्‌ :
"
7,(ख) ससुराले बुहारीलाई Het Tass विचार गरे ?
7,"उनीहरू जङ्गलबाट प्राप्त हुने
"
7,": 5 (सयपत्री, गुलाफ, गुराँस] छ भने
"
7,(०० + b?
7,"""नुखजा कलको क उ ककल
"
7,(अ) यो सेलको कुन प्रकारको समूहीकरण हो ?
7,"(घ) साझा र बाँकी रूढ गुणनखण्डहरूको गुणनफल निकाल्नुहोस् | (ङ) उक्त गुणनफललाई के भनिन्छ, निष्कर्ष लेख्नुहोस् ।"
7,हुन्छ जसले साइटोप्लाज्म र न्युक्लियसलाई घेरेर राखेको हुन्छ ।
7,मैत्री बनाई सुधार गरिनु समाज र राष्ट्रको दायित्व हो ।
7,"जिन्दगानी रहेसम्म आँखाले देख्न पाउलान्‌
"
7,तलका आनुपातिक सङ्ख्याको विशेषताको अवलोकन गरी छलफल गर्नुहोस्‌ ।
7,अत: ZPAS% ZRAQ वा ZPAR® ZQAS जोडा शिर्षाभिमुख रि ० कोणहरू हुन् ।
7,तर्क 2: आग्नेय चट्टान सबैभन्दा पुरानो चट्टान हो ।
7,लोकगीतमा यसको प्रयोग धेरै हुने गर्छ ।
7,"चाडपर्वमा गाइने, [विभिन्न परिस्थितिमा
"
7,क्षेत्रफल (४) - 376 ता?
7,यसलाई मनसुनी वर्षा भनिन्छ ।
7,"चिसो क्षेत्रमा बसोबास गर्ने मानिसहरू चिसोबाट बच्न निरन्तर तातोपानी र चिया पिउने,
"
7,गर्न र ठुलालाई आदर गर्न सिकाउँछ ।
7,अर्थात पाउ भनिन्छ ।
7,कम लागत र वर्षायाममा तरकारीलाई पानीबाट जोगाई उत्पादन लिन सकिने पाँचदेखि छ मिटर चौडाइ तथा १२ देखि २५ मिटरसम्म लम्बाइ भएका टनेल अस्थायी हुन् ।
7,| ।
7,"साथीहरूले मनाउने गरेका मुख्य मुख्य चाडपर्वहरू र मनाइने समय चार्टपेपरमा
"
7,सबैलाई जीवन दिन्छ ।
7,आयोजनाको सूची बताई तित्तको क्षमता तालिकामा प्रस्तुत गर्नुहोस्‌ ।
7,"८-0 क्-३32
"
7,धन नहुनेले धनको इच्छा गर्नु स्वाभाविकै हो तर त्यसलाई प्राप्त गर्न मिहिनेत गर्नुपर्छ भन्ने He हामीले बिर्सनुहुँदैन | घर नहुने मानिसले एउटा बास बनाउन खोज्नु स्वाभाविकै हो ।
7,"त्यहाँ अरनिको र उतका
"
7,"|उदाहरण 3 ३-२2%८9 हल गरी सङ्ख्या रेखामा देखाउनुहोस् : समाधान यहाँ ३-२2%४२9 अथवा —3+3-2x<9-3 [दुवैतिर ३ घटाउँदा) अथवा —2x <6 अथवा ae > क [दुवैतिर -2 ले भाग गर्दा ] अथवा x >-3 यसलाई सङ्ख्या रेखामा देखाउँदा, - - -4 -3 -2 -10 1 2?"
7,"पविह बआ७
"
7,एन्डोकार्प भित्र बिउहरू रहेका हुन्छन् ।
7,"(ख) बिन्दु 0 मा कम्पासको सियो राखी 002 अर्धव्यास बराबरको नाप लिएर चाप
"
7,जनप्रतिनिधिलाई खबर गर्नुपर्छ ।
7,जनतासँग सल्लाह लिन्थे ।
7,लामो बनाइ आफूनो आवश्यकताअनुसार चित्रमा देखाए जस्तै माटाका डोरी (coil) बनाउनुपर्छ | > Ss ३. माटाका क्वायललाई अगाडि बनाएर राखेका पाताको (slab) छेउ छेउ भागमा वा वरिपरि घुमाउँदै खप्ट्याउदै माथितिर ल्याउनुपर्छ | क्वायलबिचमा सकिएमा अर्को क्वायल जोडन सकिन्छ ।
7,(ग) ८)को लम्बाइ कति होला ?
7,4. बिन्दुहरूलाई ग्राफमा प्रस्तुत गरी प्रत्येक बिन्दुलाई रेखाखण्डले जोड्नुपर्छ ।
7,"प्रायः गरी
"
7,"१८4 चूँ, 8:10 2 5315 5 कको
"
7,"भाइ पढाइमा भन्दा बढी मोबाइलमा अल्झिएर बस्छ” भनी लेख्नुभएको
"
7,"भूपि अत्यन्त मिलनसार, सरल र मृद्ुभाषी थिए ।"
7,नाक श्वासप्रश्वास प्रणालीको पहिलो अङ्ग हो ।
7,"खाना पकाउन
"
7,"संरचनाहरूको निर्माण र उपयोग गर्ने, आपतकालीन उद्धार उपचारका लागि
"
7,"सराङकोट डाँडाबाट माछापुच्छे र अन्नपूर्ण
"
7,चराचुरुङ्कगीका लागि पनि पाती उपलब्ध हुन्छ ।
7,"पा गभ्गास 162
"
7,अब 2२ र ८२05 मा साझा भुजा QR छ।
7,"भोकभोकै बसी आफू छाती चुस्न खटाउँछिन्‌
"
7,उपचारको कुरा बताइन्‌ ।
7,७9 ~ + (@) बलिङ (Bowling) बलरले बललाई औँलाहरूको उपयुक्त समन्वय मिलाएर ठिक तरिकाले समाती निर्धारित क्षेत्रबाट ब्याटिङ गर्ने ठाउँतिर जोडले फ्याँक्नुलाई बलिङ भनिन्छ | उपयुक्त तरिकाले बलिङ गर्नका लागि रन अप वा एप्रोच दौडले महत्त्वपूर्ण भूमिका खेल्छ ।
7,": 1) ग्याँस खनिज तेलको प्रशोधन गर्दा उत्पन्न हुने ग्याँस
"
7,"(आ) नादको उचो नि्ोपन (२110)
"
7,तिस्वलिखित प्रश्वका आधारमा कक्षामा छलफल गर्दुहोत्‌ ।
7,(ख) के इरेजरको स्थान
7,सबै प्रश्नको समाधान कक्षामा छलफल गर्नुहोस्‌ ।
7,"सिस्टम सफ्टवेटयरलाई कम्प्युटरको हार्डवेयर सञ्चालन गर्नका लागि बनाएको हुन्छ | यसलाई कम्प्युटरको महत्त्वपूर्ण अङ्गका रूपमा लिने गरिन्छ | सिस्टम सफ्टवेयरलाई operating system (OS) भनेर पनि चिनिन्छ | Windows , Mac OS, Android, aa विज्ञान तथा प्रविधि. कक्षा LINUX आदि केही सिस्टम सफ्टवेयर हुन् | एप्लिकेसन सफ्टवेयर (Application software) प्रयोगकर्ताले आफ्नो इच्छाअनुसार कम्प्युटरलाई सञ्चालन गर्नका लागि बनाएका सफ्टवेयरलाई एप्लिकेसन सफ्टवेयर भनिन्छ ।"
8,"कसैले शब्दले (कथा, कविता, निबन्ध आदि) आफना भावनालाई अभिव्यक्त गर्दछ भने त्यसलाई साहित्य भनिन्छ ।"
8,"कस्मामा रहेको बन्जी जम्पिङ
"
8,"प्रवेग - पापा
"
8,पत्ता लगाउनुहोस्‌ र उमेरअतुसारको तौल र उचाइ भए नभएको यकिन गर्ुहोस्‌ ।
8,यसको उपचारका लागि माछाको सम्पूर्ण भाग २ देखि ३ प्रतिशत नुनपानीको झोलमा ५ देखि १० मिनेटसम्म डुबाउनुपर्छ ।
8,"नेपालको तराई जस्तो गर्मी ठाउँमा हर्रो, बर्रो, अमला, राजवृक्ष, सर्पगन्धा, असुरो आदि जडीबुटीहरू पाइन्छ ।"
8,"द्वन्द्व प्रायः गरी दुई वा दुईभन्दा बढी समूहका वा व्यक्तिका बिचमा हुने
"
8,"यदि प्रिन्टर
"
8,यो शरीरमा छातीभित्र दुई फोक्सोका बिचमा रहेको कने हुन्छ ।
8,"एउटै दिशामा एउटै गतिले गइरहेका वस्तुको सापेक्षिक गति
"
8,BY aot सुनाइ पाठ ९२ राष्ट्र बैङक देशको मौद्रिक प्रणालीलाई सबल बनाउन केन्द्रीय बैङ्कको भूमिका हुन्छ | बैङ्क तथा वित्तीय संस्थाको गतिविधि नियमन गर्ने उद्देश्यले स्थापित सरकारी बैड्कलाई केन्द्रीय बैङ्क भनिन्छ | नेपालको केन्द्रीय बैङ्कलाई नेपाल राष्ट्र बैङ्क भनिन्छ ।
8,"ती त्रिभुजहरू बराबर
"
8,"स्वास्थ्य | शिक्षा तथा यातायात | सञ्चार तथा घरभाडा
"
8,"सुरक्षाका लागि धेरै सावधानीका नियमको पालना
"
8,घण्टाभित्र खानुपर्छ ।
8,त्यसैले यसको संरक्षण गर्न निम्नलिखित उपायहरू अपनाउन सकिन्छ : १. जङ्गल फँडानीलाई रोक्नुपर्दछ ।
8,"स्थानीय सरकारले विपतृपूर्व तयारी, उद्धार, राहत वितरण र पुर्नस्थापना जस्ता कार्यमा
"
8,"तथा आधुनिक गीत गजलहरू रचना गरेको पाइन्छ, जस्तैः लौ सुन म भन्छु मेरो राम
"
8,"एन्ड्रोसियममा यैला जस्ता '७७/%
"
8,"स्वीकार्य हुने वस्तुका रूपमा
"
8,उक्त दुरीलाई उचित दुरीमा रूपान्तरण गरी वास्तविक दुरीलाई नक्सामा प्रस्तुत गर्न सम्भव पार्ने मापनको तरिकालाई नै स्केल SEs (scale drawing) भनिन्छ | उदाहरणका लागि काठमाडौँदेखि पोखरासम्मको वास्तविक दुरी 200km छ ।
8,भलिबलमा प्रयोग हुने कुनै दुई आधारभूत सिपको नाम लेख्नुहोस्‌ ।
8,उक्त वृत्तचित्र प्रयोग गरी निम्नलिखित प्रश्नको ; 24% उत्तर TH : नेपाली (क) गणित विषय मनपर्ने विद्यार्थी सङ्ख्या कति होला ?
8,"उनले साझा पुरस्कार २०५३, छिन्नलता गीत पुरस्कार २०६३ आदि प्राप्त गरेका छन् ।"
8,"उनका पिता माधवराज जोशीलाई
"
8,"यस निकुञ्जमा बाघ, चितुवा, कृष्णसार, निलगाई, जरायो, चित्तल, लगुना, बारसिङ्गे, घडियाल गोही, मगर गोही, डल्फिन, जङ्गली हात्तीलगायत विभिन्न प्रजातिका चराहरू पाइन्छन् ।"
8,"यस्तो कडापन भएको पानीलाई लुगा धुने सोडा (सोडियम कार्बोनेट, (Na,CO,) सँग मिसाएर कडापन हटाउन सकिन्छ ।"
8,"यहाँ, 0 को दिशास्थिति = ZNPQ = 075° ZNPQ + ZPQN, = 180° [.. PN || QN,] or, 075°+ZPQN, = 180° or, ZPQN, = 180°-075° = 105° Q 075° "". 0 बाट P को दिशास्थिति = 360° - ZPQN, २ = 360° — 1052 = 2559 उदाहरण 2 यदि पोखराको महेन्द्रगुफाबाट के.आई.सिंह पुलको दिशास्थिति 1559"
8,अगाडिदेखि दौड सुरु गर्नुहोस्‌ ।
8,"” लौ, sate फेरि सर्प गायब भयो किनभने त्यो दुलाभित्र पस्यो | ४. दिइएका निपातलाई वाक्यमा प्रयोग गर्नुहोस् : रे, नि, त, पो, है, क्या, न, व्यारे y. पाँच पाँचओटा संयोजक र विस्मयादिबोधक पद प्रयोग गरी 'साथीलाई Teer’ शीर्षकमा मनोवाद लेख्नुहोस् | ६. दिइएको अनुच्छेदबाट 'ग्यँ', 'ज्ञ' प्रयोग भएका शब्द टिपोट गर्नुहोस् : बुबाले जाँतामा दुई फग्ल्याँटा पारेर मासको दाल पिँध्नुभयो ।"
8,"यसै प्रकारले तन्केको डोरीको एक छेउबाट झटकार्दा पनि
"
8,यो हर्मोनको € a = कारणले हुने नियमित जैविक प्रक्रिया i ° y = हो ।
8,उक्त अवसरमा AAT परम्पराअनुसार नाचगान गर्ने प्रचलन रहेको छ ।
8,"समयमै साथीभाई, शिक्षक र अभिभावकको आवश्यक सहयोग लिनुपर्छ ।"
8,"फ, ब, भ' वर्णभन्दा अगाडि 'म्' वर्ण प्रयोग भ,म डम्बर, सम्भव गरिन्छ | ।"
8,रहन गएको हो भन्ने क्रालाई पनि मान्न सकिन्छ ।
8,कवि हुन्‌ ।
8,"हाकिमसाहेब, “डल्ले खोलामा पुलका लागि गएको रकम पुरै हिनामिना भयो ।"
8,"प्राकृतिक
"
8,(अ) समतल ऐना [आ।
8,उपायहरू लेख्नुहोस्‌ ।
8,कुस्मा | 10 191] ।
8,"आर्थिक
"
8,"हरेक नागरिकलाई खाद्यसम्बन्धी हक प्रदान गरेको छ र खाद्यवस्तुको अभावमा जीवन
"
8,र गुरुत्व प्रवेग (१) को गृणनफलसँग बराबर हुन्छ ।
8,"पुरुषको रहेको र कूल जनसङ्ख्याको ५१.०४ प्रतिशत महिलाको रहेको पाइएको छ
"
8,"रहेको बालश्रम शोषणको न्यूनीकरण गर्न कस्ता कस्ता काम गर्नुपर्दछ सुझाव सङ्कलन
"
8,३. दुई गोडाले टेकअफ गर्न पाइँदैन ।
8,"ध्वत्ति प्रदूषणका असर
"
8,"यहाँको अर्थतन्त्र पर्यटन, मत्स्य व्यवसाय, डुङ्गा निर्माण तथा मर्मत
"
8,यो आठ मात्राले बनेको हुन्छ ।
8,"बिरुवाको नाम परागसेचनको प्रकार
"
8,"गाउँघरमा हुने
"
8,मिलेर बनेको छ ।
8,"लोक सङ्गीतसँग स्वतन्त्र अङ्ग मुद्रासहित प्रदर्शन गरी नाचिने
"
8,"प॒मग मगसा गसान्ि सा सा नि प ६1 छिकाट 1 बक.) हकर
"
8,"ता फा लरुू
"
8,"'्ख
"
8,"यो चार्ट हेरेपछि करिनालाई पुतर्जागररणको अर्थ, पुनर्जागरण हुनुभन्दा पहिलाको युरोपको
"
8,एकाइ १४ : सिलाइ arg | Ki पाठ १ सिलाइ मेसिनको परिचय हातले मात्र सिलाउँदा धेरै समय लाग्छ ।
8,सांनि ।
8,"सन्तुलित सामुदायिक
"
8,"यस आयोजना सम्पन्न
"
8,"हुनुका साथै वैदेशिक रोजगारबाट पुँजी, ज्ञान, सिप र प्रविधि नेपालमा भित्रिनु पनि यप
"
8,के यस्तो आकृति बनाउन सकिन्छ ?
8,"क्र विज्ञान तथा प्रविधि, कक्षा ८
"
8,पनि सामाजिक विकृतिलाई कम गर्दैन त ।
8,"0 रे ७० र्‌
"
8,+2x-15 (ढ) x?
8,"विज्चाल तथा प्रविधि, कक्षा ८
"
8,"समान चाल भएका वस्तुको गति निश्चित हुन्छ भने असमान चाल भएका वस्तुको गति
"
8,रसिदबाट लेजरमा सार्ने कामलाई पोस्टिङ भनिन्छ ।
8,(क) समूह / बाट बन्ने उपयुक्त उपसमूहहरू निर्माण गर्नुहोस्‌ ।
8,"राग भनेको ध्वनिको त्यो विशिष्ट रचना हो जुन स्वर र वर्णयुक्त सुन्दर हुन्छ र त्यसले
"
8,आपतकालीन सेवा प्रदान गरिन्‌ ।
8,रोग लाग्न सक्छन्‌ ।
8,रूपमा वा मुद्वणमार्फत पनि सूचना प्राप्त गर्न सकिन्छ ।
8,त्यसैले ३-४ महिना देखि Go महिनासम्मका बङ्गुरका मासुको गुणस्तर राम्रो मानिन्छ ।
8,(घ) भ्यागुते रोग : यो रोग लागेपछि बङ्गुरको घाँटी र जिब्रो सुनिई खान एवम् सास फेर्न असजिलो हुन्छ ।
8,घटी हुन्छ ।
8,(ग) कसको सुझावअनुसार समीक्षाले तयारी गरिन् ?
8,ती काठबाहेक अरू त्यहाँ केही थपिएको देखिएन ।
8,"रबर्ट हुक (78 7017: 7635-3 14बाला 1703)
"
8,"त्रिभुजका तीन कोणलाई क्रमशः 1, 2 र 3 मानौँ | अब, ABCD भएकाले ८ ० रि D ZAPQ = ZPQR हुन्छ र ZBPR = ZPRQ हुन्छ | (एकान्तर कोणहरू भएकाले) तसर्थ, ZAPQ = ८2 र ZBPR = 23 BE | अब, बिन्दु PAT ८1, 22 र 23 मिलेर सिधा कोण ZAPB बनाउँछ | सिधाकोण ZAPB को मान कति हुन्छ ?"
8,-70qr+25r2 (द) 25x?
8,गुण फरक हुने गर्छन्‌ ।
8,(ङ) बिउ दाना छुट्याउने र सफा गर्ने गर्नुपर्छ ।
8,भलिबलमा अण्डर हयान्ड सर्भिस कस्तो वेला प्रयोग गरिन्छ ?
8,देखिन्छ होला ?
8,भएको होला ?
8,यी क्षेत्रहरूमा फरक फरक किसिमको भूबनोट र हावापानी पाइन्छ ।
8,"7. (क) & ले भन्दा छ ले दोब्बर र छ ले भन्दा € ले तेब्बर रकम जम्मा गर्दा
"
8,"111001011) ले
"
8,"(गर् : भविष्यत् काल, पूर्ण पक्ष) (घ) म कविता प्रतियोगितामा प्रथम .................. ।"
8,"न्युटोन [1821111011)
"
8,(ख) खाद्य पदार्थ सञ्चय : बिउमा खाद्य पदार्थ सञ्चय हुन्छ ।
8,इलेक्ट्रोनमा क्रणात्मक चार्ज हुन्छ भने न्युट्रोन चार्जविहीन हुन्छ ।
8,विजय यतै आउँदै रहेछ ।
8,मैले पनि मिहिनेत गरेकै थिए ।
8,फणा[5) हुने प्रजननलाई अमैथुनिक प्रजनन भनिन्छ ।
8,उनी समाज सुधार गर्न चाहन्थे ।
8,प्रति एकाइ क्षेत्रफलमा लम्ब रूपमा लगाइएको बललाई चाप भनिन्छ ।
8,उही चौडाइ भएको अर्को आयतको क्षेत्रफल (४ २४ - 6) वर्ग एकाइ छ।
8,"साधनको उपलब्धता, भौगोलिक रूपमा सुगम तथा पर्याप्त मात्रामा विकासका पूर्वाधार
"
8,"समुदायमा हुने झैझगडाको मेलमिलाप, विकास निर्माण, विवाह संस्कार, पूजा
"
8,मेकानिकल तथा कम्प्युटर इन्जिनियरिङ पनि यसै पेसासँग सम्बद्ध छन् ।
8,विश्वको पहिलो लिखित संविधान सयुक्त राज्य अमेरिकामा बनेको हो ।
8,"हिजोआज ग्रिल, कपास र धागो सम्बद्ध उद्योग पनि स्थानीय स्तरमा सञ्चालन हुन थालेका छन् ।"
8,त्यसैले लोकतन्त्रमा जनताको सर्वोपरि हितलाई ध्यानमा राखी शासन सञ्चालन गर्नुपर्छ ।
8,"व्यवसायमा परिचालित समग्र जनशक्ति, स्रोत र साधनको समुचित प्रयोग गरी अधिकतम प्रतिफल प्राप्त गर्नु वित्त व्यवस्थापकको प्रमुख जिम्मेवारी हो ।"
8,"यसलाई वृत्तचित्रमा प्रस्तुत गर्नुहोस्‌ :
"
8,"चित्र 5.8 प्लानेरिया, हाइड्डा र स्टार
"
8,(पानीको घनत्व = 1000kg/m?
8,"नेपालीले विदेशमा भोग्नु परेका समस्या समाधान गर्नका लागि वैदेशिक
"
8,उपभाक्ताले पनि यस्ता खाद्यपदार्थ उपभोग गर्न हँदैन ।
8,0) ब्याजदर भन्नाले के बुझिन्छ ?
8,(ग) व्यायाम र कवाजका कुनै दुई भिन्नता लेख्नुहोस्‌ ।
8,घट्छ ।
8,"गर्भ रहन नदिन वा
"
8,को नाप 902 छ।
8,ओटा इलेक्ट्रोन राखेर स्थायित्व प्राप्त गर्न खोजिरहेको हुन्छ ।
8,"त्यस्तै चित्र न. (ङ) को आधारका कोणहरू मात्रै
"
8,"5. 2.7 10910्र1 टाढा पुग्नु पर्ने एउटा रकेटले 1.35 « 107 दुरी पार गरिसक्यो भने
"
8,"भयो, अवलोकन गर्नुहोस्‌ ।"
8,उपपारमाणविक कणलाई इलेक्टोन भनिन्छ ।
8,"(क) त्रिभुजाकार प्रिज्म
"
8,"वैवाहिक सम्बन्ध र कलाकारको आदानप्रदानले दुई देशको सम्बन्ध कसरी
"
8,हाम्रो घरमा ल्याइने विद्युत्मा दुईओटा तारहरू रहेका हुन्छन् | एउटालाई लाइभ (live) वा फेज (phase) भनिन्छ | अर्कोलाई न्युट्रल (neutral) भनिन्छ | ग्राहकको घरमा पुस्याएपछि मिटरमा जोड्नु अघि GAT (fuse) जोडिन्छ | यसलाई प्राधिकरण फृयुज भनिन्छ | मिटरबाट निस्केको तारमा मुख्य स्विच जोडिन्छ ।
8,"क्षेत्रमा ४०.२५ प्रतिशत मानिसको बसोबास रहेको छु भने हिमाली क्षेत्रमा ६.०९
"
8,"टिन र लिड मिश्रित धातुबाट बनेको मसिनो तार हो जसलाई सानो बटटाभित्र
"
8,"2. यसले फलफूल पाक्दा विभिन्न रङ प्रदान गर्छु जसले फल र बिउ प्रसारणमा
"
8,सदरमुकामको बजारमा दैनिक आवश्यक पर्ने सबै सामान पाइने रहेछन् तर भाउ भने अत्यन्त चर्को | मैले आफूलाई आवश्यक पर्ने सामान किनेँ र गुलाफीका लागि जुत्ता हेर्न थालेँ | गुलाफीका लागि जुत्ता छान्ने वेला मेरो मन दोमन भयो ।
8,"दैनिक उपयोगका पदार्थ
"
8,"त्यसै गरी चम्चाको पछाडिको सतह
"
8,"इफार्ट (12) 150 19
"
8,"2 0021 हाम्रो गणित, कक्षा क र णणणणणणणणणणणणणणणणणणाााा””” 195 उदाहरण 4 | हल गर : 7093 2x+1 2 समाधान यहाँ 22-93 2541 2 अथवा, 207-9) =32x+)) (क्रस गुणा गर्दा) अथवा, 14x-18= 6x+3 अथवा, 14x-18+18 =6x4+3+18 (दुवैतर्फ 18 जोडदा) अथवा, 14x 5624 21 अथवा, l4x—6x = 6x-6x+21 (दुवैतर्फ -6x गर्दा) अथवा, 8x= 21 अथवा, 8x _ 21 (8 ले भाग गर्दा) 8 3 “x= 21 =2 5 8 ४ उदाहरण 5 एउटा आयतकार खेतको लम्बाइ र चौडाइ 5:3 को अनुपातमा छ | यदि उक्त खेतको परिमिति 400 मिटर भए उक्त खेतको (क) परिमिति जनाउने समीकरण लेख ।"
8,"सिद्धान्त निम्तवमोजिम छन्‌ :
"
8,"(ज) कलाको विकास
"
8,"वर्गीकरण प्रणाली प्रमुख हुन्‌ : | सज्जीवहरु |
"
8,खान पाउँछन्‌ ।
8,"सङ्केतमा देखाउने
"
8,"८0/0/9 ०००७
"
8,"कुनै व्यक्तिमा भएका अन्तर्निहित
"
8,"उनी हाम्रासामु अमर
"
8,"पुन: प्रयोगमा आउन नसक्ने कपडालाई सम्भाव्य प्रयोगको क्षेत्र पत्ता लगाई प्रयोग गर्नुपर्छ जस्तै : तन्ना घिस्रिएर बिचमा फाटेको छ भन्ने यसलाई बिचबाट काटी अन्यत्र प्रयोग गर्न सकिन्छ | १३० पेसा, व्यवसाय र प्रविधि, कक्षा ८ साना भझूयालका पर्दाहरू बनाउन सकिन्छ ।"
8,(इ) (/01010 एा॥
8,तान्नुहोस्‌ ।
8,"(क) वाचिक
"
8,गर्न प्रयोग गरिन्छ ।
8,"यसले श्रम स्वीकृति, श्रम बिमा, स्वास्थ्य परीक्षण, श्रम करार र नवीकरणलगायतका पक्षमा काम पनि गर्छ ।"
8,"साइबर अपराध
"
8,कार्यक्रम गर्नुपर्छ ।
8,उत्पादनको व्यापारबाट बिक्रेताले धन आर्जन गरी त्यसको प्रयोगबाट जीवन चलाइरहेका हुन्छन् ।
8,(ख) सोरठी नाचको परिचय [1॥
8,"बट्टालाई कसरी पट्याइएको (folding) छ, अध्ययन गर्नुहोस् | अध्ययनपश्चात् त्यसरी नै बट्टा बनाउने प्रयास गर्नुहोस् ।"
8,इन्टरनेटलाई विश्वव्यापी सूचना तथा सञ्चार पद्धतिका रूपमा परिभाषित गरिएको पाइन्छ ।
8,"क्रियाकलाप ] को वृत्तचित्र ज्ञानेन्द्रको परिवारको वार्षिक खर्च विवरणका आधारमा तयार
"
8,८. मानिसको शरीरभित्रका क्रियाकलाप गर्नका लागि विभिन्न तन्तुहरू मिली बनेको समूहलाई अङ्ग भनिन्छ ।
8,असारको अन्तिम साता सुखिया गाउँमा बाढी पसेर १६ घर बगायो ।
8,"यसका लागि कागजमा आकार वा बुट्टा कोरेर काठमा टाँस्त पनि
"
8,नेपालमा खेतीयोग्य जमिन बाँझो छ ।
8,"(उत्तरः 10111/5)
"
8,"भर्चुअल वास्तविकता [४1:1091 [२९91119 - ऐर]
"
8,"नेपालमा सिद्धार्थ
"
8,ती अणुहरू जथाभावी बस्दा त्यस वस्तुले चुम्बकीय गुण देखाउँदैन | यसलाई चुम्बकत्वको आणविक frat भनिन्छ ।
8,"(ग) रित (00९)
"
8,"पाटेबाघ, काँडेभ्याक्र,
"
8,कक्षा प्रतिनिधि : (एकातिर देखाउँदै) किन गुरुआमा ?
8,"यसका दुई चरण हुन्छन्‌ जसको सम्बन्धमा तल उल्लेख
"
8,€€1' बटन थिच्नुहोस्‌ ।
8,"हाइड्डोक्लोरिक अम्ल प्राङ्गारिक
"
8,4. एउटा मालबाहक ट्रक 4810) प्रति घण्टाले गुडदा कुनै दुरी 6 घण्टामा पूरा गर्दछ ।
8,' सम्मको Aa निर्देशाङक गनेर लेख | PTT TTT Petia ttt त्यसैगरी ॥
8,यिनको माथिल्लो भागमा भगाङ्कुर रहेको हुन्छ | भित्री ओष्ठभित्र योनिमार्ग र मूत्रमार्ग रहेका हुन्छन् | भगाङ्कुर (Clitoris) भेस्टिबुलभन्दा माथि रहेको हुन्छ ।
8,"[अ) फोरसेप धारिलो हुने भएकाले यसको प्रयोग गर्दा सावधानी अपनाउने
"
8,"228 विज्ञान तथा वातावरण, कक्षा-द २ 4 aay उ feat दिकास्म Environment and Sustainable Development) पृथ्वी सम्पूर्ण सजीवहरूको साझा बासस्थान हो | सजीवहरूले आफू बाँच्नका लागि आवश्यक पर्ने हावा, पानी, खाद्य पदार्थ आदि पृथ्वीबाट प्राप्त गर्दछन् ।"
8,"4 स्वास्थ्य शारीरिक तथा विर्जवात्मक कला, कक्षा व हौ हं ear कै | ७ SHOT PUT WEIGHT ] a 4s क्रियाकलाप: ७.५ सबै जना विद्यार्थी ताँतीमा बसी पालैपालो सट (हल्का वस्तु) लाई लक्ष्यमा पुग्ने गरी फाल्ने अभ्यास गर्नुहोस् | लक्ष्य निर्धारण गर्दा चित्रमा देखाएझैँ उचाइ र दुरीमा गरी दुई चरणमा अभ्यास गर्नुहोस् ।"
8,[अ) २४ क्यारेट र २२ क्यारेटको सुनमध्ये कुन शृद्ध र कुन मिश्रित सुन होला ?
8,"पूरा गर्नुपर्ने दुरीलाई चक्करमा रूपान्तरण गर्नुहोस्‌ र जति चक्कर लगाउनुपर्ने हो त्यति
"
8,(ग) वर्गका सबै कोणहरू बराबर र समकोणी हुन्छन् ।
8,केही अवस्थामा स्पामले नचाहिँदा सामान वा सेवाको विज्ञापन गर्दछ ।
8,"र को सम्बन्धलाई भेनचित्रमा
"
8,राम्रोसँग तातेको तेल वा घिउमा चामलको पिठाको बाक्लो लेदोलाई बाटुलो बनाई सेल हाल्नुपर्छ ।
8,यो जनावर विशेष गरी मासु तथा उनका लागि पाल्ने गरिन्छ ।
8,"यसलाई रोप्नुभन्दा पहिले दुईदेखि तीन मिटरसम्मको फरकमा आधामिटर लम्बाइ, चौडाइ र गहिराइ भएको खाडल सन्नुपर्छ | त्यसभित्र पाकेको गोबर या कम्पोस्ट मल राखेपछि मात्र केराका सकरलाई रोप्नुपर्छ | केरालाई अलि बढी मात्रामा मल चाहिने भएकाले प्रत्येक छ छ हप्तामा गोबर मल वा प्राङ्गारिक मल हाल्नुपर्छ ।"
8,"८023 5 1809 [' त्रिभुजको भित्री कोणहरूको
"
8,"साझा गुणनखण्ड त ० ०० ०४
"
8,"1 दिनमा कुनै काम 10 ५ 18 जनाले पूरा गर्न सक्छन् | = 180 (. अप्रत्यक्ष विचरण भएकाले दिन घद्दा कामदार सङ्ख्या बढ्छ | त्यस कारण 18 लाई 10 ले गुणा गर्ने |) 15 दिनमा कुनै काम = ५12 (,' अप्रत्यक्ष विचरण भएकाले दिन बढ्दा कामदार सङ्ख्या घद्छ | त्यस कारण 180 लाई 15 ले भाग गर्ने |) “.12 जनाले पूरा गर्न सक्छन् | अब, थप कामदार सङ्ख्या 512 जना - 10 जना -2जना वैकल्पिक तरिका यस्ता समस्याहरूलाई वैकल्पिक तरिकाबाट अनुपात प्रयोग गरेर पनि समाधान गर्न सकिन्छ"
8,"३. यो बन्दुकमा बारुद बनाउन, सलाईको काँटीमा बारुद बनाउन प्रयोग गरिन्छ ।"
8,"ओसिलो भागमा गहँ राम्ररी उम्रिएको थियो तर डल्ला भएको र सुक्खा भागमा
"
8,सकेसम्म सकारात्मक तथा सुझाव लिने प्रकृतिका पदावलीको प्रयोग गर्नुपर्छ ।
8,आवश्यकता र सेवा सुविधा पूरा गर्न सहयोग गर्छ ।
8,"यसैगरी पृथ्वीको सृष्टि कसरी कहिले भयो होला, पृथ्वीको सतहमा देखिने सुन्दर पहाड, पर्वत, नदीनाला, ताल, समुद्र, मैदान कसरी बने होलान्, आदि विषयमा गहिरो चिन्तन गर्दै आएको पाइन्छ ।"
8,"पेसा, व्यवसाय र प्रविधि, कक्षा ८ १३९ (च) सुकेका भाँडालाई करिब १८००” फरेनहाइटमा आगो लगाउनुपर्छ | यस अवस्थामा आगो लगाउँदासम्म भाँडोबाट पानी चुहिन सक्छ ।"
8,एकछिन सोच्नुहोस् त ?
8,"(ग) भ्रष्टाचार
"
8,"(इ) उत्स्वेदन (ई) गटेसन
"
8,"समूहको ताम; किराँत समह
"
8,"रासायनिक प्रतिक्रियामा भाग लिने पदार्थलाई प्रतिक्रियारत पदार्थ
"
8,"भइरहेको पराग कणा
"
8,खनिज हन्‌ ।
8,"आणविक चुम्बकमा कम्पन पैदा हुँदा समानान्तर रूपमा
"
8,"मोबाइल रु. 24500
"
8,"भक्तले माथि आइपुग्नासाथ शिल्पकारको अनुहार हेर्दै उत्सुकताले भरिएको वाणीमा सोधे, “मूर्ति बनाइसकियो ?"
8,(ख) संयुक्त मुद्राहरू (Joint hand gestures) (अ) कपोत 4 Rr दुई हातलाई एकआपसमा मिलाउँदा यो मुद्रा बन्छ ।
8,२.नननन।
8,"हाल उनी
"
8,"कसैले शब्दले (कथा, कविता, निबन्ध आदि) आफना भावनालाई अभिव्यक्त गर्दछ भने"
8,"(31001€615$11 910 परा)
"
8,"यस क्षेत्रमा वर्षभरि हिँउले ढाकिने अग्ला
"
8,सङ्केतमा AABC = APQR लेखिन्छ | कुनै दुई ज्यामितीय आकृतिहरू उस्तै आकारका छन् भने A ० त्यस्ता ज्यामितीय आकृतिहरूलाई समरूप (similar) भनिन्छ | /\ 3 (similar) 5 ८ 021 चित्रमा AABC र APQR समरूप छन् | सङ्केतमा 4080 ~ APQR लेखिन्छ | 3.1. त्रिभुज अनुरूप हुने अवस्थाहरूको परीक्षण क्रियाकलाप 1. कुनै AABC दिइएको छ ।
8,"उक्त चार्ट बनाएर कक्षामा साथीहरूसँग छलफल गर र शिक्षकलाई देखाक | विज्ञान तथा वातावरण, कक्षा-द ae सारांश १. पृथ्वीको उत्पत्तिको वास्तविक कारण पत्ता लागिसकेको छैन तापनि जर्ज बफनको परिकल्पना, कान्ट लेप्लासको निहारिका परिकल्पना, जिन्स र जेफ्रेको ज्वारीय सिद्धान्तलाई विश्वसनीय रूपमा लिइएको छ ।"
8,"(क) खानेपानी
"
8,"साहसिक पर्यटन
"
8,हाइड्डोक्साइड (चुनपानी) को प्रयोग गरेर हटाउन सकिन्छ ।
8,"केही दिनपछि बोक्रा खुर्किएको लेयरको भागमा
"
8,"उक्त नतिजालाई वृत्तचित्रमा प्रस्तुत गर्नुहोस्‌ :
"
8,") = 2° x 929 = 895 र (2) = x y#0 y y हाम्रो गणित, कक्षा क शा?"
8,(घ) निम्नमध्ये कनलाई घर्षणले असर गर्दैन ?
8,"यस प्रदेशका प्रमुख हिमचुचुराहरू
"
8,अवस्थालाई कृपोषण भनिन्छ ।
8,"कृत्रिम भैजिटैटिक्ष प्रोपागोसन ([81111019] ए४४९(517%8 ए""०3इगाणा)
"
8,यस बोललाई पटक पटक ढिलो र | ॥
8,"त्यसैले दुवैको योगफल 24 नै म्याग्नेसियमको
"
8,फसबेरी फ्लपमा ढाडबाट अवतरण गरिन्छ ।
8,यी पेन्सिलबाट गाढा धर्का बन्छन् ।
8,"त्यसैगरी टेलिभिजन अर्को महत्त्वपूर्ण श्रव्य दृश्य सामग्री हो | यसलाई पनि विद्युत्बाट सञ्चालन गरिन्छ | ५. टेलिफोन/मोबाइल : दूर सञ्चारको क्षेत्रमा टेलिफोन, मोबाइल आदि विद्युत् शक्तिबाट नै सञ्चालन गरिन्छ ।"
8,"हो जसले फोटोग्राफिक प्रिन्ट, पोस्टर, पत्रिकाका पृष्ठ र कम्प्युटर सम्पादन तथा प्रदर्शनका
"
8,पर्यटन क्षेत्र नेपालमा विदेशी मुद्रा आर्जन गर्ने मुख्य स्रोत हो ।
8,बस्नुहोस्‌ ।
8,"(हवाइट वास गर्न)
"
8,"अभ्यास गर्दा साथीहरूलाई 2 ताँती, पङ्क्ति, वृत्ताकार वा अर्घ वृत्ताकारमा समेत राख्नुहोस् ।"
8,"ब्द
"
8,"साधरणतया चट्टानका ससाना कण, खनिज पदार्थ मिलेर माटो बन्छ ।"
8,"सापेक्षिक चाल
"
8,२. काठमा भएका विभिन्न रेसाहरूको छपाइ कार्य गर्नुहोस् ।
8,"यस चरणमा फोटोकपीको कभर (माथिल्लो भाग) उठाउनुपर्छ र प्रतिलिपि गर्ने
"
8,"पा र
"
8,दिशातिर लागेका भए सापेक्षिक गति कति होला ?
8,"तलका प्रश्नमा आधारित भई छलफल गर्नुहोस्‌ :
"
8,त्ामाजिक अध्ययन तथा मातव सल्य शिला कक्षा-स छिन्न ड।
8,"कतिओटा सम्म याद गर्न सकियो जाँच
"
8,"शरीरको सम्पूर्ण भार दुवै गोडामा
"
8,"समाजमा इज्जत र प्रतिष्ठाका लागि भए पनि विवाहमा दाइजो माग्नु पर्दछ भन्ने
"
8,आरोपमा उनलाई विष खुवाइयो ।
8,“धार्मिक सहिष्णुताले नेपाली समाज एकताबद्ध भएको छ ।
8,"व्यावहारिक
"
8,"अब, तिम्रो र साथीहरूको किताबको पिण्डको तुलना गर ।"
8,8. यदि १०79 भए % -्क्ग को मान कति होला ?
8,"(घ) दिगो विकासको के महत्त्व छ, कुनै दुई ओटा बुँदा लेख ।"
8,छरितो बनाउनुपर्छ ।
8,आज पनि भोलि पनि पर्सि पनि त्यही श्रीकृष्णको मूर्तिको war खाकामाथि ज्यावलले Heme Hee | केही दिनपछि मूर्ति तयार भयो ।
8,गर्ने गर्थिन्‌ ।
8,त्यसैले मित्रजीवहरूलाई बचाइराख्ने र बढाउने व्यवस्था गर्नुपर्छ ।
8,"१. व्यूत पोषण (ए110€-1 फा प7011)
"
8,(क) प्रजननले सजीवको वंश निरन्तरता गर्दै लोप हुनबाट जोगाउँछ ।
8,"नेपाली, कक्षा द ५. दिइएको अनुच्छेद शुद्ध पारी पुनर्लेखन गर्नुहोस् : शंकर चन्चल स्वभावका छन् ।"
8,त्यस्तै कुनै ठाउँ ओसिलो कुनै पारिलो हुन सक्छ ।
8,(ङ) कथा कतिओटा अनुच्छेदमा संरचित छ ?
8,(ख) मृत्युसहित हरेक रोगको ओखती हुन्छ ।
8,", ॥"
8,"(कएको तिते ती
"
8,१२.२ सङ्गीतका पारिभाषिक शब्दावलीको परिचय (Introduction to the terminology of music) सङ्गीतमा विभिन्न किसिमका पारिभाषिक शब्द हुन्छन् ।
8,iN नियन्त्रित हुन्छन् ?
8,शिक्षाका लागि भारतको कमाउँ पठाइयो ।
8,हार्डबोर्ड आदिको प्रयोग गरिन्छ ।
8,उनका मनमा कुरा खेल्छन् | उनीभित्र हजुरआमाको जन्मोत्सवमा के उपहार दिउँ भन्ने विचार सलबलाएको छ | हातगोडा धोएर चियानास्ता खाउन्जेलसम्म पनि सोचिरहन्छन् | एकछिन उनी केही नगरी कर्यीमा थ्याच्च बस्छन् | टेबलुमा दुवै कुइना राखी हातमा चिउँडो अडयाउँछन् ।
8,"कक्षा ७ मा दुई तरिकाबाट दिइएका सङ्ख्याहरूको लघुत्तम समापवर्त्य (ल.स.) पत्ता
"
8,(क) विस्तार भइरहेको व्रहमाण्डको अवधारणा कसले दिएका हुन्‌ ?
8,"पश्चिम
"
8,निर्णयले मानिसलाई गन्तव्यमा पुग्याउने बाटो खोल्छ ।
8,"(अ) फलामयुक्त खनिज र फलामविहीन खनिज
"
8,"१. प्राङ्गारिक मलको प्रकार र प्रयोग (क) गोठे मल : गाई, भैँसी, भेडा, बाख्रा, च्याङ्ग्रा, खरायो, चौँरीलगायतका जनावर गोठमा वा खोरमा पाल्छौँ | तिनीहरूले त्याग गर्ने गोबर, Teele तथा मूत्रलाई गोठ नजिक खनेको खाडलमा जम्मा गरिन्छ | साधारणतया ¥x2xq मिटर क्रमशः लम्बाइ, चौडाइ र गहिराइ भएको खाडल हुनुपर्छ ।"
8,(आ) तपाईँले विज्ञान प्रयोगशालामा गएर कुन कन प्रयोग गर्नु भएको छ ?
8,"आपसमा बराबर भएको अवस्थामा बाँकी दुईओटा सङ्गति कोणहरू र भुजाहरू पनि
"
8,es 2 Fees Te केही विद्वान्हरू पशुपति आर्यघाटस्थित विरूपाक्षको पाषाण mars: मूर्तिलाई नेपालको सर्वाधिक पुरानो मूर्ति मान्छन् | यसलाई : किराँतकालको मानिन्छ | लिच्छवि कालमा बनेका ढुङ्गाका 2 जा जता : अनेकौँ प्रमाणिक मूर्तिहरू उपलब्ध Ge > = “ छन् ।
8,"त्यसलाई ae 1 es J बाइनरी फिसन (binary fission) भनिन्छ, | जस्तै : ब्याक्टेरिया, डाइएटम जस्ता Fen वनस्पति तथा अमिबा, चित्र नं. 78.7 विज्ञान तथा वातावरण, कक्षा-द ।"
8,"दुई वा दुईभन्दा बढी प्रकारका तत््वहरूबिच रासायनिक प्रतिक्रिया भई बनेको पदार्थलाई यौगिक (compound) भनिन्छ, जस्तै : पानी, नुन, तेल आदि ।"
8,"110 0 /£004041 सामाजिक अध्ययन तथा मावव मूल्य शिक्षा, कक्ला-द
"
8,"कनै कुनै विषयवस्तु, प्रक्रिया वा घटनाका बारेमा अवलोकनबाट मात्रै सम्पूर्ण जानकारी
"
8,व्यावसायिक तथा भ्रमण भिसा बनाई रोजगारीका लागि जानु हुँदैन ।
8,यस्तो तरङ्गको आवृत्तिलाई सब्सोनिक (80) $0110) भनिन्छ ।
8,"स्कृस साटे भने कोहीले स्कृससँग
"
8,(आ) ग्रुपको माथिबाट तल जाँदा तत्त्वहरूको पारमाणविक आकार घटदै जान्छ ।
8,"छुट (01500011) च्‌ अङ्कित मूल्यको छुट प्रतिशत
"
8,"प्रकृतिमा संवाहन क्रिया भएन भने पृथ्वीको सतहको
"
8,"महाभारत पर्वत श्रृङ्खलामा तथा चिसो हावापानी भएका क्षेत्रमा चुत्रो, धतुरो, चिराइतो, बोझो, सुगन्धवाला, टिमुर आदि जडीबुटी पाइन्छ ।"
8,लेख्नुपर्छ ।
8,"SS नेपाली, कक्षा ७. फर्क आफूनै देश' कवितामा नेपाली युवालाई किन स्वदेश फर्किन आहवान गरिएको छ, चर्चा गर्नुहोस् ।"
8,नाटक तथा अभिनयको महत्त्व (Importance
8,[ङ) 1527 का मुख्य विशेषता लेख्नुहोस्‌ ।
8,"त्यसपछि राता क्षेत्र जोखिस हुनका कारण र समाधान तथा
"
8,"1. तल दिइएका परिमाणहरूबाट अनुपात पत्ता लगाउनुहोस्‌ :
"
8,"४. आफू बसेको प्रदेशको परिचय, संरचना र त्यहाँको भौगोलिक, सामाजिक र सांस्कृतिक
"
8,: न (ख) पाटे बाघ (Bengal Tiger) ॥
8,"अव यो लिस्टी र छेउका लट्टठीलाई पनि अरू ससाना लट्टठीले भिरालो
"
8,(ग) क्षार भनेको के हो ?
8,उत्पादन गर्छन्‌ ।
8,"[घर
"
8,"समस्या समाधानका उपाय
"
9,"र र,
"
9,"यहाँ बेलनाको पूरा सतहको क्षेत्रफल (1$/) न 2992 0112
"
9,संविधान मसौदा समितिले तयार गरेको संविधान “नेपाल अधिराज्यको संविधान २०१५” लाई २०१५ फागुन १ मा जारी गरियो ।
9,"() फाइब्रस संयोजी तन्तु (:1101005 6011601४6 1$$06)
"
9,तुलना गर्नुहोस् ।
9,"उस्तै छ, बताउनुहोस्‌ ।"
9,हामी जनता र देश दुबैको कल्याण हुन्छ ।
9,"अझ विशेष गरेर बेलायतबाट
"
9,"(0) AB प्रयोग गरी समानान्तर ATA ABCD लाई विस्थापन गरी बन्ने प्रतिबिम्बको शीर्षबिन्दुहरूका निर्देशाङ्क लेख्नुहोस् र दुवै चतृर्भुजलाई लेखाचित्रमा देखाउनुहोस् | 10. A(-4, 6), 8(3 - 2) र ९1, 2) AABC का शीर्षबिन्दुहरू हुन् ।"
9,_ 02 + 02 — ९?
9,साथै प्रथम विश्वयुद्धपश्चात् दिँदै आएको वार्षिक १० लाख रुपियाँ पनि निरन्तर दिएको थियो ।
9,युद्धको घोषणा गर्ने 'नगरा' र सामाजिक भेलाको निम्ति सूचित गर्ने 'पुङ' जस्ता बाजाहररूभित्र लुकेको शक्ति विचित्रको छ ।
9,सद्‌गत गरेछन्‌ ।
9,एक दर्जन वा एक कार्टुन (बक्स) पुरै किन्दा मूल्य कति पर्छ सोध्नुहोस्‌ ।
9,(ग) (क) र (ख) का नतिजालाई सम्भाव्यताहरूलाई सम्भाव्यता (0-]1) स्केलमा देखाउनुहोस्‌ ।
9,"हिमाली क्षेत्रमा
"
9,"ज) निम्नलिखित पदार्थसँग अक्सिजन ग्याँसको रासायिनिक प्रतिक्रिया हुँदा कुन कुन पदार्थ
"
9,"चाँदी, सुन जस्ता धातु पिट्दा फैलिएर पाता हुन्छन भने सल्फर, कार्बन जस्ता अधातु
"
9,"संसारभरि नै सन्‌ १९८० को दशकलाई पर्सनल कम्प्युटर (पिसी) को दशक र सन्‌ १९९० को दशकलाई
"
9,ढल्किन्छ ।
9,"३. 'करेसाबारी' निबन्धबाट कृषि क्षेत्रमा प्रयोग हुने पाँचओटा पारिभाषिक तथा प्राबिधिक
"
9,"संरचनाअनुसार गाउँपालिका र नगरपालिका जस्ता स्थानीय तह विकास प्रस्ताव तर्जुमा गर्ने आधिकारिक
"
9,"यति बेला सूर्य उत्तरी गोलार्धको
"
9,फेरि तेरो बिहे पनि गर्नुपर्छ नि ... ।
9,"कम्प्युटर एक विद्युतीय यन्त्र हो, जसले निर्देशनअनुसार तथ्याङ्कलाई गणना, प्रशोधन
"
9,(घ) नेपालमा उद्योगको प्रवर्धनका उपाय उल्लेख गर्नुहोस्‌ ।
9,यसको पूरा सतहको क्षेत्रफल पत्ता लगाउनुहोस्‌ ।
9,(ख) पहिलो 175 कलको रु. 200 र त्यसपछि प्रति कलको रु.] का दरले कुल महसुल (TC) कति हुन्छ ?
9,"विकासका कार्यक्रम तथा बाल हेल्पलाइन सेवा र बालबालिका खोजतलास सेवाको सञ्चालन
"
9,"सामाजिक अध्ययन, कक्षा राप
"
9,श्रम विभाजन र विशिष्टीकरणका माध्यमबाट उत्पादन वृद्धि गरेर राष्ट्रको धन बढाउन सकिन्छ भन्ने उनको मान्यता रहेको छ ।
9,"हा सङ्ख्याका समूहमा विभाजन भई प्रत्येक समूहले कक्षा 6 देखि 10 सम्मका कक्षामध्ये
"
9,सहयोग हुन पुग्यो ।
9,"| 0 1000 समीकरण
"
9,आरोहण गरिसकेका उनको गतिमा हिँड्त म कहाँ सक्नु र !
9,"ती राजालाई फिर्ता गर्न
"
9,"खेलकुद सामग्रीको डिलरले आयातकर्ताबाट एउटा टेबल टेनिस बोर्ड मूल्य अभिवृद्धि करबाहेक रु. 25,000 मा
"
9,"१. संविधान सभाबाट निर्मित संविधान राम्रो संविधान मानिन्छ, किन ?"
9,"कुनै दुई समूहमध्ये एउटा समूह अर्को समूहको उपयुक्त उपसमूह (2100061 $00$6/) भए,
"
9,"हं. उष्ण मौसमी हावापानी (क) अवस्थिति :. पृथ्वीको ' : LEE \ a © gg दुवै गोलार्धमा ५१ SN CRY “५४ हरी देखि ३०० अक्षाशमा | * ae हर""?"
9,"स्काउट संस्थाको मुख्यालय हाल मलेसियामा रहेको छ भने विश्व गर्ल स्काउट
"
9,(घ) एकल स्वामित्व उद्यमलाई उदाहरणसहित व्याख्या गर्नुहोस् ।
9,विश्वव्यापी हुन्छन्‌ ।
9,यसको असरले छालाको क्यान्सर हुने सम्भावना पनि बढेर जान्छ ।
9,बनाई स्वस्थ राख्न मदत गर्छन्‌ ।
9,सकारात्मक कर्जा प्रदान गर्न सक्छ भन्दै मेरो भनाइ यहीँ समाप्त गर्दछु ।
9,"नेपालको कुल जलभण्डार क्षमताको ७४% भाग यी तीनओटा नदीले
"
9,(०) ATH PQRS लाई रेखा ५51 मा परावर्तन गर्दा बन्ने प्रतिबिम्बको शीर्षबिन्दुहरूका निर्देशाङ्क लेख्नुहोस् र दुवै आकृति र प्रतिबिम्बलाई एउटै लेखाचित्रमा देखाउनुहोस् ।
9,82 1 ..... ... ............... निर्देशाङ्क ज्यामिति (Coordinate Geometry) 4.0 पुनरावलोकन (Review) तलका प्रश्नहरूका बारेका समूहमा छलफल गर्नुहोस् : (१) चतुथाँश कति ओटा हुन्छन् ?
9,यी तत्त्वहरू परिवर्तन नभएको अवस्थामा मात्र पूर्तिको नियम लागु हुन्छ ।
9,युराल पर्वतले एसिया र युरोपलाई छुट्याएको छ ।
9,दुईओटा रोटी उपभोग गर्दा पहिलो रोटीबाट 20 युटिल्स र दोस्रोबाट 15 युटिल्स उपयोगिता प्राप्त हुन्छ भनेर किटानी गरी भन्न सकिँदैन ।
9,लिन्छ भने चराले परागसेचनमा मदत गर्दछ ।
9,एउटा निश्चित समयसीमा तोकेर सो अवधिभन्दा अगावै रकम झिक्न नमिल्ने गरी सञ्चालन गरिएको खातालाई Hed खाता (Fixed account) भनिन्छ ।
9,"उनी आफ्नो जिम्मेवारीमा अहोरात्र सात्विधिय - समीप बा निकट हुनुको भाव, सासीप्य दिलोज्याव - तव र मन दुबै लगाउनु अहोरात्र - fee बा चौबितै घण्टा, fee नेपाली, कक्षा ९ ।"
9,देशमै रोजगारीको अवसर सिर्जना भई आर्थिक विकासमा महत्त्वपूर्ण टेवा पुग्न सक्छ ।
9,"5 (6,3) भए दे र 7 समान भेक्टर हुन् भनी प्रमाणित गर्नुहोस् ।"
9,छोडेर केही दिनपछि मात्र प्रयोग गर्नु पर्छ ।
9,"जसका कारण विकासको काम पनि रोकिँदैन र पर्यावरण पन्ति
"
9,"अ) रोपनी-आना-पैसा-दाम एकाइअनुसार
"
9,युरोपका अन्य राष्ट्रहरूले पनि आफनो सैन्य शक्ति बढाउने होड नै चलाए साथै प्रशस्त मात्रामा हातहतियारको वृद्धि गरे ।
9,"यदि “DAC - 349 भए, ZDAB, ७) ८ ZABC, ZBCA र ZCDA को पत्ता लगाउनुहोस् | LX| 4 2 A B 4. af एउटा समानान्तर चतुर्भुजका एक जोडी विपरीत कोण क्रमशः (63 - 3.x)° र (4x — 7)° भएमा त्यसका सबै कोणको मान पत्ता लगाउनुहोस् ।"
9,वायुञर्जा उत्पादन केन्द्रहरू स्थापना भएका छन्‌ ।
9,प्यान्क्रियाज र गोन्याडस यस्ता ग्रन्थिका उदाहरण हुन्‌ ।
9,"उनको यही योगदानले गर्दा नेपालको
"
9,"-. सदीक्षाले दोस्रो महिनाभित्र महसुल बुझाउँदा तिर्नुपर्ने रकम तू रु. 966 - रु. 28.98
"
9,"गँ, गं, ग, गा, गि, गी, गु, गू, गु, गे, गै, गो, गौ, ग्‌)
"
9,रुलरको सहायताले जोडनुहोस्‌ ।
9,खोजको कदरस्वरूप उनकै नामबाट राखिएको एकाइ हो ।
9,पृथ्वीको सतहसँग सापेक्षिक रूपमा स्थिर हुन्छ ।
9,सम्भाव्यताको परिणाम भनिन्छ ।
9,देखाउनुपर्छ ।
9,3. पारोका यौगिकहरूले मिर्गौला र फोक्सोलाई क्षति पुग्याउँछन्‌ ।
9,यी जनावरहरू उच्च तहका मांशाहारी हुन्‌ ।
9,"दिइएको त्रिभुजका आधारमा 6 ओटा त्रिकोणमितीय अनुपातहरू लेख्नुहोस्‌ :
"
9,"माटो, कागज वा प्लाइउडको प्रयोग गरेर नेपालको भौगोलिक स्वरूपको नक्साको ढाँचा बनाउनुहोस्‌
"
9,"आजको वक्तृताको विषय छ, 'व्यक्तित्व विकासमा विद्यालयको भूमिका v सभाध्यक्ष महोदय !"
9,"11910 TT TT LT TAA || TNA BF a2) TT tT | LTT INSEY TT TT LTT TIME Ty Ty tT LET 5,502 | TT TT TJ Mi उदाहरण 4 यदि Q(-1, 3), R(-2,-3), $(3, 2) र 1(3, 5) ATA QRST को शीर्षबिन्दुहरू हुन् ।"
9,"मामाले हातले इसारा
"
9,उनले एकछिन किताब पढिन्‌ ।
9,परिचालन गर्न सक्नुपर्छ ।
9,रुपियाँ जरिबाना तिर्नुपर्छ ?
9,सामाजिक अध्ययन; कक्षा-१० pF Su eT) २. दिइएका चित्रको अध्ययन गर्नुहोस् ।
9,"च रु.6,32,957
"
9,"कचौरामा भएको पानीको आयतन
"
9,अवस्थामा सिङ्गो राष्ट्र बन्नु एवम्‌ विदेशी चलखेल र हस्तक्षेप नियन्त्रण हुनु ठुलो उपलब्धि थियो ।
9,"मूल्य रु. 10,000 कायम गस्यो ।"
9,ठोस वस्तुलाई प्रिज्म (011510) भनिन्छ ।
9,खाइयो ।
9,झमक्क साँझ परेपछि दुलहीका घरमा पुगेर सुटुक्क फलैँचामा बसे ।
9,"२(उ) - र(ए)_ ..................
"
9,"पोखरा जलविद्युत्‌ योजना
"
9,"जब हल्ला गर्दै उडिरहेका कप्याङकुरुड देख्छु सोच्छु, यिनीहरूको लस्कर मेरो गाउँमा पनि पुग्छ ।"
9,यहाँ मानव बस्ती छ ।
9,"आधुनिक प्रविधि प्रयोग गरी दुध,
"
9,"तथा विभिन्न प्रकारका सरीस्‌प
"
9,"अब निम्नबमोजिम सञ्चित बारम्बारता तालिका निर्माण गरौँ :
"
9,"सिलिङको क्षेत्रफल  (6.25 -. 25 2. 6.25) 112
"
9,"उसले सम्झी शोभाको घर नजिकै छ र उसको
"
9,"एउटा मोबाइल सेटको मूल्य अभिवृद्धि करबाहेकको अङ्कित मूल्य रु. 15,000 राखिएको थियो ।"
9,"-5 (७ 5) ,छ G ८) C= (3 9) T= (0 1), भए प्रमाणित गर्नुहोस् ।"
9,"rs . नेपाली, कक्षा ९ ६. दिइएको अनुच्छेद पढ्नुहोस् र सोधिएका प्रश्नको उत्तर दिनुहोस् : शे फोक्सुन्डो राष्ट्रिय निकुञ्ज डोल्पाका दुई हिउँ"
9,"पूर्वी थु A Ls - युरोप तथा अमेरिकाको कतिपय ""म राज्यको अर्थतन्त्र नै पशुपालनमा = छ आधारित छ ।"
9,ए. गुड्दै गरेको बसबाट झर्दा यात्रु भुइँमा पछारिने सम्भावना हुन्छ ।
9,घरबाटै भएको थियो ।
9,(ख) चतृुर्भुजका विशेषताहरू के के छन् ?
9,गरेकै छ ।
9,"तत्पाम्णन्बनिनतधत सिम जिल
"
9,ग गर्दा मानव स्वास्थ्यमा प्रतिकुल असार पार्छ ।
9,"कुलेखानी जल विद्युत्‌ आयोजना, कृषि जनशक्ति विकास
"
9,"को पाइप लाइनबाट खानेपानी वितरण गरिएकामा यदि कुनै एक महिनामा
"
9,"2. तल चित्रमा दिइएको जानकारीका आधारमा ४२, ]/9 र ४० को मान पत्ता लगाउनुहोस्‌ :
"
9,"ओ पदक ) ५०. गणित कक्षा १
"
9,"उत्तीहरू सगरमाथा र
"
9,अज्ञातलाई बुबाले गृहकार्य गर भन्नुभएछ ।
9,विद्युत्‌ लोडको प्रयोगबाट शक्ति रूपान्तरण हुन्छ ।
9,"व्यवस्थापनका लागि समर्पण, सङ्घर्ष, सम्झौता जस्ता रणनीति अपनाउन सकिन्छ ।"
9,"प्रारम्भिक समाज
"
9,"घ) ) र 9 क्रमशः एक स्थान र दश स्थानमा भएका दुई अङ्कका सङ्ख्यालाई केले
"
9,"बिहान ढिलोसम्म
"
9,"पोटासियम प्राप्त गर्न
"
9,(00161091 पागट01८९- ].0.) सिर्जना गर्छु ।
9,"यसको मूख्य
"
9,त्यसैले यिनीहरूलाई 11410191 $८॥
9,यसमा कुनै पनि कुना छैनन् र एउटा TH सतह छ।
9,यो आयोजना आव. २०६८ ४६९ देखि राष्ट्रिय गौर वको आयोजनामा समेटिएको थियो | [छक्क सामाजिक अध्ययन कक्षा-10 राष्ट्रपति चुरे | यस आयोजनाको चुरे क्षेत्रको प्राकृतिक स्रोतको सरक्षण र दिगो व्यवस्थापन तराई मधेस | गरी गरिबी न्यूनीकरण एवम् समृद्ध नेपालको राष्ट्रिय उद्देश्यमा टेवा पुस्याउने संरक्षण | ET छ ।
9,"व्यक्तिले बिन्सिक
"
9,"यो संविधान
"
9,कुलघरान भन्छन्‌ ।
9,"१२. HHA पानी परेको समयमा तपाइँलाई कस्तो अनुभूति हुन्छ, साथीबिच छलफल गर्नुहोस् ।"
9,"214 65) अर्थात, P(x, y) 3 P’(x t+ay+b) A उदाहरण 1 8 तलको ज्यामितीय आकृतिलाई दिइएको दै को परिमाण र दिशामा विस्थापन गर्नुहोस् : ० d समाधान A : छि D 7 D’ Cc यहाँ, चतुर्भुज ABCD को विस्थापित प्रतिबिम्ब A'B'c'D' हो | उदाहरण 2 1 बिन्दुहरू A(3, 1) र 8(-4,2) लाई विस्थापन भेक्टर पद) ले विस्थापन गर्दा आउने प्रतिबिम्बका निर्देशाङ्क पत्ता लगाउनुहोस् ।"
9,"4. (क) | X =47.63 | M=45 | 4,545 | Q,=40 |Q,=53.75 (@) | X =29.38 | M,=35 | M,=35 | Q,=15 | Q, = 42.5 | (ग) | X=74 | M=80 | M, 550 | Q, = 52.5 | 0,590 | (घ) | X=18 | M.=J5 | M, = 30 | Q, = 10 | Q, = 28.75 | 5. (क) X=3.55 (@) Q,=2,M,=4,Q,=5 (@M,=1%6 गणित कक्षा ९ Coe ३५२ हित जड (Trigonometry) 20.0 पुनरवलोकन (Review) विद्यार्थी उपयुक्त समूहमा बसी AABC र APQR को अवलोकन तथा भुजा र कोणको नाप लिएर निम्नलिखित प्रश्नहरूमा छलफल गर्नुहोस् : € कुन कुन कोणको नाप बराबर रहेछ ?"
9,"यीमध्ये कुनै अवयवहरूबिचको सन्तुलन खल्बलिएमा इकोसिस्टम
"
9,'ख' २. हाम्रा राष्ट्रिय गौरव बढाउने सम्पदाबाट देशलाई कस्तो फाइदा हुन्छ ?
9,"छ... वंशीय डतिहास
"
9,"(ख) मन्त्री भ्यागुताका सौखिन हुनु
"
9,"परम्परागत ज्ञान,
"
9,मेरो घर सुदूरपश्चिम पदेशको दार्चुला जिल्लामा पर्छ ।
9,बताइदिनुहोस् न ।
9,(ख) पुँजीको परिचय दिई यसका विशेषताहरू वर्णन गर्नुहोस् ।
9,"यसमा कुनै पनि
"
9,"व्यावसायिक तरकारी
"
9,"0 305 “९ हट 70 “99 (७ 100
"
9,"बि निश्चित दिशामा पार गरेको दुरी (5)
"
9,"के हुनुपर्छ, यसमा व्यापक बहस हुनु जरुरी छ।"
9,+4x- 10y + 100 =0 9. शिक्षकलाई देखाउनुहोस् | अभ्यास 4.2 1. शिक्षकलाई देखाउनुहोस् ।
9,तलबले भ्याएजति माल कोच्नु थियो ।
9,कक्षाकोठामा किताब राख्न मिल्ने ज्याकसहितको टेबुल छ ।
9,भएर प्राथमिक माइसेलियम बन्छ ।
9,प्रयोगाश्चित सम्भाव्यता निकाल्दा निम्नानुसारको सूत्र प्रयोग गरिन्छ : प्रयोगाश्चित सम्भाव्यता (Empirical Probability) = परीक्षणबाट प्राप्त परिणाम सङ्ख्या कुल परीक्षण सङ्ख्या ।
9,कार्यालयका विज्ञको सुझावअनुसार खेतबारीको विभिन्न ठाउँको माटो जाँच गराए ।
9,"कपिलवस्तु राज्यको छिमेकमा पर्ने कोशल राज्यका राजा विरुद्धको आक्रमणमा परेर कपिलवस्तु राज्य
"
9,कुलत त्यागेर STAT लागेको कुनै व्यक्तिलाई आफनो भविष्य सुन्दर बनाउन प्रोत्साहित गर्दै कक्षामा मन्तव्य प्रस्तुत गर्नुहोस् ।
9,गोबर ग्याँस पनि भनिन्छ ।
9,"5410, रोपनी [ “270 ।"
9,मान्छेले निगालाको एउटा लौरो मात्र टेके पनि निकुञ्जको नियम उल्लङ्घन भएको ठान्छ खप्तड ।
9,"आएका सङ्गोल, निग्रोलगायतका मानिसको पनि बसोबास छ ।"
9,बनाउनका लागि प्रयोग गरिन्छ ।
9,हाम्रो इतिहासलाई हेस्यौँ भने थुप्रै वीर योद्धाहरूले देशको शिर ठाडो पार्ने काम गरेका छन्‌ ।
9,"कीटनाषक विषादीका प्रकार (65 01 1156017010605)
"
9,"तथ्य
"
9,"हर्ष बढाइँ गर्दा बारुद
"
9,"यदि उक्त पसलको
"
9,"यही उत्पादन नै देशको खुद वार्षिक आम्दानी वा राष्ट्रिय लाभांश हो (The labor and capital of a country acting on its natural resources produce annually a certain net aggregate of commodities, material and immaterial including services of all kinds. This is the true net annual income or revenue of the country or national dividend) | साइमन कृुज्नेट (Simon Kuznets) का अनुसार राष्ट्रिय आम्दानी भनेको अन्तिम उपभोक्ताहरू समक्ष भएको देशको उत्पादन पद्धतिमा एक वर्षभित्र प्रवाहित हुने वस्तु तथा सेवाको खुद उत्पादन हो (National income is the net output of commodities and services flowing during the year from the country's productive system in the hand of the ultimate consumer) | माथिका परिभाषाका आधारमा राष्ट्रिय आय भनेको कुनै अर्थतन्त्रको स्वामित्वमा रहेका उत्पादनका साधनले एक वर्षको अवधिमा उत्पादन गरेका अन्तिम वस्तु तथा सेवाको मौद्रिक मूल्यको जोड हो ।"
9,"समाधान यहाँ, अर्धव्यासको लम्बाइ (r) 5501) चापको लम्बाइ (I) = 9cm केन्द्रीय कोण (0) =?"
9,"पसिद्ध हिन्दु मन्दिर पशुपतिनाथ र बौद्धको
"
9,"फरक - 220 ४)
"
9,पत्र मुद्राको अङ्कित मूल्य अधिक तर अर्न्तनिहित मूल्य न्यून हुने गर्दछ ।
9,क्रिप्टोकरेन्सी शब्द दुईओटा अङ्ग्रेजी शब्द मिलेर बने को छ ।
9,"कोरियाको युद्ध, तिब्बतमा भएको आक्रमण, नेपालको जनक्रान्ति, रुस र
"
9,(छ) बढ्दो विप्रेषण (Increased remittance) विदेशमा काम गर्न गएका मानिसले घरमा ल्याएको पैसालाई विप्रेषण भनिन्छ ।
9,"(a) A(2, 3), B(4, -1) र C(0,5) (b) A(2, 6), B(6, 2) र C(12, 4) (c) (1, 2), (3, 1) र (5, 3) 10. (9) बिन्दुहरू (1, 2), (3, 0), (x, 4) र (5, y) समानान्तर चर्तुभुका शीर्षबिन्दुहरू हुन् भने ty को मान निकाल्नुहोस् ।"
9,नियन्त्रण गर्न विभिन्न प्रकारका कीटनाशक रासायनहरूको प्रयोग गरिन्छ ।
9,नहिँड्नुहोस् है ।
9,"तास्मानिया,
"
9,(क) एक चक्के अचल घिर्नीबाट यान्त्रिक फाइदा नभए पनि यसको प्रयोग किन गरिन्छ ?
9,1.5. प्रमाणित भयो ।
9,(अ) कार्तिक नाच : कार्तिक नाच राजा सिद्धिनररासंह मल्लको | — (01 पालादेखि प्रर्चलत शास्त्रीय नृत्य क 0 ?
9,"उदाहरणका लागि डेक्सटप कम्प्युटरको तुलनामा ल्यापटप, सामान्य किसिमको मोबाइलको तुलनामा स्मार्टफोन उपभोक्ताको रुचि र प्राथमिकतामा पर्दछन् ।"
9,कार्यपालिकाले कानुनको कार्यान्वयन गर्ने काम गर्दछ ।
9,"यस्ता रासायनिक समीकरणलाई
"
9,तपाईँ त तावाबाट बन्नुभएको होइन ?
9,"बिरुवाका पातहरू
"
9,रेस्टुरेन्ट आदिका भितामा चित्र (४/91]1 &11) को प्रयोग भएको देख्न सकिन्छ ।
9,"ग) |धार्मिक कार्यका लागि गरेको खर्च | समायोजित करयोग्य आयको 5% र रु. 1,00,000
"
9,(घ) शिक्षकलाई देखाउनुहोस्‌ ।
9,"२ चन 1002, ३ च 1402
"
9,"16. कुनै गाउँको पिउने पानीको मुल स्रोतका रूपमा धाराको पानी प्रयोग नभएको समयमा
"
9,माथिको तालिकाका आधारमा मागको नियमलाई रेखाचित्र 2.2.1 बाट देखाइएको छ ।
9,“छोरा सन्चै छौ ?
9,त्यसर्पाछ यसका स्रोताको मनोभावनाको सम्बोधन गर्ने कुरा अर्को चुनौतीको रूपमा देखिएको छ ।
9,"उदाहरणका लागि ग)ए' ()01011010 010716191 प0110:0011916) पाउडरको प्रयोगले
"
9,"पूर्वी पहाडी
"
9,ग्रामीण क्षेत्रको तुलनामा सहरी क्षेत्रका पूर्वाधारमा केही बढी लगानी भए पनि यी पूर्वाधारहरू पनि बढ्दो सहरीकरणअनुसार पर्याप्त छैनन् ।
9,"ख) पहँलो रङमा अडिने
"
9,"2. तलका चित्रमा x Ty को मान पत्ता लगाउनुहोस् : (क) (ख) 809 (2 S 50° S ८) (ग) (घ) A /) ८ 120° 3३. तल दिइएका अवस्थामा x, y, ४ Ta को मान पत्ता लगाउनुहोस् : (क) _।"
9,"सुनिश्चित गर्ने
"
9,यहाँ बसोबास गर्ने गोरा जातिलाई ककेसियन भनिन्छ ।
9,"(ङ) लेडी विथ द ल्याम्पको उपनासले विश्व प्रख्यात
"
9,"(घ) त्ररूणात्सक घाताङ्कको नियम (99 01 291८ 110ा८९५)
"
9,"घरेलु तथा साना उद्योगअन्तर्गत उनी तथा सुती कपडा उद्योग, घरेलु
"
9,कक्षामा पढ्छौ ।
9,"क्लोरिन, कार्बन
"
9,"साइटोकाइनिन हर्मोन जराको टुप्पो, इम्ब्रियो र फलहरूमा प्रशस्त मात्रामा पाइन्छ
"
9,यिनलाई चिन सरकारले मिङहोई (तीव्र प्रतिभा) को उपाधि प्रदान गरेको थियो ।
9,बिहान ६ बजे गाडी छुट्यो | बाटो बिग्रिएको |६ बजे गाडी छुटेन ।
9,नेपालमा बेरोजगारीको अवस्था चुनौतीपूर्ण छ ।
9,"0. 021399 बिघा 5 0. 021399 ५ 20 कठ्ठा [ .' 1 बिघा तू 20 कठठा ]
"
9,"3011 (000(20118 110 110011118 09115$ 11 ०6 0100160 (2-%/09 00)) 90(0119009119 गा 25
"
9,"यस्ता माध्यम र निकायबाट सामाजिक परम्परा, रीतिरिवाज, मूल्यमान्यता, सहयोग, सम्मानलगायतका व्यवहार सिक्दै समाजमा घुर्लामल हुन सकिन्छ ।"
9,"हजारौँ वर्ष पहिले नाट्यशास्त्रका लेखक भरतमुनिले बजाउने शैलीका साथै बनोटका आधारमा लोकबाजालाई तत वाद्य, वितत वाद्य, शुषिर वाद्य, घन वाद्य र अवन वाद्य वर्गमा वर्गीकरण गरेका छन् ।"
9,हाम्रो घरको करेसाबारीमा घरमा खानका लागि बर्सैभरि तरकारी उत्पादन गरिन्छ ।
9,छ) एककोषीय जीव यिस्ट फर्मेन्टेसन प्रक्रियामा प्रयोग गरिन्छ ।
9,"सामुदायिक कार्य
"
9,"ens Or मानिसलाई दैनिक रूपमा धेरै वस्तुहरूको त (७6 आवश्यकता पर्दछ, जस्तै : भोकका लागि ।"
9,हो फलेगाउँ ।
9,निकालिएको अङ्कलाई प्रतियुनिट शुल्कले गुणन गरी विद्युत्‌ महसुल निकालिन्छ ।
9,"भअन्यास
"
9,यस घरमा काकाको छोरो बस्छ ।
9,| उदाहरण !
9,"2020 5 0125 (को.) | 0) | 20 // 8२ मा एकान्तर कोण
"
9,"15. टेनिस बलको अर्धव्यास यदि पहिलेकोभन्दा दुई गुणा भयो भने तिनीहरूको आयतनमा कति
"
9,"उन्ती प्रज्ञा प्रतिष्ठानमा रहँदा “गाईजात्रा महोत्सव' को पवर्धन
"
9,"10) मोवाइल सेवाअन्तर्गत न्यूनतम
"
9,माथिको प्रश्नमा सोधिए जस्तै दैनिक जीवनमा लागु हुने थप उदाहरणहरूबारे छलफल गर्नुहोस्‌ ।
9,"उहाँ नातिनीलाई मन पर्ने सेलरोटी पकाउँदै
"
9,"(ख) सञ्चित बारम्बारता तालिकाबाट :
"
9,"त्यस्ता सम्बन्धले सामाजिक चेतना , सामूहिक भावना
"
9,"00 101110000707 7 रका (त)
"
9,सक्ने अनुकूल वातावरण थिएन ।
9,"हुने, रिंगटा लाग्ने, अचेत हुने
"
9,रोकथामका लागि गर्नुपर्ने क्रियाकलापको सूची तयार पार्नुहोस्‌ ।
9,"मैले जाँतो घुमाउने जिद्दी गर्दा
"
9,€ाजगाो ।
9,प्रत्येक समूहले तीन तीनओटा सिन्का सङ्कलन गर्नुहोस् ।
9,"उनीहरूले घर फर्कदा डेरीमा पसेर दुध, दही र पनिर किनेर ल्याए | ३. पाठमा प्रयोग भएका दुई दुईओटा तत्सम, तद्भव र आगन्तुक शब्द टिपोट गर्नुहोस् | ४. दिइएको अनुच्छेदमा रहेका मूल र व्युत्पन्त शब्द पहिचान गरी अलग अलग सूची बनाउनुहोस् : आकृतिले प्रकृतिका विषयमा एउटा सुन्दर कविता रचना गरिन् | उनले त्यो कृति पढेर जय, विजय र सञ्जयलाई सुनाइन् ।"
9,दूरसञ्चार प्रविधिका उदाहरणहरू लेख्नुहोस्‌ ।
9,"सरकारका खाताहरू (राजस्व, सार्वजनिक कोष) को सञ्चालन र व्यवस्थापन गर्दछ ।"
9,धारा १९ मा सञ्चारसम्बन्धी हकको व्यवस्था छ ।
9,असर छन्‌ ।
9,"यस युद्धमा नेपालले पराजय बेहोरे पनि यो नेपाली
"
9,बिरुवाहरू र वातावरणबिच अन्तरसम्बन्ध रहेको हुन्छ ।
9,"यहाँ पाइने हावापानी वनस्पति तथा वन्यजन्तु निम्नअनुसार उल्लेख गर्न सकिन्छ :
"
9,प्रयोग बढाउँदै जानुपर्छ ।
9,"गुणाभन्दा 1 ले कम हुन्छ भने उनीहरूको अहिलेको उमेर पत्ता लगाउनुहोस्‌ :
"
9,"यसरी ठिक बिचमा पर्ने साथीको उचाइलाई के भनिन्छ होला, छलफल गर्नुहोस् ।"
9,"सरलाले भक्ति थापाले गरेको योगदानलाई यसरी प्रस्तुत गरिन्‌ :
"
9,"उक्त शक्तिको प्रयोगबाट सजीवले
"
9,"गर्दा 4001 बल लगाएर 6001 को लोडलाई चित्र 8.2 उत्तोलकको प्रयोगले लोड उचालिएको
"
9,प्रस्तुत गर्नुहोस्‌ ।
9,¥ 4a} 4 | \v my हो ।
9,"सोलार वाटर हिटर (0101 ७४९1 160161)
"
9,"चे)
"
9,"1. «13 च 1)0(., ५) च (८;
"
9,मरिसकेकाले उनी घरमा एक्लै बसेकी रहिछन्‌ ।
9,जनशक्तिको आवश्यकता पर्छ ।
9,यसलाई पूर्तिको नियमको सीमा भनिन्छ ।
9,कुनै पनि विकास कार्यक्रमले केही न केही पर्यावरणीय क्षति त अवश्य निम्त्याउँछ ।
9,: सामाजिक कर्तव्य चाहिँ कुन कुन हुन्‌ त ?
9,ताप शक्तिमा रूपान्तरण गर्न सकिन्छ ।
9,"निम्नलिखित प्रश्नको समाधान गर्नुहोस्‌ :
"
9,"र नैपाली, कक्षा १
"
9,भुसको ब्रिकेट तयार पारेको थियो ।
9,सानो कान्छो लुरुलुरु आयो ।
9,अ) बाह्य व्यापारले देशको व्यापारलाई विश्व बजारसँग जोडने काम गर्छ ।
9,"उक्त वृत्तको व्यासको लम्बाइ कति होला, पत्ता लगाउनुहोस्‌ ।"
9,"कोही खेतबारीमा पसिना चुहाउँदै गरेका, कोही कोही सडकछेउ बसेर फलफूल बेचिरहेका, कोही घाँसको भारी त कोही दाउरा बोकेर घर फर्किरहेका ।"
9,(0) मध्यक भिन्नता र स्तरीय भिन्नताबिच के के फरक छ ?
9,"विभिन्न देशसँग दौत्य सम्बन्धबाट सांस्कृतिक आदानप्रदान, खेलकुद, शिक्षा, उद्योग व्यापार, पर्यटन
"
9,"हामीले सुन्ने
"
9,अचेल कसरी बाल प्रतिभाले लोकदोहोरी गायनमा घगडान व्यक्तित्वलाई आच्छु आच्छु पारेका
9,शिक्षकको अनुपस्थितिमा पनि साथीलाई स्वाध्ययन गर्न प्रेरित गर्छन् ।
9,"पोस्ट, व्यक्तिको मानहानि गर्ने आदि कार्य पनि साइबर अपराध हो ।"
9,फाल्छन्‌ ।
9,| उदाहरण !
9,"युरोप : आर्थिक र सामाजिक जनजीवन
"
9,"तपाइँको समुदायमा पनि यस्ता वास्तुकला र शैलीका घर होलान्‌, तिनको अवलोकन गरी
"
9,"अथवा, त स्
"
9,"ती सङ्ख्याहरू, 17 र 71, 26 र 62, 35 र 53 तथा 44 र 44 हुन सक्छन्‌ ।"
9,"र चुनढुङ्गा, सिलिका, पानी आदि अप्राङ्गारिक यौगिकहरूमा अक्सिजन तत्व पाइन्छ ।"
9,यसरी कनै तथ्याङ्कलाई चार बराबर भाग (अंश) मा विभाजन गर्ने मानलाई aT भनिन्छ ।
9,"(ग) जिल्ला अदालत : नेपालका soe जिल्लामा जिल्ला अदालतको व्यवस्था गरिएको छ | जिल्ला अदालतले सुरु कारबाही र किनारा गर्ने, मातहतका न्यायिक निकायले गरेका निर्णयउपर पुनरावेदन सुन्ने काम गर्दछ | जिल्ला अदालतले आफनो मातहातका न्यायिक निकायको निरीक्षण एवम् सुर्परवेक्षण गर्दछ | जिल्ला अदालतले आवश्यकतानुसार आफ् मातहातको निकायलाई निर्देशन दिन सक्छ न्यायपालिकाका प्रमुख कार्य निम्नअनुसार छन् | (क) संविधान प्रदत्त अधिकार र स्वतन्त्रताको संरक्षण गर्छ ।"
9,विद्युतीय र चुम्बकीय क्षेत्रमा हुने पेरियोडिक डिस्टरबेन्सले पनि शक्ति प्रसारण गर्छ ।
9,ती ह्याप्लोइड न्युक्लियसहरू संयोजन भएर एउटा डिप्लोइड न्युक्लियस बन्छ ।
9,7.2.3 गोलाको आयतन (Volume of sphere) ७ विद्यार्थी आवश्यक सङ्ख्यामा समूहमा बस्नुहोस् ।
9,कमजोर स्वास्थ पूर्वाधार भएका ठाउँको मृत्युदर उच्च रहन्छ ।
9,१ प्राकृतिक सुन्दरता' शीर्षकमा एउटा निबन्ध तयार पार्नुहोस्‌ ।
9,(ग) यसले गर्दा सजीवहरूको वैज्ञानिक नामाकरण गर्न सजिलो हुन्छ ।
9,चञ्चल वायु र चराचुरुङ्गीका कलरव श्रवण गर्दै हामीले जोसिला पाइला चाल्यौँ ।
9,विशेषण शब्द पहिचान गर्नुहोस्‌ ।
9,"विदेशमा बस्दा सिकेको सिप र अनुभवमा आधारित भई खेतीपाती गर्दा बढी उत्पादन
"
9,"सँगैको साथीसँग मिलेर दुईओटा फरक फरक समढ्रिबाहु त्रिभुज ABC खिच्नुहोस् : जस्तै, A B छ Cc रछ Cc चित्र (क) चित्र (ख) सबै त्रिभुजमा आधार BC को लम्बार्धक खिच्नुहोस् | उक्त लम्बार्धकले आधार BC मा काट्ने बिन्दुलाई D नाम दिनुहोस् | अब चित्रमा कोण “1341) र ZCAD को नापलाई तलको तालिकामा भर्नुहोस् | चित्र ZBAD ZCAD नतिजा |: |]: 1: निष्कर्ष : समद्विबाहु त्रिभुजमा आधारको लम्बार्धकले शीर्षकोणलाई आधा गर्छ | A | 6 दिइएको चित्रमा x को मान पत्ता लगाउनुहोस् : an समाधान we ९ यहाँ, ZBAC = 50°, AB - ५८ समद्विबाहु त्रिभुजका आधारका कोण ZABC = ZACB =x ZABC + ZACB + ZBAC = 180° (: त्रिभुजका भित्री कोणको योगफल 1802 हुन्छ ।"
9,"राम्ररी फिटेको 52 ओटा तास भएको प्याकेटबाट एउटा तास थुत्दा बादशाह पर्ने सम्भाव्यता कति होला, निकाल्नुहोस् | समाधान यहाँ सम्भाव्य कुल परिणाम सङ्ख्या n(S) = 52 अनुकूल परिणाम सङ्ख्या वा बादशाहको सङ्ख्या n(K) = 4 बादशाह पर्ने सम्भाव्यता P(K) = AUK) n(S) 4 1 BECSE एउटा घनाकार डाइसलाई गुडाउँदा 5 नआउने सम्भाव्यता कति हुन्छ ?"
9,"इनर्जी शुल्क : 20 युनिटसम्म प्रति युनिट रु. 3 र 21 युनिददे
"
9,"त्यस्तै कलाकारलाई पुरस्कार र सम्मान गर्न
"
9,1202 को कोण खिच्नुहोस्‌ ।
9,मानसिक अवस्थामा पनि समस्या उत्पन्न हुन सक्छ ।
9,19.2 सम्भाव्यता स्केल (Probability scale) ।
9,"त्यही अर्धव्यास लिई चारओटा वृत्त बनाई बललाई बेरिएको धागो फुकाएर ती चारओटा वृत्तमा
"
9,"RR नेपाली, कक्षा ९ १३. दिइएको सन्दर्भ पढ्नुहोस् र तोकिएको कार्य गर्नुहोस् : मेरो नाम धनराज धामी हो ।"
10,बिरुवा (60111161005 ])] 8) भनिन्छ ।
10,"हृयाप्लोइड कोष भन्नाले दुईप्रतिबाट
"
10,"यो सम्झौतापछि रुसले फिनल्यान्डमाथि आक्रमण गरी आफ्नो अधिकार कायम TA | उता सन् १९४० को जुन महिनासम्ममा जर्मनीले हल्यान्ड, बेल्जियम र डेनमार्कमा आफ्नो अधिकार कायम गरी फ्रान्समाथि आक्रमण TT ।"
10,२. तलका प्रश्नहरूको छोटो उत्तर दिनुहोस् : (क) मानव अधिकार आयोगले गर्ने प्रमुख कार्यहरू उल्लेख गर्नुहोस् ।
10,"१. वातावरणको प्रभावकारी संरक्षण गर्ने
"
10,स्वर्गको परित्याग गरेको कथा हामीले सुनेकै छौँ ।
10,यसका प्रकार छोटकरीमा व्याख्या गर्नुहोस् ।
10,"जाने अथवा 3 ले भाग जाने अडक पत्ती आउने सम्भाव्यता कति हुन्छ, पत्ता लगाउनुहोस्‌ :
"
10,उदाहरण दिनुहोस् ।
10,उनलाई हरिलाई साथी बनाएर घुमफिर गर्न र एक्लोपन हटाउन र मन बहलाउन मन लाग्यो | केही दिन उनी हरिसँग घुर्माफर पनि गरिन् तर अचानक एक दिन उनलाई आफ्नो साथी निशाको याद आयो ।
10,"ती व्यक्तिलाई सामाजिक सुरक्षा, सहयोग र मानवीय सेवा प्रदान गर्नु समाजका हरेक नागरिकको दायित्व हो | उनीहरूप्रतिको सामाजिक दायित्व वहन गर्नाले सामाजिक सहअस्तित्व, सामाजिक एकता सुदृढ भई असल सामाजिक संस्कार र मूल्यमान्यता समाजमा स्थापित हुन्छ ।"
10,बनर्स्पाति त्यहाँ पनि पाइने रहेछ ।
10,यो कला कृतिका साथै आस्थाको प्रतीक भएकाले राम्रो मूल्यमा यसको बिक्री हुन्छ ।
10,पनि 1 भन्दा डो हन्छ ।
10,(ग) सिंजा राज्यका खस राजाहरू प्रभावशाली थिए भन्ने कुरालाई उनीहरूको राज्य विस्तार तथा अन्य राज्यहरूसँग भएका सन्धिका आधारमा छोटकरीमा लेख्नुहोस् | (घ) “सिंजा राज्यमा पृथ्वी मल्ल निकै महत्त्वपूर्ण मानिन्छन् ।
10,"उड्ेशण : मौरीको जीवनचक्रको अध्ययन गरी चित्र तथा नमुना निर्माण गर्नु र विशेषता
"
10,"ञ्च क्नु ह् [र]
"
10,यो द्वन्द्व चलिरहेको बेला सरकारको समर्थक भएको आरोपमा माओवादीले सर्वसाधारण नागरिकहरूलाई ७० इतिहास : कक्षा
10,इतिहासका मुख्य घटनाक्रमहरूलाई एउटा रेखामा क्रमबद्ध रूपले मिलाएर प्रस्तुत गरिन्छ जसले घटनाक्रहरूलाई दर्शनीय रूपमा प्रदर्शन गर्न र बुझ्न सजिलो पार्दछ ।
10,"1. हाड ग्लास टेस्टटयुबको मुख अलिर्काति ढल्काएर
"
10,"तर कतिपय ठाउंमा त विकास निर्माणका काममा कामदारको अभाव भई ढिलासुस्ती
"
10,तर अहिले सम्म पनि बच्चा नहँदा उन्तीहरू निराश छन्‌ ।
10,"ग) नयाँ नयाँ प्रजातिका बोटविरुबाहरू खोज अनुसन्धानविना उमार्नाले रैथाने प्रजातिको
"
10,"कपर अक्साइड, लिड अक्साइड, आइरन अक्साइड आदिलाई कार्वन, कार्बन मोनो अक्साइड,
"
10,"ख) वि.स. 2079 वैशाखदेखि कार्तिकसम्ममा जम्मा कति रकम प्रोत्साहनबापत बुझेका
"
10,त्यहाँको प्रबन्धक वा प्रमुखलाई भेटी विभिन्न किसिमका योजनाहरूका बारेमा जानकारी लिनुहोस् वा उक्त बैङ्किङ संस्थाको ब्रोसर लिएर त्यसमा भएका विभिन्न योजनाहरूका बारेमा अध्ययन गर्नुहोस् | त्यहाँका योजनाहरूमध्ये तपाईँहरूका लागि निश्चित रकम जम्मा गर्न कुनचाहिँ उपयुक्त रहयो र किन ?
10,"नेपालमा यसको कार्यान्वयनको अवस्था सम्बन्धमा एउटा खोजमूलक आलेख तयार
"
10,"सँग तुलना गर्दा, केन्द्र (710 = (-g,-f) अर्धव्यास (r) = /g2 + f2 —c अतः साधारण स्वरूप x?"
10,यसको गुरुत्व प्रवेग रकात हुन्छ ?
10,आयतको उचाइ _ _ _ 1 हि _ त्रिभुजको उचाइको आधा मात्र हुन्छ ।
10,"तर के
"
10,नपारुन्‌ ।
10,"बाबु चाहिँ
"
10,"पछ. सामाजिक अध्ययन; कक्षा-१०
"
10,4. कुनै पनि वस्तुको तापको परिमाण र त्यस वस्तुको पिण्डसँग कस्तो सम्बन्ध हुन्छ ?
10,यदि कसैले सफलता प्राप्त गर्नु छ भने शत्रृसँग पानि राम्रो व्यवहार गर्नुपछँ ।
10,"विद्यार्थीमा नौतिक आचरण प्रदर्शन गर्ने, साम्ीजक सदभावर्प्रात संबेदनशील हुने, पर्यावरणीय सन्तृलनप्रात
"
10,क्रियाकलाप १. कक्षाका विद्यार्थीहरू ७ समूह बनाई नेपालका सात प्रदेशमा पर्ने जिल्लाहरूसहितको नक्शा बनाई कक्षा कोठामा प्रस्तुत गर्नुहोस् ।
10,"दुरसञ्चार प्रविधिमा आप्टकल फाइबर सञ्चारको सङ्केत अर्थात्‌ डाटालाई प्रकाशका
"
10,सानुमाया : नमस्ते है सबै जनालाई ।
10,(घ) नगद विदेश जान नदिन के गर्नुपर्छ ?
10,"शिक्षित (ई) भावनात्मक
"
10,"अत: छुटेको मान (|) त 30
"
10,मुरलीधर पनि पाछि पछि गए ।
10,रामकेवल सर : कुनै पनि तथ्याङकसँग सम्बन्धित सबै पक्षका बारेमा विस्तृत रूपमा विश्लेषण गरेपछि सङ्कलन गरिएका तथ्याङ्कहरू उपयुक्त र विश्वसनीय हुन्छन् | वास्तवमा तथ्याङ्कहरूको वर्गीकरण र यस्ता तथ्याङकहरूको प्रकृतिको छनोट गरिसकेपछि आवश्यक पर्ने तथ्याङक सङ्कलनमा कुन अनुसन्धान विधिको प्रयोग गर्न सकिन्छ भन्ने कुरा निर्दिष्ट हुन्छ ।
10,"दुईओटा कार्वनहर्छयाबच डबल वा ट्रिपल सहसंयोजक [0001)1€ 07 111[)16 60991611)
"
10,"उनले (Ny Fe generation लामो पखेटा र छोटो पखेटा भएको डोसोफिलाको 9२३ रु मोनोहाइब्रिड क्रस गराउँदा पहिलो वंशमा सबै लामो पखेटा (हुँ) भएको ड्रोसोफिला प्राप्त भए | उक्त पहिलो वंशमा प्राप्त Tore winged ‘Short winged ठिमाहा लामो पखेटा भएको ड्रोसोफिलालाई स्वप्रजनन गराउँदा दोस्रो वंशमा लामो पखेटा, छोटो पखेटा र ठिमाहा चित्र 19.6 लामो पखेटा भएको Rea पाएका थिए ।"
10,रामनरेश तिमीलाई के भयो ?
10,कुलर लेन्स' बिरामीको आँखामा लगाइन्छ र बिरामी आफनै आँखाबाट संसार देख्छन्‌ ।
10,कसै कसैले हुन्डीबाट र कसैले व्यक्तिबाटै पनि पैसा पठाउने र झिकाउने काम गरेको पाइन्छ ।
10,त्यसै गरी सन १९७५ लाई सयुक्त राष्ट्र सङ्घले 'महिला वर्ष' का रूपमा मनाई सकेपछि विश्वव्यापी ११४ समाजशास्त्र : कक्षा १० रूपमा महिलासँग सम्बन्धित मुद्दाहरू उठाइए ।
10,"बाइकार्वोनेटसंग कडा सम्फ्युरिक अम्ल मिसिएर चित्र 16.4
"
10,सामानिक अध्ययत; कक्षा-10 समूह 'ग' राष्ट्रिय झन्डा राष्ट्रिय झन्डा नेपालीको साझा पहिचान एवम् राष्ट्रिय गौर वको प्रतीक हो | नेपालको झन्डा विश्वमा एक मात्र त्रिकोण आकार भएको झन्डा हो | नेपालको झन्डा दुई त्रिकोण मिलेर बनेको छ ।
10,"प्राकृतिक खोत र साधनको विवेक सङ्गत एवम्‌ सावधानीपूर्ण उपयोग गर्ने
"
10,जीवावशेष उर्जाका फाइदाहरू जीवावशेष उर्जाका फाइदाहरू निम्नानुसार छन् : ७० अन्य प्रकारका इन्धनहरूको दाँजोमा सस्तो र सुलभ छ।
10,"नद विज्ञान तथ प्रविधि; कमा १०
"
10,व्यक्तिहरूमा राष्ट्रप्रेम विकास गर्दछ ।
10,खोई अहिलेसम्म त हि OQ Soe मिठाईको नामै सुनिएको छैन | बिर्सी (रु i: Cy होलिन् | = re ५. मानले बढाइ चढाइ कुरा गरेको Can pe देख्दा र आफू सानो भएको देख्दा = “a ‘ es लाललाई आफैँ भुइँमा TS जस्तो ॥
10,) ।
10,यो आयोजना आ.व. २०६४/६५ देखि सुरु भएको हो | यस आयोजनाको अनुमानित बजेट रु १ खर्व १ अर्व ५० करोड रहेको छ | भेरी बबई |यस आयोजनाबाट भेरी नदीको पानीलाई सुर्खेतको जहरेमा बाँध बाँधी डाइभर्सन सुरुडमार्फत् बबई नदीमा खसाली ४८ मेगावाट विद्युत् उत्पादन गर्ने लक्ष्य बहुउद्देश्यीय | लिइएको छ ।
10,"ल सुधार समिति, आमा समूह, महिला समूह, युवा समूह तथा विभिन्न क्लवहरूले
"
10,"(ख) m बाट A घटाउँदा आउने विचलन (0) 51) -% पत्ता लगाउनुहोस् | (ग) 500 पत्ता लगाउनुहोस् | 183: eT, HBT - 10 _ ४ _ (घ) मध्यक (x) =A+ 2070 पत्ता लगाउनुहोस् ।"
10,(ग) विज्ञानले कुन कुरामा विश्वास गर्छ ?
10,कुनबाट पैसा पठाउँदा छिटो छरितो र भरपर्दा तरिकाले पैसा आइपुग्छ ?
10,"किसानहरूले परापूर्वकालदेखि स्थानीय स्तरमा उपलब्ध स्थानीय जातका १०६ वातावरण विज्ञान, कक्षा-१० बिउबिजन तथा पशुको गोबर, सोत्तर, आदिबाट eens cee त NL बनेको घरायसी मल प्रयोग गर्दै आएकाछन् | Aenea ॥"
10,Eg >=land<=15 <>0 > 10000 Or Is Null >= # 1/1/1999# AND <=#1/1/2004# Validation Validation Rule (>=1 and <=15) मा Set गरेको मान (value) बाहेक अरू Text . data entry हुन गएमा कुनै सूचना देखाउन यो Properties को प्रयोग गरिन्छ ।
10,"अनुसन्धान कार्यको उद्देश्य उक्त विषयका बारेमा चासो राख्ने अनुसन्धान कर्ता, विद्यार्थी, समाज वा व्यक्तिलाई फाइदा पुग्याउनुपर्ने हुन्छ ।"
10,परियोजना कार्य तपाईँको विद्यालयमा सञ्चालित दिवाखाजा अवलोकन गर्नुहोस् | दिवा खाजा तयार गर्दा प्रयोग गरिएका खाद्यसामग्री उपभोक्ताको हित अनुकूल छन् कि छैनन् पत्ता लगाई एउटा प्रतिवेदन तयार गर्नुहोस र प्रधानाध्यापकलाई बुझाउनुहोस् ।
10,अर्जेन्टिनामा प्रशस्त मात्रामा गहँको उत्पादन हन्छ ।
10,त्यस युद्धमा धेरै नेपालीले विरगती प्राप्त गरेका थिए भने धेरै नेपाली सैनिक घाइते भएका थिए ।
10,यो सन्धि लागु भएपछि १ जनवरी १९५८ मा यस सङ्घको विधिवत उद्घाटन भयो ।
10,"बिना थिङ
"
10,यसले विविधताविचको एकतालाई प्रार्थामकता दिन्छ ।
10,सरकारी तथा गैरसरकारी कर्मचारीहरूले हड्ताल गर्न थाले | सरकारले कर्मचारीहरूका मागबारे जाँचबुझ गर्न एउटा आयोग गठन गरेपछि मात्र कर्मचारी आन्दोलन शान्त भयो ।
10,के के काम गर्नुहुन्थ्यो ?
10,“जब एउरा वस्तको ॥
10,ग्रस्त बिरामीलाई कृत्रिम श्वासप्रश्वासका लागि प्रयोग गरिन्छ ।
10,लोग्ने र स्वास्नीको सम्बन्धमा समान अस्तित्वका आधारमा स्विकार्न थालिएको छ ।
10,निश्चित मानले परिवर्तन हुन्छ ।
10,"देखिने पिण्डका आधारमा ब्रहमाण्डको घनत्व
"
10,"254 बिन्दु उत्क्रम वृत्तका समीकरण उत्क्रम बिन्दु 274 55 (e pi 3. (9) चित्रमा, CHA (inversion) TT ABC को केन्द्र 0 र ?"
10,कक्षाबाट प्राप्त पृष्ठ पोषणलाई समेट्दै एक लेख तयार गरी भित्ते पत्रिका वा अन्य पत्रिकामा प्रकाशन गर्नुहोस् ।
10,e नवीकरणीय aut प्रविधि (renewable energy technologies-RETs): यसले ग्रामीण क्षेत्रमा नवीकरणीय Sat प्रविधि प्रवर्धन गर्ने सरकारी योजना तथा नीति नियमलाई कार्यान्वयन गर्दै आएको छ ।
10,अहिले पनि धेरै नेपाली वैदेशिक रोजगारीका लागि मरिहत्ते गरेको देख्छु ।
10,"को सु
"
10,"2 ओटामात्र हुकुम आउने
"
10,अनि दुलहीलाई लिएर मोटरमा बसे ।
10,"या त,%-डैत0 "". हुनाछै
"
10,"अथवा, ) ठ डु
"
10,"= जस्तै : walky-talky. २. Full Duplex ३३३ एकैपटक दुवैतर्फ सूचना प्रवाह हुने माध्यमलाई full duplex mode भनिन्छ जस्तै : टेलिफोन, मोबाइल, इन्टनेट, इमेल आदि ।"
10,पहिचान र महत्त्व छ ।
10,भुजाभन्दा 40 11 बढी छ।
10,"क्षोभ दिक्दारी
"
10,निद्यारमा वडेमाको कालो मखमली टीका लगाएकी थिइन्‌ ।
10,मानिसको शरीरको तापक्रम 37°C अर्थात् 98.6°F हुन्छ ।
10,त्यसै बेला रुइतको परिश्वमी स्वभाव देखेर उनी निकै प्रभावित भए ।
10,उब्जाउ योग्य जमिनको उर्वराशक्ति नस्ट हुँदै जान्छ ।
10,यसरी सबै समाजलाई वर्गका आधारमा मात्र पछि परेको हो भन्न पनि मिल्दैन ।
10,"यीमध्ये क्नै प्राकतिक त कनै
"
10,"एउटा औषधी उद्योगमा कार्यरत कर्मचारीको मासिक तलब रु. 10,000 थियो ।"
10,जस्तो हुन्छ ।
10,"घ) दुलेभ पशुपन्छीलाई परस्थानीय संरक्षणको व्यवस्थापन (1,19114921112101 01 2४-5111॥"
10,1710 गीँ।
10,"(ग) जम्मा कति जनामा सर्वेक्षण गरिएको रहेछ, पत्ता लगाउनुहोस् ।"
10,७ सामाजिक अनुसन्धान आफैँमा बौद्धिक कार्य हो ।
10,(ग) MKDIR यस command नयाँ डिरेक्टरी बनाउन प्रयोग गरिन्छ ।
10,"(घ) के त्रिभुज «ए]) र त्रिभुज छा"" अनुरूप हुन्छन्‌, कारणसहित लेख्नुहोस्‌ ।"
10,भए तापनि केही विशेषता भने समान पाइन्छन्‌ ।
10,भोल्टेज वढाउने वा घटाउने निर्धारण हुन्छ ।
10,"ऐन, नियम, नियमावलीलगायतका औपचारिक लिखत नै कानुन हो ।"
10,घरेलु उद्योग सञ्चालन गर्न सकिने पनि प्रशस्त सम्भावना छन् ।
10,यसमा चोट लागेमा शरीर असन्तुलित हुन्छ र स्वेच्छिक चालमा (voluntary movement) असर पर्छ | यो अपाङ्गताको अवस्था हो ।
10,द. आमै : आओस् ।
10,"होइन, सामान किन्दा उत्पादन मिति र उपयोग गर्नुपर्ने अन्तिम मिति हेर्नुपर्छ भनेर कति भन्नु यी छोराछोरीलाई ?"
10,"उहाँले भन्नुभयो
"
10,"ब2वत0
"
10,"व्यक्तिगत विवरणको
"
10,र कर्तव्यपालन गर्न बाध्य पार्न सक्छ ।
10,"आवश्यक श्ामग्री : माछा
"
10,“.7(4८ 03८0) त ।
10,"र 2 |
"
10,प्रदान गरेर बिमाले जोखिमबाट बच्न सहयोग गर्छ ।
10,यदि त्यो सङ्ख्याबाट 9 घटाइयो भने त्यसका अङ्कहरूको स्थान बदलिन्छ ।
10,[आ) के यी जीवहरूमा प्रणालीको विकास भएको हुन्छ ?
10,"APART १, तलका प्रश्नहरूको अति छोटो उत्तर दिनुहोस् : (क) नागरिकलाई एक चेतनशील प्राणीका रूपमा परिभाषित गर्ने व्यक्ति को हुन् ?"
10,"यहाँ (३) टेन्टमा सोली र बेलना,
"
10,आज विश्वमा अधिकांश विकासोन्मुख देशहरूमा जनसङ्ख्या वृद्धिको गति तीव्र छ।
10,"4. K, Na, Al, Ca, Mg र Ba जस्ता धातुका लबणहरू सेता वा रङहीन हुन्छन् भने Cu, Ni, Fe, Co, Mn, Cr जस्ता धातुका लवणहरू रङ्गीन हुन्छन् | 5. सबै Na, Kt NH, का सबै लवणहरू पानीमा घुलनशील हुन्छन् | सबै बाइकार्बोनिट र नाइट्रेट पनि घुलनशील हुन्छन् ।"
10,"आफनो घर परिवारका सदस्यमा उच्च रक्तचाप, मधुमेह, उच्च युरिक एसिड
"
10,"4. चित्रमा देखाइएको जस्तै परिपथमा पृथ्वीले ay, सूर्यलाई परिक्रमा गर्छ भने बिन्दु ?"
10,व्यक्तिमा न्युक्लियोटाइडको क्रमिकता फरक फरक हुन्छ ।
10,"२०७५ को जनगणनाअनुसार नेपाली भाषालाई मातृभाषाका रूपमा बोल्ने जनसङ्ख्याको
"
10,फाइलमा रहेका रेकर्डहरू पढ्नका लागि फाइल INPUT Mode मा खोलिएको हुनुपर्दछ | फाइल पढ्नका लागि INPUT Mode मा खोल्दा Record Pointer ले पहिलो रेकर्ड अर्थात् पहिलो लाइनमा भएका रेकर्डलाई Point गरेको हुन्छ ।
10,"शपत,01 (8) ""04(03), (8) -» ८9९, (5) - 2,010) "" शा, (8)
"
10,"क्रियाकलाप 9.3 ताप तापक्रम परिवर्तन र पदार्थको पिण्डबिचको सम्बन्ध
"
10,आधुनिक प्रविधियुक्त उपकरण आविष्कार र उपयोग गरी बजारको मागलाई थेग्ने उत्पादन साथै सर्वसुलभ मूल्यमा वस्तु उत्पादन र वितरण गरेपछि माग झन् बढ्न थाल्यो ।
10,+ 3a र 9-3 (2) a?
10,मिटर हुने गरी कोर्टको लम्बाइ र चौडाइ पत्ता लगाउनुहोस्‌ ।
10,बाहिर निस्कन्छ ।
10,राख्दै दीर्घकालीन सोचसहितको पांच वर्षे अवधिका लागि पन्ध्रौं योजना तर्जुमा गरिएको हो ।
10,"एकत्वको भावना, सबैले समान रूपमा शान्ति र सहअस्तत्वका साथ आफनो जीवन बाच्न
"
10,"७७ ७७ तक 0 र
"
10,विभिन्न प्रकारका काँचहरूको उपयोगिता लेख्नुहोस् ।
10,ल्याइदिएको छ ।
10,गाउँदेखि तल खोलासम्म पुग्यो ।
10,"अगिल्लोभन्दा पछिल्लो किस्ताबन्दी तेब्बरका दरले बढी तिर्दै जान्छन्‌ भने पहिलो किस्ताबन्दी र अन्तिम
"
10,कृषि समाजको विकाससँगै सहरको पनि विकास भएको पाइन्छ | सहरीकरणको प्रभाव कृषि समाजमा पप्यो ।
10,बंशाण्‌ भनिन्छ ।
10,(ङ) नागरिक अधिकारमध्ये कुनै दुईओटा अधिकार लेख्नुहोस् ।
10,एक हप्तापछि शन्तमायाले काम गर्ने थालिन्‌ ।
10,"बेस र डिअक्सिराइवोज सुगर मिलेर वनेको एकल
"
10,a यदि ZQLT = 70° भए x° को मान कति हुन्छ ?
10,कारण काँडेदार झाडी र खस्रा घाँसका वनस्पति पाइन्छन्‌ ।
10,"पहाड
"
10,"(ख) दसौँ दिनसम्म जम्मा कति चराले बसाइँ सर्ने रहेछन्‌, पत्ता लगाउनुहोस्‌ ।"
10,कोणमा पनि टाढा हेर्दाभन्दा नजिक हेर्दा कोण ठुलो बन्छ ।
10,"वित्तीय रूपमा हुने हानि नोक्सानीको क्षतिपूर्ति
"
10,(अ) अनुच्छेदका 'गर्छ' र 'मानिन्छ' क्रियापदको धातृ पहिचान गर्नुहोस्‌ ।
10,"यसका कारण तापक्रम बढ्ने, वर्षामा अनिश्चितता आउने, हिमशृड्खलाबाट हिउँ पग्लने, बाढी पहिरो जाने, पानीका स्रोतहरू सुक्ने तथा पानीको मात्रामा कमी आउने, रोगकिराको प्रकोप बढ्ने जस्ता वातावरणीय समस्याहरू देखा परेका छन् ।"
10,"[इ) चुम्बकीय बल (ई) विद्युत्‌ चुम्बकीय वल
"
10,"यो सरल, बोधगम्य र लोकप्रिय हुन्छ ।"
10,वनेका नियम कानुन पूर्णपालन गर्ने जिम्मेवारी पनि उनीहरूको रहन्छ ।
10,सञ्चालक : धन्यवाद !
10,संविधानको मस्यौदा तीन महिनाभित्र श्री ५ मा पेस भएको थियो ।
10,'मुनामदन' मार्फत देवकोटाले ने शिखरमा पुज्याएका थिए ।
10,"आधुनिक पेरियोडिक तालिकाको ग्रुप 11 र 1114 बिचमा रहेका तत्त्वलाई
"
10,कम्पाउन्ड आँखाले टाउको नघुमाई वारिपरि हेन सक्छ ।
10,प्रत्येक जीवको कोषमा हुने क्रोमोजोमले बोक्ने TAM (gene) मा जीवहरूको गुण तथा लक्षण निर्भर हुन्छ ।
10,ख) नेपालको जनसङख्या वि.स. 2078 (प्रारम्भिक) मा कति पुग्यो ?
10,सानो भौगोलिक क्षेत्रमा पनि यात धेरै हावापानीको विविधता हुनुका कारण के के हुन् ?
10,"सोडियम हाइड्डोअक्साइड, निलो लिटम पेपर
"
10,स्वतन्त्रता भनेको व्यक्तिको आर्थिक स्वतन्त्रता स्रोतहरूमा पहुँच र न्यायमा पहुँच हो ।
10,यी कोषहरूको आकार बाइकन्केभ (biconcave) गोलाकार (071001ब) हुन्छन् | यी रक्तकोषहरूमा न्युक्लियस हुँदैन ।
10,"खेती गर्दा गाई, भैँसी र बाख्राको मलमूत्र प्रयोग गरी खेती गर्दछौँ ।"
10,क्षेत्रफल 1920 0112 र आधारको लम्बाइ 30 0101 छ ।
10,"मा देखाइए जस्तै चुम्बकीय क्षेर्त्राभत्र राखिएको वस्तुमा पर्ने चुम्वकीय वलरेखाको
"
10,जहाँ 1 ले रेखा ४50 मा हुने परावर्तन र 19 ले रेखा ४५ 0 मा हुने परावर्तनलाई जनाउँछन् | यसरी प्राप्त हुने संयुक्त परावर्तनलाई अक्षहरू प्रतिच्छेदन भएको बिन्दु केन्द्र बिन्दु र अक्षहरूबिचको कोणको दुई गुणाको कोणमा भएको परिक्रमणमा व्यक्त गर्न सकिन्छ | उक्त चित्रमा भएको संयुक्त स्थानान्तरण उद्गम बिन्दुको वरिपरि 180° मा भएको परिक्रमणको समतुल्य हुन्छ | चित्र 7.1(0) मा परावर्तनका अक्षहरू समानान्तर छन् ।
10,वि.सं. २००६ सालमा नेपाली काङ्ग्रेस र नेपाल कम्युनिष्ट पार्टीको स्थापना भयो ।
10,फासिस्ट पार्टीका मुसोलिनीको उदय भयो ।
10,"(इ) आवतजावत [इ) प्रविधि
"
10,त्यसपछि वि.सं. २०५१ कार्तिक २९ मा मध्यावधि निर्वाचन भयो ।
10,सूर्यबहादुर थापा प्रधानमन्त्री बनेर सरकार गठन भयो | पिस्कर हत्याकाण्ड वि.सं.२०४० माघ १ गते सिन्धुपाल्चोकको पिस्कर गाउँमा महादेवको मन्दिरमा सांस्कृतिक कार्यक्रम सञ्चालन भएको थियो ।
10,"७. संस्थाको दीर्घकालीन सोच, सदस्यको आर्थिक, सामाजिक, सांस्कृतिक र व्यावसायिक
"
10,"चित्र 4.25 पोमाटो
"
10,वल हुन्‌ ।
10,") २४, आमै : चिरञ्जीवी भएस् !"
10,"तर भौगोलिक, प्राविधिक, सामाजिक तथा स्रोत र साधनको कुशल व्यवस्थापनको अभावका कारणले यस्ता स्रोतहरूको उचित विकास भइरहेको पाइँदैन ।"
10,कारण कर्मचारीको काम र माग बढेसँगै तलब पनि प्रति महिना 10% बढाउने निर्णय भयो ।
10,तापक्रम मापन यन्त्र र यसको बनावट (Thermometer and its structure) कुनै पनि वस्तुको तापक्रम स्पर्शद्वारा मापन गर्न सकिँदैन ।
10,थुप्रै वैडकिङ कारोवार गर्दछन्‌ ।
10,"यसबाट र्कातिपय चिसो
"
10,शरीरमा भएका विभिन्न ग्रन्थिहरूले विभिन्न हर्मोनहरू उत्पादन गर्ने गर्छन् ।
10,"यसको शरीर टाउको, छाती र पेट गरी 3 खण्डमा छुट्टिएको हुन्छ ।"
10,"फोहोरमैला निस्कने हुँदा यसको उचत व्यवस्थापनबाट मानव स्वास्थ्यमा अनुक्‌ल
"
10,"१, गाउँमाथि एउटा कविता' कविताको आधार लिई गाउँघरको जीवनस्तर माथि
"
10,"केही वर्ष पहिले रु. 4,00,000 मा किनेको छापाखानाको प्रत्येक वर्ष 30% ले मूल्यमा ह्वास
"
10,९. सन्दुक अध्ययनशील....निरन्तरता दिइरहे ।
10,त्यसपछि मानिसहरूले विभिन्न फलफूल तथा अन्न रोप्न थाले ।
10,"तिर्मी पनि, जाऔँ आफ्नै घर, आफ्नै देश ।"
10,"तपाइँ ने भन्तोस,
"
10,"(राख्‌ : वर्तमान)
"
10,छैन ।
10,जर्मनीसँग आत्तिसकेको फ्रान्सले इटलीसँग पनि सन्धि गर्न बाध्य भयो ।
10,घाइरहनु पर्दैन ।
10,यस संविधानमा व्यवस्था भएबमोजिम यसको प्रयोग नेपाली जनताले आफ्ना जन प्रतिनिधिहरूमार्फत गर्ने छन् ।
10,"कस्तो लाग्यो, चर्चा गर्नुहोस्‌ ।"
10,त्यस्तै GRR) अनुसार सरकार वन्न नसकेमा वा सरकारले विश्वासको मत प्राप्त गर्न नसकेमा धारा ७६३) अनुसार संसदको सवैभन्दा ठूलो संसदीय दलको नेता प्रधानमन्त्रीमा नियुक्त हुन सक्छन् | यस धाराअनुसार नियुक्त प्रधानमन्त्रीले नियुक्ति भएको ३० दिनभित्र विश्वासको मत लिनुपर्ने प्रावधान छ ।
10,जितेर नेकपा (एमाले) संसद्को ठुलो दल बन्यो ।
10,3. प्रयोगशालामा बायोलोजिकल स्पेसिमेन (biological specimen) लाई सुरक्षित राख्न प्रयोग हुन्छ।
10,नेपालको साँव्रधानमा राजर्नीतिक दल गठनसम्बच्चधी व्यवस्था गरिएको छ ।
10,पहिले रुपयाँ पैसा लिँदा देवता रिसाउँछन् भन्ने राउटे समुदाय अहिले सजिलै उपहार पैसा स्विकार गर्दछन् | आफ्नो मातृभाषाबाहेक अरू भाषा नजान्ने उनीहरूले हाल नेपाली भाषामा राम्रैसँग बोल्न सक्छन् ।
10,काङ्ग्रेसका नेता सुर्वणशमशेरको अध्यक्षतामा काम चलाउ सरकार गठन गरे ।
10,"यसले समाजमा आपसी सम्बन्ध, एकता र सद्भावको विकास भयो ।"
10,"(ख) प्राथमिक तथ्याङ्क सङ्कलन कसरी गरिन्छ, उल्लेख गर्नुहोस् | (ग) द्वितीयक तथ्याङ्क सङ्कलन कसरी गरिन्छ, लेख्नुहोस् ।"
10,गङ्गा देवको मृत्युपछि नरसिंह देवले यहाँको राज्यभार सम्हालेका थिए ।
10,"यहाँ सहरको सुरुको जनसङ्ख्या (२) 550,000
"
10,समानान्तर रूपमा अबस्थित छन्‌ ।
10,"हामीले Binary, Octal र Hexadecimal number system TER जस्तै कम्प्युटरले पनि दशमलव प्रणाली बुझ्दैन ।"
10,"शरीरलाई युरिक एसिडको स्रोत प्युरिनको निरन्तर आवश्यकता पर्छ किनकि 1219 र
"
10,यता सात राजनीतिक दलहरूको गठबन्धन भइसकेको थियो ।
10,"तसर्थ पृथ्वी र अन्य
"
10,"(OA — OP) = m (OB — OP) 227 अथवा, OA —n OP = mOB—m OP अथवा, OP —nOP = m0B+nOA अथवा, (m — n)OP =m0B+n0A 4 m OB-n OA aaa, OP = =——— axa, OP = mene प्रमाणित भयो ।"
10,आधार वर्ष (सन् 2015) चालु वर्ष (सन् 2018) वस्तुहरू मूल्य (र.प्रति परिमाण मूल्य (रु.प्रति परिमाण एकाइ) एकाइ) (के.जी.मा) (के.जी.मा) A 5 10 6 15 B 4 8 5 10 C 2 6 5 12 D 3 3 9 15 ७. तलको तथ्याङ्कबाट चालु वर्षको परिमाणलाई भारका रूपमा प्रयोग गरी वि.स.2076 का लागि मूल्य सूचकाङ्क निर्माण गर्नुहोस् ।
10,"४. सार्क राष्ट्रहरूमा भ्रष्टाचारको अवस्था कस्तो छ, तुलनात्मक रूपमा
"
10,"जति कादनुहोस्‌, पटक पटक आउँछन्‌ ।"
10,"हाम्रो "" बन्धु विविधताभित्र नेपाललाई समृद्ध बनाउने अनेक me १ बिषय छन्, आधार छन् ।"
10,"स्थानीयकरणमा स्थानीय शासकहरू, धनीमानीहरू, टाठाबाठाहरू, बदमासहरूको बोलवाला हुन सक्छ ।"
10,"12 TET, FAA -10 उदाहरण 1 तल दिइएका मूल्यहरूमा मूल्य अभिवृद्धि कर (VAT) रकम पत्ता लगाउनुहोस् : (क) विक्रय मूल्य रु. 6000र मू.अ.क 513% (ख) अङ्कित मूल्य रु. 5500, छुट 10% र LAF. 513% समाधान (क) यहाँ, विक्रय मूल्य (59) रु. 6000| (ख) अङ्कित मूल्य (MP) «रु. 5500 मू.अ.क (VAT) दर 513% छुट = 10% मू.अ.क. (VAT) रकम 5?"
10,- युद्पोत र जहाज निर्माण गर्न | वर्षका लागि ~ = Ss BY x फ्रान्सलाई हनु - सार र डान्जिङ क्षेत्र नपाउन साथ छआटा भन्दा aac र राष्ट्रसङ्घअन्तर्गत रहने भयो धेरै युद्धपोतहरू राख्न नपाउने ७ सामाजिक अध्ययन कक्षा-१० ।
10,त्रैमासिक चक्रीय ब्याजको अन्तर कति हुन्छ ?
10,"१७० बिज्ञान, कक्षा १० एफरेन्ट वा सेन्सरी SM (Afferent or sensory neuron): यसले उत्तेजना (nerve impulse) लाई प्रापक (receptor) बाट मस्तिष्क वा सुषुम्नासम्म लैजाने कार्य गर्छ ।"
10,देखि सुरु भएको हो ।
10,औँल्याउनुहोस्‌ ।
10,"कृषकले राम्रो मास्‌ उत्पादन गर्नका लागि बोयर जातको बोका खोजेर स्थानीय
"
10,BN ८ ASS Lungs as Pulmonary 7 . J ।
10,यहाँ कोणधारी वनस्पति = प्रशस्त पाइन्छन् ।
10,"तसर्थ कुनै पनि परीक्षणमा एउटा घट्नाको सम्भाव्यताले अर्को घटनालाई निषेध गर्दछ भने त्यस्ता घटना (event) लाई पारस्परिक निषेधक घटनाहरू (Mutually exclusive events) भनिन्छ | (0) सम्भाव्यताको जोड सिद्धान्त (Additive laws of probability) ZF यदि कुनै परीक्षणमा घटनाहरू A र ऐ पारस्परिक निषेधक घटनाहरू हुन भने तिनीहरूको सम्भाव्यता P(A अथवा 8) = P(A) + P(B) हुन्छ | यसलाई पारस्परिक 195 eT, कक्षा -10 निषेधक घटनाहरूको जोड सिद्धान्त भनिन्छ र यसलाई भेनचित्र (Venn diagram) मा पनि प्रस्तुत गर्न सकिन्छ ।"
10,बनाइएका चित्र पात्रचित्र हुन्‌ ।
10,दिगो कृषि विकासका कार्यक्रमहरू नभएमा उक्त क्षेत्रमा दिगो कृषि विकासका कार्यक्रमहरू के के हुन सक्छन् ?
10,"कृष्ण मन्दिर, विश्वनाथ मन्दिर, कुम्भेश्वर महादेव,
"
10,गरिब निर्मलका घरमा अघि कहिल्यै पनि नपसेको यो नौलो हुल एक एक गरेर पस्यो ।
10,(च) प्रदेश प्रमुखको नियुक्ति कसले गर्दछ ?
10,६३ कम्प्युटर विज्ञान : कक्षा १० आर्टिफिसियल इन्टेलिजेन्स (Artificial Intelligence-Al) आर्टिफिसियल इन्टेलिजेन्स (Artificial Intelligence) Ht कम्प्युटर प्रणालीको मार्फत आवश्यकताअनुरूप मानिसले जस्तै काम गर्न सक्ने क्षमता भन्ने बुझिन्छ ।
10,"गाडी
"
10,"३. प्रेम र स्नेहले सामाजिकीकरणमा कसरी सहयोग गर्छ, प्रस्ट पार्नुहोस् ।"
10,शब्द लेख्नुहोस्‌ ।
10,"प्राचीन fra, रोम र अन्य सभ्यताका मानिसहरूले उत्तरपट्टिका तारा मण्डलहरू हेरी यी मण्डलहरू देखिएका आकृतिहरूसँग मिल्दा ग्रिक नायक, देवता, जनावर र सामग्रीहरूको नाम दिएका थिए, जस्तै : vat मेजर, उर्सा माइनर, आरियन, लिओ, पिसेस्, एन्ड्रोमेडा, क्यासिओपिया आदि ।"
10,सधैँ चर्चाको शिखरमा रहने व्यसायी इलोन मस्कको अन्तरीक्ष कम्पनी स्पेस एक्सले पनि चन्द्रमामा ९ जना मानिस सन् २०२३ को अन्त्यसम्ममा लैजाने तयारी गरिरहेको छ ।
10,"हो छ ः ८
"
10,"प्रति वर्ग मिटर कपडाको मूल्य रु. 500 पर्छ भने टेन्ट बनाउन जम्मा कति खर्च
"
10,"० जहाँ p=atb +c पुरा सतहको क्षेत्रफल (TS.A.) = छड्के सतहको क्षेत्रफल + दुई ओटा विपरीत छेउका सतहहरूको क्षेत्रफल 51021-2( 3 x bxc) =[(3+4+5)x15+4x 3] वर्ग से.मि. = [(12) 15 3 12] वर्ग से.मि. 5192 वर्ग से.मि. 78 गणित, कक्षा - 10 | | | | प्रिज्मको आयतन (Volume of Prism) कुनै पनि नियमित (regular) ठोस वस्तुको आयतन त्यसको आधारको क्षेत्रफल र ठाडो उचाइको गुणन फलसँग बराबर हुन्छ ।"
10,"बकर नेपाली, कक्षा १०
"
10,"उक्त दोस्रो वंशमा प्राप्त बिरुवामा स्वपरागसेचन
"
10,सामुद्रिक धार ।
10,"हनुमानको मूर्ति, दुलो घण्टा, नगरा,
"
10,"मा देखाइए जस्तै पानी (सघन माध्यम) बाट हावा (विरल माध्यम) मा जाँदा प्रकाशका
"
10,"Internet को प्रयोगले डाटा ट्रान्सफर गर्ने भएकाले यसलाई 12-9 भन्दछन् | उदाहरणको लागि, ई-फ्याक्स पठाउनका लागि कुनै पनि text editer मा टाइप गरी इमेल पठाउँदा (E-Fax Number@faxaway.com Address) टाइप गर्नुपर्छ | E-Fax Number मा १०/१२ ओटा अक्षरहरू मात्र टाइप गर्नुपर्दछ | त्यसपछि इमेल पठाउँदा झैँ वान वक्स (one box) AT click गरी send मा click THIG | त्यसपछि message संयुक्त राज्य अमेरिका (USA) को Fax away नामक Internet Server मा पुग्दछ ।"
10,"हब्बलको अध्ययन [3 फ11€5 डपरपए)
"
10,यी वेदहरूमा सर्वप्रथम क्रग्वेदको रचना भएको थियो ।
10,"सागरदेखि पूर्वपर्टाट तुर्किस्तान, चीनको पाश्चिमी क्षेत्र, मड्गोलिया, अमेरिकाको रकी
"
10,र बहृअपाड्गता गरी १० ओटामा वर्गीकरण गरिएको छ ।
10,ग) 5 वर्षका लागि क्रण लिएको भए यही ब्याज दरमा कति रकम ब्याज वापत तिर्नुपर्छ ?
10,"गार्डेन, काष फार्म आदिमा प्लास्टिकको टनेल वा कांचको घर पनि देख्नुभएको छ
"
10,"र चुम्बकत्वको
"
10,"“1000 ease क ""3: 7 Dr BT Lee NP Yel Wy i te 73 os _ Op f र ae की?"
10,आँखाको दृष्टिशक्तिलाई बचाइराख्न खानपान र आहार विहारमा एवम् जीवन शैलीमा ध्यान दिनुपर्छ ।
10,"चित्र (अ) चित्र (आ)
"
10,"यस्ता सार्वजनिक सभाहरूमा गरिने ay नागरिक शास्त्र, कक्षा १० भाषण, विचार आदान प्रदान आदिले जनतालाई जनमत निर्माणमा सहयोग गर्दछन् ।"
10,"यो समस्या हामीलाई पानि छ, जस्तै : 'त्यो गयो ।"
10,"२(उए) - 0 १८
"
10,+ १९१)?
10,शरीरको विभिन्न भागबाट अशुद्ध रगत सुपेरियर भेनेकाभा (superior venecava) र इन्फेरियर FATA (inferior venecava) € मुटुमा फर्कन्छ | मुटुमा चार ओटा भल्भ हुन्छन् ।
10,तर तिनै जनाको मुखमा त्यस्तै उत्सुकता र उल्लासको भाव देखिन्थ्यो ।
10,२. तलका प्रश्नहरूको छोटो उत्तर लेख्नुहोस् : (क) सरकार कति किसिमका छन् ?
10,"ग) रानी मौरी र भाले मौरी
"
10,"९ दिइएको भेनचित्रमा तिन ओटा समूहहरू A, BT ८ आपसमा प्रतिच्छेदन भएका छन्, जसमा सर्वव्यापक समूह ७ का केही उपसमूहरूलाई निम्नानुसार लेख्न सकिन्छ : A,B,C, AUB,BUC,CUA,ANB,BONC,COANA,ANBOACAVUBUC TAUBUC यसमा AUBUC लाई भेनचित्रमा कसरी प्रस्तुत गर्न सकिन्छ ?"
10,फाइवर आप्टक्सको व्यापक प्रयोग सञ्चार क्षेत्रमा भएका छ ।
10,मैले गर्ने काम त्यात नै थिए ।
10,पालम 0. त Ss i गीत गाउँदै यो नाच नाचिन्छ ।
10,"यहां प्रकाश
"
10,"“. रे 10%
"
10,"उनको बडेमाका निधार र दई हातले एकसाथ सोहोरेर पछाडि हत्याए जस्तो
"
10,(ein. blo aay 17 eee ० दा) a a 7 =e 2 = ru lio = iis ee RECO III lm q = रि = ति = हरि लि eS I ७ ea i NM l= Be ee | काका eos [ ।
10,"पृथ्वीलाई वायुमण्डल, भूमण्डल र जलमण्डलमा विभाजन गर्न सकिन्छ ।"
10,"(ङ) ९९ भाषाले वैधानिकता (validity) दिएको वर्णमाला (alphabet), अङ्क (digit) तथा विशेष अक्षर (special character) हरूको समूहलाई नै .............. भनिन्छ ।"
10,यहाँ हामी रासायनिक प्रतिक्रियाको दर घटबढ गराउने तत्त्वहरूको विषयमा अध्ययन गर्दै छौँ ।
10,"प्ररतिनाधि सभामा एक जना
"
10,सामाजिक अनुसन्धानको महत्त्व ७ कुनै पनि नयाँ ज्ञानको निर्माण गरी डिक्त ज्ञानको प्रसार र विस्तार गर्नका लागि सामाजिक अनुसन्धान आवश्यक हुन्छ ।
10,करिब 20-25 दिनपछि अवलोकन गर्नुहोस् | यसलाई त्यस ठाउँबाट छुट्टाई नर्सरी ब्याडमा सारिन्छ ।
10,"(इ) यी तीनओटै आकाशीय पिण्डको आफ्नै गुरुत्ववल हुन्छ तर पनि यिनीहरू सधैँ एउटै
"
10,"ढाकाको टोपी, पछयोरा र
"
10,स्थानीय डाक्टरलाई भिडियो कलमार्फत उपचार विधि सिकाए ।
10,सारांश 1. कार्बन र हाइड्रोजन दुई तत्त्वहरू मिलेर बनेका कार्बनिक यौगिकहरूलाई हाइड्घोकार्बन भनिन्छ ।
10,सम्बन्धी रोगहरूको उपचारका लागि प्रयोग गरिन्छ ।
10,"अथवा, 22 :12)-3(£12)-0 [,स8-2 2 (८ 3)4 7- र न-6
"
10,"यिनीहरूको जीवनचक्रमा पनि अल्टरनेसन अफ जेनेरेसन्स [911611181101 01
"
10,"हनन हुनु
"
10,कपाल कोर्छ ।
10,5811 बनाउछ ।
10,"मायदिवी मन्दिर, बुद्ध पुस्तकालय, अन्वेषण
"
