grades,count,example
1|2|3|4|5|6|7|8|9|10|11|12,225,: ॥
1|2|3|4|5|6|7|8|9|10|12,103,| : ॥
1|2|3|4|5|6|7|8|9|10,35,५५ 0 छ।
1|2|3|4|5|6|7|8|9|10,31,हुन्छ !
1|2|3|4|5|6|7|8|9|10,23,किन ?
1|2|3|4|5|6|7|8|9|10,11,& ॥
1|2|3|4|5|6|7|8|9|10,10,हि ॥
1|2|3|4|5|6|7|8|9|10,13,” ।
1|2|3|4|5|6|7|8|9|10,10,छै।
1|2|3|4|5|6|7|8|9|10,11,छु।
1|2|3|4|5|6|7|8|9|10,20,| 2 | ८ | ।
1|2|3|4|5|6|7|8|9|10,22,| | )।
1|2|3|4|5|6|7|8|9|10,10,उनले ?
1|2|3|4|5|6|7|8|9|10,17,भनिन्छ ।
1|2|3|4|5|6|7|8|9|10,14,ओहो !
1|2|3|4|5|6|7|8|9|10,11,गर्नुपर्छ ।
1|2|3|4|5|6|7|8|9|10,20,हो ।
1|2|3|4|5|6|7|8|9|10,10,सकिन्छ ?
2|3|4|5|6|7|8|9|10|12,10,उनी ॥
2|3|4|5|6|7|8|9|10|12,12,थियो ।
1|2|3|4|6|7|8|9|10,10,होइन!
1|3|4|5|6|7|8|9|10,10,गरिन्छ ।
1|3|4|5|6|7|8|9|10,12,थिए ।
1|3|4|5|6|7|8|9|10,9,रहन्छ ?
1|2|3|4|5|7|8|9|10,11,आहा !
2|3|4|5|6|7|8|9|10,9,होला?
2|3|4|5|6|7|8|9|10,9,त ।
2|3|4|5|6|7|8|9|10,9,गर्नुहुन्छ ?
2|3|4|5|6|7|8|9|10,9,ए !
2|3|4|5|6|7|8|9|10,13,(ग) ॥
2|3|4|5|6|7|8|9|10,10,त्यसैले ।
2|3|4|5|6|7|8|9|10,9,"पाठयक्रम विकास केन्द्र
"
2|3|4|5|6|7|8|9|10,9,"सानोठिमी, भक्तपुर
"
2|3|4|5|6|7|8|9|10,9,"हाम्रो भनाइ
"
2|3|4|5|6|7|8|9|10,9,"यसले
"
2|3|4|5|6|7|8|9|10,9,"विषयसूची
"
2|3|4|5|6|7|8|9|10,9,“ ॥
2|3|4|5|6|7|8|9|10,9,हुन्छन्‌ ।
2|3|4|5|6|7|8|9|10,9,"ति 1 0000
"
2|3|4|5|6|7|8|9|10,11,7 / ।
2|3|4|5|6|7|8|9|10,9,म ।
2|3|4|5|6|7|8|9|10,19,र ॥
2|3|4|5|6|7|8|9|10,9,"उनीहरू
"
2|3|4|5|6|7|8|9|10,9,थाले ।
2|3|4|5|6|7|8|9|10,11,"0, १ 1] ५ ॥"
2|3|4|5|6|7|8|9|10,9,"त्यसपछि
"
2|3|4|5|6|7|8|9|10,9,रहेछ ।
2|3|4|5|6|7|8|9|10,9,भयो ।
2|3|4|5|6|7|8|9|10,9,रु ॥
2|3|4|5|6|7|8|9|10,9,"हामीले
"
2|3|4|5|6|7|8|9|10,9,जा 6 ॥
2|3|4|5|6|7|8|9|10,14,"१ 4 १) न
"
2|3|4|5|6|7|8|9|10,9,"पाठ १२३
"
2|3|4|5|6|7|8|9|10,9,"क ७
"
2|3|4|5|6|7|8|9|10,9,छन्‌ ।
2|3|4|5|6|7|8|9|10,9,पर्छ ।
2|3|4|5|6|7|8|9|10,9,"गर्नुहोस्‌ :
"
2|4|5|6|7|8|9|10|12,9,हुनुपर्छ ।
2|3|4|5|6|7|8|9|10,9,"पाठ्यक्रम विकास केन्द्र
"
2|3|4|5|6|7|8|9|10,9,हुन्‌ ।
2|3|4|5|6|7|8|9|10,9,"यस्ता
"
2|3|4|5|6|7|8|9|10,9,"प्र
"
2|3|4|5|6|7|8|9|10,9,छि !
2|3|4|5|6|7|8|9|10,9,बन्छ ?
2|3|4|5|6|7|8|9|10,9,बनाउनुहोस्‌ ।
2|3|4|5|6|7|8|9|10,9,"७७ ""७  €9
"
2|3|4|5|6|7|8|9|10,11,१ [ ।
2|3|4|5|6|7|8|9|10,9,हँदैन ।
2|3|4|5|6|7|8|9|10,9,सक्छन्‌ ।
2|3|4|5|6|7|8|9|10,9,"उ ७ 00
"
2|3|4|5|6|7|8|9|10,9,"202 भर्नुहोस्‌ :
"
2|3|4|5|6|7|8|9|10,9,"७. ७ ७%
"
2|3|4|5|6|7|8|9|10,9,दिनुहोस्‌ ।
2|3|4|5|6|7|8|9|10,9,"उनको
"
2|3|4|5|6|7|8|9|10,9,"14 पा
"
2|3|4|5|6|7|8|9|10,9,"(ई)
"
2|3|4|5|6|7|8|9|10,20,धन्यवाद ।
3|4|5|6|7|8|9|10|12,9,भए ?
1|2|3|4|6|8|9|10,9,|| ।
1|4|5|6|7|8|9|10,8,गरिएको छ ।
1|3|4|5|6|8|9|10,8,बनाउँछ ।
1|2|3|4|5|6|7|10,8,कहिले ?
1|4|5|6|7|8|9|10,8,आदि ।
1|2|3|4|5|6|7|9,8,गर्नुभयो ।
2|4|5|6|7|8|9|10,8,«8 ।
2|4|5|6|8|9|10|12,18,' a ।
2|4|5|6|7|8|9|10,10,रहेको छ ।
2|3|4|5|6|7|9|10,8,"नेपाल सरकार
"
2|3|4|5|6|7|9|10,8,हा?
2|3|5|6|7|8|9|10,8,ट ॥
2|3|4|5|6|7|8|10,8,सबै ॥
2|3|4|5|6|7|9|10,8,"त्यही
"
2|3|4|5|6|8|9|10,8,"हामीलाई
"
2|3|4|5|6|7|9|10,8,नि ।
2|4|5|6|7|8|9|10,8,रहेछन्‌ ।
2|3|4|5|6|7|9|10,8,हुँदैन ?
2|3|4|5|6|8|9|10,8,"लगाउनुहोस्‌ :
"
2|4|5|6|7|8|9|10,8,कि ।
2|4|5|6|7|8|9|10,8,गर्दछ ।
2|3|4|6|7|8|9|10,8,"०)(०)(०,/०,/०)
"
2|3|4|5|6|8|9|10,8,ला?
2|3|5|6|7|8|9|10,8,हु ॥
2|4|5|6|7|8|9|10,8,सहयोग गर्छ ।
2|4|5|6|7|8|9|10,8,"परियोजना कार्य
"
2|4|5|6|7|8|9|10,8,"यसबाट
"
2|3|4|5|6|7|9|10,8,"उनलाई
"
2|3|5|6|7|8|9|10,8,भइरहेको छ ।
2|3|5|6|7|8|9|10,8,र्‌ ।
2|3|4|6|7|8|9|10,8,"त्र
"
2|3|5|6|7|8|9|10,8,"(अ)
"
2|4|5|6|7|8|9|10,8,मानिन्छ ।
3|4|5|6|7|8|9|10,9,_ ९ ।
3|4|5|6|7|8|9|10,8,२ ३ ४ ५ कक्षा ।
3|4|5|6|7|8|9|10,8,"प्रथम संस्करण : वि.सं. २०७८
"
3|4|5|6|7|8|9|10,8,"यसका
"
3|4|5|6|7|8|9|10,8,"समय १
"
3|4|5|6|7|8|9|10,8,"यसलाई 7:15
"
3|4|5|6|7|8|9|10,11,"(ख)
"
3|4|5|6|7|8|9|10,8,"(घ)
"
3|4|5|6|7|8|9|10,8,"राख्नुहोस्‌ :
"
3|4|5|6|7|8|9|10,8,"उक्त
"
3|4|5|6|7|8|9|10,8,"(क) (ख)
"
3|4|5|6|7|8|9|10,8,"कुनै
"
3|4|5|6|7|8|9|10,9,"यसरी
"
3|4|5|6|7|8|9|10,8,प्रयोग गरिन्छ ।
3|4|5|6|7|8|9|10,9,"यदि
"
3|4|5|6|7|8|9|10,9,"यहाँ,
"
3|4|5|6|7|8|9|10,8,"४२८६ च ३४ -३२-५२
"
3|4|5|6|7|8|9|10,10,गरे ?
3|4|5|6|7|8|9|10,8,लाग्छ ।
3|4|5|6|7|8|9|10,8,"अब,
"
3|4|5|6|7|8|9|10,8,"फेरि
"
3|4|5|6|7|8|9|10,8,"त्यस्तै,
"
3|4|5|6|7|8|9|10,8,(ङ) ।
3|4|5|6|7|8|9|10,9,"यसको
"
3|4|5|6|7|8|9|10,8,देखिन्छ ।
3|4|5|6|7|8|9|10,8,गर्छन्‌ ।
3|4|5|6|7|8|9|10,9,गर्छ ।
3|4|5|6|7|8|9|10,8,"चित्र
"
3|4|5|6|7|8|9|10,8,910-0-4-0-004-9 99 -£09-9-00-4-4-0 4 4-००-4-9 9-4-१-०4-१-९ 9 -9-4-0-4-4-9-9-९- 9०० ०-५-१९-9-4-4-०-4 ५ -०4-३ 4 4 ० ० ००0 0 0 4 4-0-4-4-0-9-9 9 69० ०-0-00-0-4-4-0 4?
3|4|5|6|7|8|9|10,8,"(ज)
"
3|4|5|6|7|8|9|10,8,सक्छ ।
3|4|5|6|7|8|9|10,8,"(ड)
"
3|4|5|6|7|8|9|10,8,पर्दछ ।
3|4|5|6|7|8|9|10,8,देखिन्छन्‌ ।
3|4|5|6|7|8|9|10,8,पाइन्छ ।
3|4|5|6|7|8|9|10,8,"विभिन्न
"
3|4|5|6|7|8|9|10,8,"पानी
"
3|4|5|6|7|8|9|10,8,"तयार पार्नुहोस्‌ :
"
3|4|5|6|7|8|9|10,8,"जस्तै
"
3|4|5|6|7|8|9|10,8,"यस्तो
"
1|2|5|6|7|8|10,7,(आ)
1|4|5|6|7|8|9,8,छौँ ॥
1|4|5|6|8|9|10,7,ठ ।
1|4|5|6|7|9|10,7,ता।
1|2|3|6|7|8|9,8,| | | | ।
1|3|4|5|7|8|9,7,जम्मा !
1|3|4|5|7|8|10,7,सक्छौँ ।
1|3|4|6|7|9|10,69,छलफल गर्नुहोस् ।
1|4|5|6|7|8|9,7,बनाउन सकिन्छ ।
1|5|6|7|8|9|10,7,गर्ने ।
1|2|3|4|5|6|10,7,हुनुहुन्छ ।
1|2|4|5|6|7|8,7,दिनुभयो ।
2|3|4|6|7|8|10,7,उनीहरूले
2|3|4|6|7|8|10,8,कक?
2|4|5|6|7|9|10,7,"शिक्षा, विज्ञान तथा प्रविधि मन्त्रालय
"
2|3|4|5|6|7|8,7,"यस पक्षलाई
"
2|3|4|5|6|8|10,7,सुनाउनुहोस्‌ ।
2|4|5|6|7|9|10,7,"त्यहाँ
"
2|5|6|7|8|9|12,13,"आमा
"
2|3|6|7|8|9|10,7,' का) ।
2|3|6|7|8|9|10,7,"यिनीहरू
"
2|3|4|5|7|9|10,7,ही?
2|4|5|6|7|9|10,7,भन्नुहोस्‌ ।
2|4|5|6|7|8|9,7,चाहिन्छ ।
2|5|6|7|8|9|10,7,"0002 प्‌
"
2|4|5|6|8|9|10,7,गरौँ ।
2|4|5|6|7|9|10,7,कक्षामा सुनाउनुहोस्‌ ।
2|3|5|6|7|9|10,7,"हामी
"
2|3|4|5|8|9|10,7,"धेरै
"
2|4|5|7|8|9|10,7,"उनका
"
2|3|4|7|8|9|10,7,"४ []
"
2|3|4|5|8|9|10,7,"शिक्षक
"
2|3|4|5|6|9|10,7,थाल्यो ।
2|3|5|6|7|8|10,7,"०० क्र
"
2|3|4|7|8|9|10,7,",० १११० 0 ३ ९) 0». ॥"
2|4|5|6|7|8|10,7,"( ) हे
"
2|3|4|5|8|9|10,7,री ।
2|4|5|6|7|8|10,7,दिन्छ ।
2|3|5|6|7|8|9,7,") पी
"
2|4|6|7|8|9|10,7,"क र ४
"
2|3|4|5|6|8|10,7,टाँस्नुहोस्‌ ।
2|4|5|6|7|8|10,7,: गर्नुपर्दछ ।
2|5|6|7|8|9|10,7,"09 0 छा
"
2|3|4|5|7|8|9,7,"१.) तालिकामा भर्नुहोस्‌ :
"
2|3|5|6|7|9|10,7,"केही
"
2|4|6|7|8|9|10,7,सकिँदैन ।
2|3|5|6|8|9|10,7,"(जि
"
2|4|5|6|7|8|9,7,"क्रियाकलाप
"
2|3|6|7|8|9|10,7,"हरि 0 04
"
2|3|4|5|6|7|9,7,"उहाँले 0201
"
2|3|4|5|6|9|10,7,"१) छलफल गरौँ :
"
2|5|6|7|8|9|10,7,"उत्तर दिनुहोस्‌ :
"
3|4|6|7|8|9|10,8,वा ।
3|5|6|7|8|9|10,7,"९१०,द८!"
3|4|5|7|8|9|10,7,लाग्यो ?
3|4|5|6|7|8|9,7,लेखिन्छ ।
3|4|5|6|7|8|10,7,"5:45 लाई
"
3|4|5|6|7|8|10,7,"देखाउनुहोस्‌ :
"
3|4|5|6|8|9|10,7,"प्रस्तुत गर्नुहोस्‌ :
"
3|4|5|6|8|9|10,7,"समूहमा छलफल गरी
"
3|4|5|6|7|8|10,7,"४ २८ ८ द्‌ ३२ ४० २८ ८ - ३२०
"
3|4|5|6|7|9|10,7,"रि --2 102८ 0) 10 २०)
"
3|5|6|7|8|9|10,7,होलान्‌ ?
3|4|6|7|8|9|10,7,गए ।
3|5|6|7|8|9|10,7,"क्षेत्रफल
"
3|4|5|6|7|9|10,7,"चिठी
"
3|5|6|7|8|9|10,8,90-04-00 9 99 ७७ ००4 44:44 0 ७ 4:8-0-4: 09 99 9०:44 4 409 0 4-00-4 00:04 049 9 410 994:9-9-4 99 9 00:4७ ७७ ७ 954: 00-4 004 ७:0-0:49-0 41 05:9:00 9 0-0:4 0:0-04 9७:40 04 :4:4:0-4:490:4 00:4७ ७ ७0 -044:
3|4|6|7|8|9|10,7,हुन सक्छ ।
3|4|5|6|7|8|9,7,लिन्छन्‌ ।
3|5|6|7|8|9|10,7,"यही
"
3|4|6|7|8|9|10,7,मिति : २०७७११।
3|4|5|6|7|9|10,7,छिन्‌ ।
3|4|5|6|7|8|10,7,के?
3|5|6|7|8|9|10,7,छैन ।
3|4|5|7|8|9|10,7,भएको थियो ।
3|4|5|6|7|9|10,7,मदत गर्छ ।
3|5|6|7|8|9|10,7,"51€11८€.
"
3|4|6|7|8|9|10,7,गर्दछन्‌ ।
4|5|6|7|8|9|10,8,(इ)
4|5|6|7|8|9|10,7,"प्रकाशक
"
4|5|6|7|8|9|10,7,"१. तलका प्रश्नको उत्तर दिनुहोस्‌ :
"
4|5|6|7|8|9|10,7,"एकाइ
"
4|5|6|7|8|9|10,7,गर्न सकिन्छ.।
4|5|6|7|8|9|10,7,"यसमा
"
4|5|6|7|8|9|10,7,सहयोग पुग्छ ।
4|5|6|7|8|9|10,7,"हाम्रो
"
4|5|6|7|8|9|10,7,"यसका लागि
"
4|5|6|7|8|9|10,7,"साथै
"
4|5|6|7|8|9|10,7,छुट्याउनुहोस्‌ ।
4|5|6|7|8|9|10,7,"अवलोकन गर्नुहोस्‌ :
"
4|5|6|7|8|9|10,7,"गणित
"
4|5|6|7|8|9|10,19,उदाहरण ।
4|5|6|7|8|9|10,7,लिनुहोस्‌ ।
4|5|6|7|8|9|10,22,"गणित, कक्षा ४ ११
"
4|5|6|7|8|9|10,7,टिपोट गर्नुहोस्‌ ।
4|5|6|7|8|9|10,7,"3.1 पुनरवलोकन (२९४९)
"
4|5|6|7|8|9|10,7,"गा, 378-374-4
"
4|5|6|7|8|9|10,7,"हामीलाई थाहा छ,
"
4|5|6|7|8|9|10,7,रहेका छन्‌ ?
4|5|6|7|8|9|10,7,"तसर्थ
"
4|5|6|7|8|9|10,7,"शीर्षक
"
4|5|6|7|8|9|10,7,"सुनाइ पाठ
"
4|5|6|7|8|9|10,7,"पाठकहरूबाट आउने
"
4|5|6|7|8|9|10,7,रहेका हुन्छन्‌ ।
4|5|6|7|8|9|10,7,बढ्छ ।
4|5|6|7|8|9|10,7,पाइन्छन्‌ ।
4|5|6|7|8|9|10,7,पर्दछन्‌ ।
4|5|6|7|8|9|10,7,"(झ)
"
4|5|6|7|8|9|10,7,पार्नुहोस्‌ ।
4|5|6|7|8|9|10,7,"दुवै
"
4|5|6|7|8|9|10,7,भएको छ।
5|6|7|8|9|10|12,7,"एउटा
"
1|2|6|8|9|10,6,पि ; ।
1|2|4|5|7|10,6,गयो ।
1|4|6|7|9|10,6,नमस्कार !
1|4|5|6|9|10,8,के हो ?
1|6|7|8|9|10,10,छन् ।
1|5|6|8|9|10,6,दिए ।
1|4|7|9|10|11,10,लेख्नुहोस् ।
1|3|6|7|9|10,74,पत्ता लगाउनुहोस् ।
2|3|4|7|8|9,7,1111 / | 1॥
2|3|4|5|7|8,6,पाठ्यक्रम शिक्षण सिकाइको मूल आधार हो ।
2|3|4|5|7|10,6,"उसले
"
2|3|6|7|8|10,6,"2 दु
"
2|3|5|6|7|10,6,७ हँ ॥
2|3|5|6|7|10,6,यिनीहरूलाई ।
2|5|6|7|8|10,6,"4444 ढ )
"
2|3|4|5|6|7,6,"७; ६. जोडा मिलाउनुहोस्‌ :
"
2|3|4|6|7|8,6,"मैले
"
2|4|5|6|7|10,6,"उनीहरूको
"
2|3|4|5|6|10,6,हुनुहुन्थ्यो ।
2|4|5|6|7|8,6,"७ खाली ठाउँ भर्नुहोस्‌ :
"
2|5|7|8|9|10,6,"4 डु
"
2|3|4|5|7|10,6,थिइन्‌ ।
2|3|5|6|7|9,6,"यसो
"
2|3|4|7|8|10,7,"गाडी
"
2|3|4|5|6|7,6,अभ्यास गर्नुहोस्‌ ।
2|3|4|5|6|9,6,"७ तलका प्रश्नहरूको उत्तर लेख्नुहोस्‌ :
"
2|4|5|8|9|10,6,"अन्त्यमा
"
2|7|8|9|10|12,6,"दिइएको
"
2|5|7|8|9|10,6,उदाहरण हुन्‌ ।
2|6|7|8|9|10,6,"25 व्‌
"
2|4|7|8|9|10,6,"३०२2 क्ष
"
2|5|6|8|9|10,6,"१० चु
"
2|5|6|7|9|10,6,बन्छन्‌ ।
3|4|6|8|9|10,6,ती ।
3|4|6|7|9|10,7,किन होला ?
3|4|5|6|8|9,6,रे) ६० ।
3|4|7|8|9|10,6,गएको छ ।
3|5|6|7|8|10,6,२19८6€ 01 8: २19८€ ५०।
3|4|6|8|9|10,6,पप १७ ।
3|5|6|8|9|10,6,"(४ १ १ न्‌
"
3|5|7|8|9|10,6,(८0) मा '?
3|6|8|9|10|12,6,"नेपाल
"
3|4|5|6|8|10,6,"१ २८ ओटा
"
3|5|6|7|8|10,6,"प्रत्येक
"
3|5|7|8|9|10,6,"(क) (ख) (ग)
"
3|4|6|8|9|10,6,"न रु. २
"
3|5|6|7|8|9,6,अनुमान गर्नुहोस्‌ ।
3|4|5|6|8|9,6,गर्छु ।
3|4|5|6|8|10,6,"७ 44444414444444444444444440004444444044444444444444444444444%044440044444444404444444444%4444444444440444444444444444444444444444944444444494044444
"
3|6|7|8|9|10,6,"उत्तर
"
3|4|6|7|8|9,6,हुन सक्छन्‌ ।
3|4|5|6|7|9,6,दिन्छन्‌ ।
3|4|5|7|8|9,6,गुरुआमा ।
3|5|7|8|9|10,6,9109 9-44 0 244. 9 4: 9-4-4-4 6 4 0-4-4 00 0 4-4-0 6 4: 0 4-4-4 9-8 ०-4-4 00 :4-4-2 6 46 0 4-4-4:9-8 025 ७ ७ 49 90 -4-0 04:66 -9-4 5: ७ 9:4:% 09:4:86 6-604 0०:49 4-6:4-% ७७ 6-9:6 466 4 0:0-9-64-0:4-5 
3|4|5|6|7|9,6,साथीलाई सुनाउनुहोस्‌ ।
3|4|5|7|8|9,6,राख्नुपर्छ ।
3|4|6|7|8|9,6,"यी सबै
"
3|4|5|6|7|9,6,थियौँ ।
3|4|6|7|8|9,6,आउँछ ।
3|5|6|7|9|10,6,"शिक्षकले
"
3|5|6|8|9|10,6,जनाउँछ ।
3|4|6|7|8|10,6,"पृथ्वीको
"
4|5|7|9|10|12,10,"नेपाली कक्षा "" ।"
4|5|7|8|9|10,6,भूमिकाको अपेक्षा गरिएको छ ।
4|5|7|8|9|10,6,"घरको
"
4|5|6|7|8|9,6,जानुहोस्‌ ।
4|5|6|7|9|10,6,पर्छन्‌ ।
4|6|7|8|9|10,6,हन्छ ।
4|6|7|8|9|10,6,जान्छ ।
4|6|7|8|9|10,7,"समूह
"
4|5|7|8|9|10,6,आवश्यकता पर्छ ।
4|5|7|8|9|10,6,देखाइएको छ ।
4|5|6|8|9|10,6,"अवलोकन
"
4|5|6|7|9|10,6,"तलका प्रश्नको उत्तर लेख्नुहोस्‌ :
"
4|5|7|8|9|10,6,प्रदर्शन गर्नुहोस्‌ ।
4|5|6|7|9|10,6,"(0 सर्वाधिकार पाठ्यक्रम विकास केन्द्र
"
4|5|6|8|9|10,6,)9) प् ॥
4|6|7|8|9|10,8,"समाधान (1) (1) (1)
"
4|6|7|8|9|10,7,"(४) 8-45155 |]
"
4|5|6|7|8|9,6,छ्न्‌ ।
4|5|6|7|8|9,6,"त्यसै
"
4|5|6|7|9|10,6,"ना 2 10
"
4|6|7|8|9|10,6,बराबर हुन्छ ?
4|6|7|8|9|10,6,"७ पु,
"
4|5|7|8|9|10,6,"तयार गर्नुहोस्‌ :
"
4|5|7|8|9|10,6,"क्रस;
"
4|5|6|8|9|10,6,"गरिन्‌ :
"
4|5|6|7|9|10,6,"नेपाली
"
4|5|6|7|8|9,6,"पृष्ठसङ्ख्या
"
4|5|6|7|9|10,6,गरी लेख्नुहोस्‌ ।
4|5|6|7|9|10,6,"समूह 'क'
"
4|5|6|7|9|10,6,"समूह 'ख'
"
4|5|6|7|9|10,6,"कहिलेकाहीँ
"
4|5|7|8|9|10,6,"त्यस
"
4|5|6|7|9|10,6,"अहिले
"
4|5|6|7|8|9,6,"समाजमा
"
4|5|6|7|8|9,6,"विद्यालयमा
"
4|5|6|8|9|10,6,गरेका थिए ।
4|5|7|8|9|10,6,आउँछन्‌ ।
4|5|6|7|8|9,6,"१ वैज्ञानिक सिकाइ १
"
4|5|7|8|9|10,6,"२ स्‌चना तथा सञ्चार प्रविधि १८
"
4|5|6|7|8|9,6,"६ पदार्थ ९१
"
4|5|6|7|9|10,6,नाप्नुहोस्‌ ।
4|6|7|8|9|10,6,"यस भनाइलाई
"
4|5|6|7|9|10,6,"प्रकाश,
"
4|5|6|8|9|10,6,"कारणसहित
"
4|5|6|8|9|10,6,उत्पन्न हुन्छ ।
4|5|6|7|8|10,6,"त्यो
"
4|6|7|8|9|10,6,"चित्र न 776
"
4|6|7|8|9|10,6,गर्न सक्छ ।
4|5|7|8|9|10,6,"सिकाइ र विद्यार्थीको जीवन्त अनुभवबिच
"
4|5|6|7|8|9,6,सूची बनाउनुहोस्‌ ।
4|5|6|8|9|10,6,कक्षामा प्रस्तुत गर्नुहोस्‌ ।
4|5|6|7|9|10,6,"स्थानीय
"
5|6|7|8|9|10,6,"विषयवस्तु
"
5|6|7|8|9|10,6,पुग्छ ।
5|6|7|8|9|10,6,"01 1 फ7761115)
"
5|6|7|8|9|10,6,"प०३९5
"
5|6|7|8|9|10,6,"(घ) 752 (ङ) 902 (च) 1152
"
5|6|7|8|9|10,6,(ङ) 2 (च) ॥
5|6|7|8|9|10,6,"4. सरल गर्नुहोस्‌ :
"
5|6|7|8|9|10,6,"(क) 1.4 (ख) 3.76 (ग) 15 . 28 (घ) 0. 79
"
5|6|7|8|9|10,6,"चौडाइ
"
5|6|7|8|9|10,6,दिइएको छ ।
5|6|7|8|9|10,6,गरियो ।
5|6|7|8|9|10,6,गरी कक्षामा प्रस्तुत गर्नुहोस्‌ ।
5|6|7|8|9|10,6,गरेको छ ।
5|6|7|8|9|10,6,गरिएको हुन्छ ।
5|6|7|8|9|10,6,"अथवा
"
5|6|7|8|9|10,6,"नेपालको
"
5|6|7|8|9|10,7,भएको हो ।
5|6|7|8|9|10,6,पनि भनिन्छ ।
1|2|6|7|8,7,| | | | | | ।
1|7|8|9|10,7,हुन्छन् ।
1|6|8|9|10,9,गर्नुहोस् ।
1|5|6|8|9,5,खाए ।
1|2|4|5|9,5,लगाउनुभयो ?
2|5|6|8|10,5,2) पर्दैन ?
2|3|4|5|7,9,i ४ ।
2|4|5|6|10,5,"वि.सं. २०७८ पाठ्यक्रम विकास केन्द्र
"
2|4|6|7|10,5,"केही समयपछि
"
2|3|5|8|9,5,देखिन्‌ ।
2|5|6|7|9,5,"बाटामा
"
2|4|6|8|10,5,"0 वि
"
2|3|4|6|7,5,"उहाँहरूले
"
2|3|4|6|8,5,ं ।
2|3|4|9|10,5,आयो ।
2|3|4|5|10,5,"मेरो
"
2|4|7|9|10,5,परे ।
2|5|6|9|10,5,पर. ।
2|4|6|8|9,5,"प्रे
"
2|3|5|7|9,5,भन्नुभयो ।
2|5|6|7|9,5,गर्न थाले ।
2|3|4|6|10,5,"आमाले
"
2|4|5|7|8,5,वर्णन गर्नुहोस्‌ ।
2|5|7|9|10,5,तिमीले ?
2|3|4|5|6,5,"उहाँ
"
2|3|5|6|9,5,लागे ।
2|3|4|5|10,5,"छ |
"
2|3|4|5|9,5,"बुबाले
"
2|3|6|7|10,5,बस्छ ।
2|7|8|9|10,5,भन्ने ?
2|3|5|6|8,5,"लेख्नुहोस्‌ :
"
2|3|6|7|9,5,"02 जोड्नुहोस्‌ : 2
"
2|4|6|7|8,5,"शा 600 ७
"
2|4|5|6|10,5,"( छे:
"
2|3|4|5|6,5,"1102 पढौँ र छलफल गरौँ :
"
2|3|4|6|8,6,र किन ?
2|3|5|8|10,5,"जानी राखौँ :
"
2|5|7|8|10,5,"प्रश्तहरू
"
2|3|5|6|9,5,ट्॥
2|5|7|9|10,5,हन्‌ ।
2|4|5|6|10,5,"यस्तै
"
2|5|7|8|10,5,रै ॥
2|4|5|7|8,5,"1-10109 पन
"
2|5|7|9|10,5,हन?
2|4|8|9|10,5,हक 50 ।
2|3|4|7|9,5,दद ७ ॥
2|4|6|7|9,5,"0 खा
"
2|4|5|6|9,5,गछौँ ।
2|3|5|6|9,5,८ नै ॥
3|4|6|7|8,5,दिन।
3|4|5|7|8,5,जगाउनुपर्छ ।
3|4|5|6|7,5,"भिन्न
"
3|6|7|9|10,5,"कर,
"
3|6|7|8|9,5,"लम्बाइ १
"
3|4|7|8|10,5,"क न
"
3|5|6|8|10,5,"खिच्नुहोस्‌ :
"
3|5|6|9|10,6,80 बनेको छ ।
3|6|7|9|10,5,बनेको हुन्छ ।
3|5|7|8|10,5,"कक्षाकोठामा प्रस्तुत गर्नुहोस्‌ :
"
3|4|7|8|10,5,"द्र ४
"
3|7|8|9|10,5,"र र)00 ५० ३)९०० ) ०,८५७ १ ॥"
3|4|5|7|9,5,"मिनेट
"
3|4|5|6|7,5,"३. हिसाब गर्नुहोस्‌ :
"
3|5|6|7|8,5,गर्ने गरिन्छ ।
3|5|7|9|10,5,भएछ ।
3|4|5|8|9,5,"(४) चिहन लगाउनुहोस्‌ :
"
3|5|6|7|9,5,निकाल्न सकिन्छ ।
3|5|8|9|10,5,गर ।
3|4|6|9|10,5,"यहाँको
"
3|5|7|8|9,5,बनाउँछन्‌ ।
3|4|6|8|10,5,शिक्षकलाई देखाउनुहोस्‌ ।
3|4|5|8|10,5,तिमी ?
3|4|5|9|10,5,देखियो ।
3|5|6|8|10,5,बस्छन्‌ ।
3|4|5|8|9,5,भने ?
3|4|6|9|10,5,पाउँछ ।
3|6|7|9|10,5,बनाइन्छ ।
3|6|7|9|10,5,कर्तव्य हो ।
3|4|5|9|10,5,भन्छन्‌ ?
3|5|6|8|10,5,"तीमध्ये
"
3|4|5|8|9,5,"छलफल गरी लेख्नुहोस्‌ :
"
3|4|6|7|10,5,"उहाँको
"
3|4|6|9|10,5,"घटना १
"
3|5|7|9|10,5,भूमिका हुन्छ ?
3|5|8|9|10,5,गरिएको थियो ।
3|4|6|8|10,5,"शारीरिक
"
3|5|6|8|10,5,सङ्कलन गर्नुहोस्‌ ।
3|4|7|8|9,5,"७ ७ 1 0 बु ७ ;
"
3|4|7|8|9,5,"क |
"
4|7|8|9|10,7,यसको कारण के होला ?
4|5|6|9|10,5,आफ्ना
4|5|6|7|8,5,"(६0. स्वास्थ्य, शारीरिक तथा विर्जवात्मक कला, कक्षा ४ ७.२."
4|5|6|7|8,5,"सिर्जनात्मक कला
"
4|7|8|9|10,5,आएको छ ।
4|5|6|7|9,5,"१. तलका प्रश्नहरूको उत्तर दिनुहोस्‌ :
"
4|5|7|8|10,5,"अन्य
"
4|5|6|8|9,5,"उदाहरणसहित
"
4|5|6|8|10,5,"(101$€95९, 9110111 2 916 12111161?"
4|5|7|8|10,5,गर्थे ।
4|6|8|9|10,5,"परिवारका
"
4|5|6|8|9,5,"प्रश्नहरू
"
4|5|7|9|10,5,"यसै गरी
"
4|5|6|7|9,5,चित्रसहित वर्णन गर्नुहोस्‌ ।
4|5|6|8|9,5,"शब्दार्थ
"
4|5|7|8|9,5,प्रयोग गर्न सकिन्छ ।
4|5|7|9|10,5,"कक्षामा
"
4|5|6|7|8,5,"नृत्य र अभिनय
"
4|5|7|8|10,5,दिँदै आएको छ ।
4|5|7|8|10,10,"8 को
"
4|5|6|8|9,5,हुन्छ होला ?
4|5|7|9|10,5,"विद्यार्थी : 54,450
"
4|7|8|9|10,5,"सङ्ख्या
"
4|6|7|8|10,5,"0 न छ 12 16 20 २24
"
4|6|8|9|10,5,"माथिको
"
4|6|7|8|10,5,निकाल्नुहोस्‌ ।
4|5|7|8|9,5,"0.09 र 9%
"
4|6|7|8|10,5,0 (कु ॥
4|5|6|7|9,5,कति होला ?
4|5|7|9|10,5,किक ॥
4|6|8|9|10,5,दिनुपर्छ ?
4|5|8|9|10,6,बत ।
4|7|8|9|10,5,"फा 1
"
4|5|6|8|10,5,"(ण)
"
4|5|6|8|9,5,"वि. सं. २०७९, पाठ्यक्रम विकास केन्द्र
"
4|5|7|9|10,5,"परिशिष्ट
"
4|5|7|9|10,5,"निबन्ध
"
4|5|6|7|9,5,"संवाद
"
4|5|6|9|10,5,"जीवनी
"
4|5|6|7|9,5,स्याबास !
4|5|6|7|9,5,गर्नुहुँदैन ।
4|7|8|9|10,5,महत्त्वपूर्ण हुन्छ ।
4|7|8|9|10,5,"जुन
"
4|5|7|8|10,5,"निर्माण गर्नुहोस्‌ :
"
4|5|7|9|10,5,थिएन ।
4|5|6|8|10,5,अनुच्छेद लेख्नुहोस्‌ ।
4|5|6|7|10,5,थिएँ ।
4|5|6|8|9,5,"एक दिन
"
4|5|6|8|9,5,"७ शक्ति ११७
"
4|7|8|9|10,5,"1. रा 10
"
4|6|7|9|10,5,"तापक्रम
"
4|6|7|9|10,5,के होला ?
4|5|6|8|9,5,हुँदैनन्‌ ।
4|5|6|8|10,5,सक्दैन ।
4|6|7|8|10,5,"जना
"
4|5|8|9|10,5,"छलफलका लागि प्रश्न
"
4|5|7|8|10,5,पुच्याउँछ ?
4|5|6|7|9,5,सूची तयार पार्नुहोस्‌ ।
4|6|7|9|10,5,"विद्यालय,
"
4|6|8|9|10,5,"पत्ता ;
"
4|6|7|9|10,5,"सामाजिक
"
4|5|6|9|10,5,"समूह ग
"
4|6|7|8|10,5,सर !
4|5|6|8|9,5,होइन र ?
4|5|6|8|10,5,१. नक्सा भनेको के हो ?
4|6|8|9|10,5,"जसको
"
5|7|8|9|10,5,"तादात्म्य कायम गर्दै यसको सहज प्रयोग गर्न शिक्षकले सहजकर्ता, उत्प्रेरक, प्रवर्धक र खोजकर्ताका रूपमा
"
5|6|7|8|9,5,प्रयोग गर्नुपर्छ।
5|7|8|9|10,5,आवश्यक हुन्छ ।
5|6|7|9|10,5,आवश्यक छ ?
5|7|8|9|10,5,जोडनुहोस्‌ ।
5|6|7|8|9,5,गर्न सक्छौँ ।
5|6|7|8|10,5,"चित्रमा
"
5|7|8|9|10,5,"त न 10
"
5|6|7|9|10,5,भएका छन्‌ ।
5|7|8|9|10,5,१६ समीकरण (1:009॥
5|7|8|9|10,5,बनेका छन्‌ ?
5|6|7|9|10,5,"यिनीहरूको
"
5|6|7|8|10,5,छ|  ।
5|6|7|8|9,5,"घ) 270 (ङ) ()
"
5|6|7|8|9,5,"है ०००६
"
5|7|8|9|10,5,"(ग) 4,35,26,041 (घ) 6,03,49,815
"
5|6|7|8|10,5,"71411111101 321 11005910 5706 (७९४९ 1010160 [0066 11111101 11116€
"
5|6|7|8|9,5,समूहमा छलफल गर्नुहोस्‌ ।
5|7|8|9|10,5,"(अ) 10२9. 84- 12 (आ) 44224-3- 30
"
5|6|7|8|10,5,यसलाई १४ ले जनाइन्छ ।
5|6|7|8|9,5,"ा--79
"
5|6|8|9|10,5,"01, १ च्‌ 20
"
5|6|7|9|10,5,गरेका छन्‌ ।
5|6|8|9|10,5,मनाउँछन्‌ ।
5|7|8|9|10,5,"दिइएका प्रश्नको उत्तर दिनुहोस्‌ :
"
5|6|7|9|10,5,"(एकवचन)
"
5|6|7|9|10,5,बन्यो ।
5|6|8|9|10,5,"१२ विज्ञान तथा प्रविधि, कक्षा ५
"
5|7|8|9|10,5,"दुई
"
5|6|7|9|10,5,"सङख्या
"
5|7|8|9|10,5,"(इ) 520 11 (ई) 0.52 10)
"
5|6|7|9|10,5,पाउन सकिन्छ ।
5|6|8|9|10,5,"निष्कर्ष
"
5|6|7|8|9,5,"विधि
"
5|7|8|9|10,5,"जहाँ
"
6|7|8|9|10,5,"होला, पत्ता लगाउनुहोस्‌ :
"
6|7|8|9|10,5,"44 गी.
"
6|7|8|9|10,5,611611[) भनिन्छ ।
6|7|8|9|10,8,(7) बिन्दु (?
6|7|8|9|10,5,"सूत्रानुसार, ९ -।"
6|7|8|9|10,6,रहेको हुन्छ ।
6|7|8|9|10,5,"मानव
"
6|7|8|9|10,5,"बल र चाल
"
6|7|8|9|10,5,गर्नुपर्ने हुन्छ ।
6|7|8|9|10,5,"(अज)
"
6|7|8|9|10,5,"आफ्नो
"
6|7|8|9|10,5,"वि.सं. २०७८
"
6|7|8|9|10,5,"पृ,
"
6|7|8|9|10,5,दिइन्छ ।
6|7|8|9|10,5,"जसले
"
6|7|8|9|10,5,"नेपालमा
"
6|7|8|9|10,5,"परिचय
"
1|4|6|7,4,साथीहरूसँग छलफल गर्नुहोस् ।
1|4|6|8,4,शि ।
1|3|4|10,4,गर्छौँ ।
1|2|4|7,4,बस्नुपर्छ ।
1|2|8|10,4,". .................................. ४. .................................\
"
1|4|6|9,5,ती के के हुन् ?
1|2|5|8,4,""" आमाले भन्नुभयो ।"
2|6|7|12,5,“ओहो !
2|4|6|10,4,थाहा छ?
2|3|6|9,4,बा!
2|3|5|9,4,बिहान
2|3|4|5,4,मन पर्छ ।
2|4|7|9,4,साथीहरू !
2|4|7|9,4,ae ३ ९!
2|3|5|10,4,"| 0. छ
"
2|3|7|9,4,जानुभयो ।
2|3|8|10,4,". 1 की
"
2|4|8|10,4,"मानिस
"
2|7|9|10,4,"७52 टि
"
2|5|8|9,4,"ठुलो
"
2|3|4|6,4,कार्यक्रम ?
2|5|7|9,4,"सबैले
"
2|3|8|9,5,"सूचना
"
2|3|4|6,4,देखे ।
2|4|6|9,4,कद ॥
2|6|9|10,4,"तिनले
"
2|3|5|9,4,"शुभकामना
"
2|3|5|9,4,आइपुगे ।
2|5|6|10,4,"अरू
"
2|4|6|10,4,"गो) 1100 010 11
"
2|4|6|9,4,"अन्न,
"
2|3|9|10,4,कोर्नुहोस्‌ ।
2|7|8|9,4,"न 0 पा
"
2|5|9|10,4,"१ ७०००: उठी
"
2|4|5|8,4,"संवाद पढौँ :
"
2|5|7|9,4,आइरहेको छ।
2|5|8|10,4,कस्तो ।
2|5|8|10,4,"दि 4
"
2|3|4|5,4,"कथा पढौँ :
"
2|5|6|9,4,"नियमित
"
2|5|6|7,4,कट ।
2|3|6|9,4,"शिक्षकको
"
2|3|5|8,4,"विद्यालयको
"
2|4|6|7,4,उभिनुहोस्‌ ।
2|4|9|10,4,"न ०० क
"
2|3|4|5,4,"७ ७९७ हेरौँ र छलफल गरौँ:
"
2|7|8|10,4,७ जन ॥
2|6|7|9,4,सोध्नुहोस्‌ ।
2|6|7|10,4,ब्र ।
2|3|5|8,4,"सयौँ थुँगा फूलका हामी, एउटै माला नेपाली
"
2|3|5|8,4,"सार्वभौम भई फैलिएका, मेची महाकाली
"
2|3|5|8,4,"प्रकृतिका कोटी कोटी सम्पदाको आँचल
"
2|3|5|8,4,"वीरहरूका रगतले, स्वतन्त्र र अटल
"
2|3|5|8,4,"ज्ञानभूमि, शान्तिभूमि तराई, पहाड, हिमाल
"
2|3|5|8,4,"अखण्ड यो प्यारो हाम्रो मातृभूमि नेपाल
"
2|3|4|7,4,"उत्तर लेख्नुहोस्‌ : 2090
"
2|5|7|8,4,"३ ०4०.) टी.
"
2|3|5|9,4,फे ।
3|4|6|8,4,यसलाई 7:15 0 लेखिन्छ ।
3|8|9|10,4,टु!
3|6|9|10,9,+5 ।
3|4|6|7,4,निहित रहेको छ ।
3|4|9|10,4,"लामो
"
3|5|7|8,4,२10९0€6 01 6: २|०८९ ४॥
3|7|8|9,4,"७ रर३
"
3|8|9|10,4,८ | ९ [१० ।
3|4|5|8,4,लखन ॥
3|4|5|9,4,])]।
3|5|7|10,4,"त्यसै गरी 8
"
3|6|7|9,4,बिन्दुहरू ॥
3|5|8|10,4,के भनिन्छ ?
3|4|6|10,4,पद; २; ६ ॥
3|5|9|10,4,"रु. ११० रु. ६२० रु. ९७०
"
3|7|9|10,4,र १३६७ छ ।
3|5|7|10,4,[| ।
3|4|5|9,4,"कति
"
3|5|8|9,4,"गर्दा, ३२ ४-०
"
3|5|7|9,4,३ घण्टा ॥
3|6|7|10,4,"8 ५ 8 थु
"
3|5|8|9,4,हुन्थ्यो ।
3|4|7|9,4,"रु. ६ - रु. ९ -
"
3|4|9|10,4,ल्यायो ।
3|7|9|10,4,राखियो ।
3|4|5|10,6,"२ २५० से.मि.
"
3|4|9|10,4,"तौल
"
3|4|6|10,4,"उहाँहरू
"
3|6|9|10,4,"शब्द
"
3|6|8|10,4,"तथा
"
3|6|9|10,4,"वर्ष
"
3|5|8|10,4,"पात
"
3|7|9|10,4,चलन छ ।
3|5|7|10,4,"बाटो
"
3|5|7|10,4,"उहाँले भन्नुभयो
"
3|4|5|6,4,"के भयो
"
3|5|7|10,4,"नानी
"
3|6|7|8,4,पनि छन्‌ ।
3|4|5|6,4,"सबै जना
"
3|4|5|6,4,हुनुभयो ।
3|4|6|10,4,गर्दछु ।
3|5|6|9,4,"निवेदक
"
3|4|5|7,4,"साथीहरूसँग
"
3|4|6|10,4,मनाइन्छ ।
3|5|9|10,4,देखिन्थे ।
3|5|6|9,4,पर्थ्यो ।
3|4|5|10,4,"हरेक.
"
3|4|5|7,4,सोध्नुभयो ।
3|6|7|9,4,"(2 ड्र
"
3|6|8|9,4,"निम्नानुसार छन्‌ :
"
3|5|7|10,4,न्छ ।
3|4|6|7,4,"र्न
"
3|4|5|10,4,"हामीले पनि
"
3|4|8|10,4,जोगाउँछ ।
3|8|9|10,4,"स्वास्थ्य
"
3|5|10|11,4,आए।
3|4|6|10,4,जान्छु ।
3|6|8|10,4,भनिन्‌ ।
4|6|7|8,4,गर्न सक्नुहुन्छ ?
4|6|9|10,11,उदाहरणसहित लेख्नुहोस् ।
4|6|7|10,14,उल्लेख गर्नुहोस् ।
4|6|7|9,4,कसरी ?
4|5|7|8,4,"स्वास्थ्य, शारीरिक तथा
"
4|5|7|8,4,साधन हो ।
4|5|7|8,4,"शारीरिक तन्दुरुस्ती, स्वास्थ्यकर बानी एवम्‌ सिर्जनात्मकताको विकास तथा जातजाति, धर्म, भाषा,
"
4|5|7|8,4,पहिचान गरी समाधानका उपायको खोजी गर्नु पनि आधारभूत तहको शिक्षाका आवश्यक पक्ष हुन्‌ ।
4|6|7|9,4,"स्वस्थ
"
4|6|7|8,4,"स्वास्थ्य, शारीरिक तथा सिर्जनात्मक कला, कक्षा ४ 0
"
4|5|8|10,4,"साथीसँग छलफल गर्नुहोस्‌ :
"
4|7|8|10,4,"गाउँमा
"
4|5|7|8,4,खानुपर्छ ।
4|8|9|10,4,लाग्छन्‌ ।
4|8|9|10,4,"यसका साथै
"
4|7|8|10,4,"त्यस्तै गरी,
"
4|6|7|8,4,बच्न सकिन्छ ।
4|5|8|10,4,सहयोग लिनुहोस्‌ ।
4|5|6|8,4,"स्वास्थ्य शारीरिक तथा सिर्जवात्मक कला, कक्षा ४ ॥"
4|6|7|8,4,"पकन
"
4|5|7|9,4,फाल्छन्‌ ।
4|5|6|7,4,गर्दुहोस्‌ ।
4|5|7|9,4,"यसै
"
4|7|8|9,4,भनिएको हो ।
4|5|6|7,4,"कियाकलाप ८. १४:
"
4|6|7|8,4,प्रस्ट पार्नुहोस्‌ ।
4|5|6|8,4,बजाउनुहोस्‌ ।
4|5|6|7,4,(क) नृत्य भनेको के हो ?
4|5|7|8,4,"आधारभूत शिक्षाले बालबालिकामा आधारभूत साक्षरता, गणितीय अवधारणा र सिप एवम्‌
"
4|5|7|8,4,"जीवनोपयोगी सिपको विकासका साथै व्यक्तिगत स्वास्थ्य तथा सरसफाइसम्बन्धी बानीको विकास गर्ने अवसर
"
4|5|7|8,4,प्रदान गर्नुपर्छ ।
4|5|7|8,4,"सचेत भई अनुशासन, सदाचार र स्वावलम्बन जस्ता सामाजिक एवम्‌ चारित्रिक गुणको विकास गर्नुपर्छ ।"
4|5|6|7,4,"३ ठोस वस्तुहरू (80110 0016015) १५
"
4|6|7|10,4,"९ दुरी (21519106) १२0
"
4|8|9|10,4,"खु ०
"
4|8|9|10,4,"[र्‌
"
4|5|6|9,4,"() (1) सा)
"
4|6|9|10,4,"समूहमा
"
4|5|6|9,4,"१ ठा
"
4|5|6|7,4,"गुणन गर्नुहोस्‌ :
"
4|7|8|10,4,सङ्ख्या पत्ता लगाउनुहोस्‌ ।
4|8|9|10,4,"भ, 162 - 1899
"
4|5|8|10,4,गरेछन्‌ ।
4|6|9|10,4,"छ छ 18 4०5
"
4|6|9|10,4,"त्यसका
"
4|8|9|10,4,गर्नुपर्ला ?
4|7|8|9,4,"तलका प्रश्नमा छलफल गर्नुहोस्‌ :
"
4|6|7|10,4,"सामान्यतया 1
"
4|6|8|10,4,"2 2 3 ञ 35 २25
"
4|6|7|8,4,"माटो
"
4|5|9|10,5,"8091 8 कि.मि.
"
4|5|6|7,4,". तलको
"
4|6|7|10,4,"परिमाण
"
4|5|7|8,4,"(०) [ 1:555 () [1:458
"
4|7|8|10,4,"श्र
"
4|8|9|10,4,"ज्‌
"
4|5|6|10,4,"साथी
"
4|5|6|9,4,टिप्नुहोस्‌ ।
4|5|9|10,4,"हाम्रा
"
4|6|7|8,4,"पहिलो
"
4|6|9|10,5,"हजुर
"
4|6|7|8,4,"थाल्छन्‌)
"
4|5|6|10,4,बनाए ।
4|7|8|10,4,उपयोगी हुन्छ ।
4|5|6|7,4,"बताउनुहोस्‌ :
"
4|8|9|10,4,राखिएको हुन्छ ।
4|5|6|9,4,बढ्यो ।
4|5|6|7,4,बताउनुभयो ।
4|5|7|8,4,"आधारभूत शिक्षाका माध्यमबाट बालबालिकाहरूले प्राकृतिक तथा सामाजिक वातावरणप्रति
"
4|5|9|10,4,"1 सजीवहरूको वर्गीकरण ५८
"
4|5|7|9,4,"वैज्ञानिक
"
4|5|6|7,4,अपनाउनुपर्छ ।
4|5|8|10,4,"आधुनिक
"
4|6|7|9,4,"त्यसकारण
"
4|5|7|8,4,"कम्प्युटरको
"
4|6|9|10,4,क्लिक गर्नुहोस्‌ ।
4|5|6|7,4,मा क्लिक गर्नुहोस्‌ ।
4|8|9|10,4,"यस भनाइलाई उदाहरणसहित
"
4|8|9|10,4,"हावा,
"
4|6|9|10,4,"वातावरणमा
"
4|6|7|9,4,सक्दैनन्‌ ।
4|7|9|10,4,प्राप्त हुन्छ ।
4|7|9|10,4,फरक हुन्छ ।
4|5|6|8,4,"फूल
"
4|5|6|7,4,"आजको
"
4|7|8|9,4,"पानीको
"
4|5|6|7,4,"यति
"
4|5|6|10,4,"नाम
"
4|5|8|9,4,"कुनै पनि
"
4|7|8|10,4,देखाउँछ ।
4|6|8|9,4,खनिज ।
4|5|6|8,4,"6. कारण दिनुहोस्‌ :
"
4|5|9|10,4,पाइयो ।
4|5|8|9,4,"चित्र त 7,717
"
4|6|8|9,4,"वायुमण्डलमा
"
4|6|7|8,4,हुन्छु ।
4|5|6|10,4,"मलाई
"
4|8|9|10,4,"यहाँका
"
4|7|8|9,4,प्रस्तुत गरिएको छ ।
4|5|7|9,4,"नयाँ
"
4|7|8|9,4,उदाहरणसहित पुष्टि गर्नुहोस्‌ ।
4|8|9|10,4,"रचना :
"
4|8|9|10,4,सोधखोज गरी लेख्नुहोस्‌ ।
4|5|7|10,4,"प्रश्नहरु
"
4|6|8|9,4,निष्कर्ष प्रस्तुत गर्नुहोस्‌ ।
4|6|9|10,4,आएका छन्‌ ।
4|5|7|9,4,बढेको छ ।
4|8|9|10,4,गर्ने गर्छन्‌ ।
4|5|7|9,4,सूची तयार गर्नुहोस्‌ ।
4|5|6|8,4,"सूची तयार
"
4|7|8|9,4,"सङ्केत
"
4|6|7|10,4,"अस्पताल
"
5|6|7|9,4,पुगे ।
5|7|8|9,4,केन्द्र यसत्वय तथा प्रकाशत शाखामा पठाइदितुहुन अवुरोध छ ।
5|6|7|8,4,"योग
"
5|6|9|10,4,"समूह 'घ'
"
5|6|8|10,4,910 €%९।
5|6|8|10,4,") ल
"
5|6|7|8,4,गर्न मदत गर्छ ।
5|6|7|10,4,"कुन
"
5|6|8|9,4,पारे ।
5|7|8|10,4,"साथीसँग
"
5|6|7|8,4,सजिलो हुन्छ ।
5|6|7|8,4,देख्नुभएको छ ?
5|6|7|8,4,"(७0. स्वास्थ्य, शारीरिक तथा सिर्जतात्मक कला, कक्षा १
"
5|6|7|8,4,बस्नुहोस्‌ ।
5|8|9|10,4,५ पत ॥
5|6|8|9,4,"अब ती
"
5|8|9|10,4,"हाल
"
5|6|8|9,4,"आफूले
"
5|6|9|10,4,गरेको पाइन्छ ।
5|6|7|9,4,"उदाहरणका रूपमा
"
5|6|7|8,4,"गायन र्‌ वादन
"
5|6|7|8,4,मात्रा : १ २ ३ ॥
5|6|7|8,4,"वि. सं. २०८० पाठयक्रम विकास केन्द्र
"
5|8|9|10,4,"(ख) %
"
5|6|8|9,4,"हर "" ॥"
5|6|7|10,4,"(क) त
"
5|7|8|9,4,बराबर हुन्छन्‌ ?
5|6|8|10,4,कारणसहित लेख्नुहोस्‌ ।
5|6|8|9,4,"1०९) चत 8
"
5|8|9|10,4,"(छ) १,४५,२२,६०७ (ज) २२,००,१०,९५२
"
5|7|8|9,4,यो ॥
5|8|9|10,4,"__ १३
"
5|8|9|10,4,"यस 0
"
5|6|9|10,4,"त २ 100%
"
5|7|9|10,4,"क्षेत्रफल पत्ता लगाउनुहोस्‌ :
"
5|6|9|10,4,मिटर छ।
5|7|8|10,4,"18€1019106 £६)0०125510115)
"
5|6|7|9,4,"र कक्षामा प्रस्तुत गर्नुहोस्‌ :
"
5|6|8|9,4,2--5-57 लेख्न सकिन्छ ।
5|6|8|10,4,"हल गर्नुहोस्‌ :
"
5|6|8|9,4,"(क) यहाँ 4:-5 12
"
5|6|8|9,4,4202 न ० हुन्छ ।
5|6|7|8,4,"(छ) -5-512 (ज) ४०7 10 (झ) ४4 105 21
"
5|8|9|10,4,"(थ) 70--2 542 10
"
5|7|8|9,4,सझावहरूलाई केद्र हार्दिक स्वागत गर्दछ ।
5|7|8|9,4,गर्न सक्छन्‌ ।
5|6|9|10,4,"महोदय,
"
5|7|8|9,4,गर्दै आएको छ ।
5|8|9|10,4,"६. दिइएका प्रश्नको उत्तर लेख्नुहोस्‌ :
"
5|6|7|10,4,"मानिसले
"
5|6|7|9,4,"पाठ &
"
5|6|9|10,4,"त्यसको
"
5|6|8|9,4,"बारेमा छलफल गर्नुहोस्‌ :
"
5|6|7|8,4,"तपाईँको
"
5|6|7|9,4,"(बहुवचन)
"
5|6|7|10,4,"(स्त्रीलिङग)
"
5|6|7|10,4,"(द्वितीय पुरुष)
"
5|6|7|10,4,"(तृतीय पुरुष)
"
5|6|7|9,4,"(प्रथम पुरुष)
"
5|6|8|10,4,"मिति २०८०/०९/१२
"
5|7|9|10,4,को छ ।
5|6|7|8,4,"जीवन प्रक्रिया
"
5|6|8|10,4,प्रक्रिया हो ।
5|7|8|9,4,"1 स
"
5|7|8|10,4,कक्षामा छलफल गर्नुहोस्‌ ।
5|6|9|10,4,"सूचना तथा सञ्चार प्रविधि
"
5|6|7|10,4,चिनिन्छ ।
5|7|8|9,4,स्रोत हुन्‌ ।
5|8|9|10,4,"सञ्चार
"
5|6|7|8,4,00001161 देखापर्छ ।
5|7|8|9,4,0100 को हुन्छ ।
5|8|9|10,4,"विघि
"
5|6|8|10,4,"0 फो
"
5|6|8|10,4,"यस्तो अवस्थामा
"
5|6|8|9,4,नाम लेख्नुहोस्‌ ।
5|8|9|10,4,"भएकाले
"
5|6|8|10,4,भइरहेका छन्‌ ।
5|7|8|9,4,चर्चा गर्नुहोस्‌ ।
5|7|8|10,4,"सोधिएका प्रश्नको उत्तर दिनुहोस्‌ :
"
5|6|8|10,4,"गर्न
"
5|6|7|10,4,पायौँ ।
5|6|8|9,4,"आर्थिक
"
5|6|8|10,4,"तिनीहरूका
"
5|7|8|10,4,चाहन्छु ।
5|6|8|9,4,"यिनीहरूले
"
6|7|9|10,10,व्याख्या गर्नुहोस् ।
6|7|8|9,7,3. (क) 15 cm?
6|7|9|10,7,जनाउ घन्टी बज्छ।
6|7|8|9,4,"यसले गर्दा
"
6|8|9|10,4,"(खच)
"
6|8|9|10,4,"उद्देश्य :
"
6|7|8|9,4,रूपमा लिइन्छ ।
6|7|8|10,4,ते ।
6|8|9|10,4,"कसै
"
6|7|9|10,4,"आउने
"
6|7|8|9,4,(34101118 1161100) विधि भनिन्छ ।
6|8|9|10,4,"उदाहरणका लागि
"
6|7|8|10,4,"निर्माण
"
6|8|9|10,4,"खच रु. 1300
"
6|8|9|10,4,"च रु.325
"
6|7|8|9,5,"अभ्यास 24
"
6|7|8|9,4,"तक 1500
"
6|7|8|9,5,81-5१9०%१ हुन्छ ।
6|7|9|10,4,"अर्थात्‌
"
6|8|9|10,4,"1016 1प्रा11067)
"
6|7|9|10,4,"पाउ
"
6|8|9|10,4,"न 84%
"
6|8|9|10,4,"ख रु. 1400
"
6|7|8|10,4,३011 0€1€€?
6|8|9|10,5,"रू 1
"
6|7|8|10,4,"पछ)
"
6|8|9|10,5,") नन )
"
6|7|8|10,4,"त्यस्ता
"
6|8|9|10,4,"त्यसैले, ८ 7 हुन्छ ।"
6|8|9|10,4,"यदि उक्त
"
6|8|9|10,4,जनाइन्छ ।
6|7|9|10,4,"अथवा, 14-1/- 2
"
6|7|9|10,4,"(क) (4, 4), (-4, 4), (-4, 4) र (4, -4)(ख) (0, 6), (-6, 0) र (6, 0)
"
6|7|9|10,4,काम गर्छ ।
6|8|9|10,4,खेल्छन्‌ ।
6|7|9|10,4,"(उच्च आदर)
"
6|8|9|10,5,अहो !
6|7|9|10,4,"2. सही उत्तर छान्नुहोस्‌ :
"
6|7|8|9,4,"फरक लेख्नुहोस्‌ :
"
6|8|9|10,4,"शिक्षा
"
6|7|9|10,4,"उदाहरणका
"
6|7|8|10,4,राखिन्छ ।
6|7|8|9,4,घट्छ ।
6|7|8|10,4,गनुहोस्‌ ।
6|8|9|10,4,"अतः
"
6|7|8|10,4,निकालिन्छ ।
6|8|9|10,4,"हामी र हाम्रो समाज
"
6|7|8|10,4,भएको पाइन्छ ।
6|7|8|9,4,प्रतिवेदन तयार पार्नुहोस्‌ ।
6|8|9|10,4,"कतिपय
"
6|7|8|9,4,"विकासका
"
6|7|8|9,4,"जसमा
"
6|8|9|10,4,आवश्यक पर्छ ।
6|8|9|10,4,गर्दैन ।
6|8|9|10,4,सञ्चालन गर्नुहोस्‌ ।
6|7|8|10,4,जान्छन्‌ ।
6|7|8|10,4,"वास्तवमा
"
6|8|9|10,4,"नेपालका
"
6|8|9|10,4,"देशको
"
6|7|8|10,4,"प्रदेश २
"
6|7|9|10,4,"कृषि
"
6|7|8|9,4,"समूहमा छलफल गरी निष्कर्ष
"
6|7|8|9,4,ओगटेको छ ।
6|8|9|10,4,गरिन्थ्यो ।
6|8|9|10,4,पार्छ ।
6|7|9|10,4,"आधारभूत
"
6|7|8|10,4,"यसअन्तर्गत
"
7|8|9|10,4,"तिषयसूची
"
7|8|9|10,4,1105016] भनिन्छ ।
7|8|9|10,4,"फलाम,
"
7|8|9|10,4,प्रदान गर्छ ।
7|8|9|10,4,(चा॥
7|8|9|10,4,"5. प्रमाणित गर्नुहोस्‌ :
"
7|8|9|10,4,1र 2 शिक्षकलाई देखाउनुहोस्‌ ।
7|8|9|10,4,"उचाइ (1) 5 30)
"
7|8|9|10,4,"1. ३० (ख) 4४ (ग) )6
"
7|8|9|10,4,कति हुन्छ?
7|8|9|10,4,"(ग) 9902 १ 1200/ १ 47 (घ) ४8104-5 7202002 - 1605
"
7|8|9|10,4,"20 4. 704. 21 ३ 2020/2 १ 21/222 १ 22222
"
7|8|9|10,4,"चित्र (ख)
"
7|8|9|10,4,त्यसैगरी ॥
7|8|9|10,4,"प्रश्नको उत्तर लेख्नुहोस्‌ :
"
7|8|9|10,4,"(करण)
"
7|8|9|10,4,लेख्नुपर्छ ।
7|8|9|10,4,"4. फरक छुटयाउनुहोस्‌ :
"
7|8|9|10,4,बनाएको छ ।
7|8|9|10,4,"(रर विज्ञान तथा प्रविधि कक्षा
"
7|8|9|10,4,मिलेर बनेको हुन्छ ।
7|8|9|10,4,ले जनाइन्छ ।
7|8|9|10,4,"जसले गर्दा
"
7|8|9|10,4,गरेको थियो ।
7|8|9|10,4,देखिएको छ ।
7|8|9|10,4,उत्पादन गर्छन्‌ ।
1|2|3,8,"हाम्रो सेरोफेरो, कक्षा १ ।"
1|7|9,3,द् 0 ।
1|2|3,3,(अ) चित्रमा के के देख्नुभयो ?
1|3|10,3,es ।
1|4|10,9,नाम लेख्नुहोस्?
1|5|8,4,जौ।
1|4|10,6,| | |) |) | ।
1|8|9,3,लो।
1|8|10,4,बसेको थियो ।
1|7|8,4,) छर
1|3|8,3,I ॥
1|8|9,3,| हुन्छ ।
1|5|9,4,एक : १५४ ।
1|7|9,3,छौ  ।
1|5|10,3,निस्कन्छ ।
1|4|8,3,थियौ ?
1|2|3,3,लाग्न सक्छ ।
1|4|10,3,रहनुपर्छ ।
1|9|12,4,हुन् ।
1|2|3,3,करेन्ट लाग्न सक्छ ।
1|6|9,3,गणना गर्नुहोस् ।
1|3|7,3,बस्छु ।
2|9|10,4,= ।
2|3|6,3,"प्रकाशक : नेपाल सरकार
"
2|3|7,3,समभावको विकास पनि आधारभूत शिक्षाका अपेक्षित पक्ष हुन्‌ ।
2|5|7,3,"उनीहरूलाई
"
2|4|6,3,"हिजो
"
2|8|10,3,सकेन ।
2|3|4,3,"गृहकार्य
"
2|3|10,3,"सुगा
"
2|9|10,3,1. 0ि101001010801010101010101010010101010.।
2|5|9,3,त / ३ ।
2|8|9,3,"र क
"
2|6|10,3,"तिम्रो
"
2|4|9,3,) बी ॥
2|4|5,3,हाँस्नुभयो ।
2|5|8,3,"तपाईँलाई
"
2|3|8,3,सु ।
2|6|10,3,झै ।
2|3|5,3,"हजुरआमाले
"
2|3|7,3,सोधी ।
2|4|8,3,भन्यो ।
2|3|5,3,बनाऔँ ।
2|4|7,3,"गाउँको
"
2|7|9,3,"0120 फरक)
"
2|5|7,3,"घरमा
"
2|6|10,3,"होइनन्‌
"
2|3|7,3,"बुबा
"
2|4|5,3,मागे ।
2|7|9,3,थाल्नुभयो ।
2|9|10,3,राखे।
2|7|8,3,"उनकै"" 5912 14 1918
"
2|8|10,3,७ [उ ।
2|7|10,3,माग्यो ।
2|4|5,3,"(८ सर्वाधिकार : पाठयक्रम विकास केन्द्र
"
2|3|7,3,पाठ्यपुस्तक विद्यार्थीमा अपेक्षित दक्षता विकास गर्ने एक मुख्य साधन हो ।
2|6|8,3,"ध्वनि ६०
"
2|4|5,3,"बिरुवा १२९
"
2|5|9,3,"विय
"
2|6|9,3,"पछि 7 0210
"
2|6|9,3,चलिरहन्छ ।
2|6|10,3,एक दिनको कुरा हो ।
2|3|6,3,खि ?
2|6|7,3,"टर.
"
2|3|4,3,रमाइलो हुन्छ ।
2|4|6,3,"9 ००००००००%०००००००००००%०%०००००००००००००००००००००००००००००००००५०००
"
2|5|7,3,जानुपर्छ ।
2|6|10,3,हुनुपर्दछ ।
2|4|7,3,अभ्यास गरौँ ।
2|6|9,3,"विद्युत्‌
"
2|5|8,3,छलफल गर्नुहोस्‌ ।
2|3|9,3,%/; ॥
2|9|10,3,"लन 2७"" ७
"
2|6|10,3,"ररर
"
2|3|5,3,गर्नुभएको छ ?
2|4|6,3,"रुगाखोकी
"
2|3|6,3,कै ॥
2|6|10,3,"तिनीहरूलाई
"
2|5|6,3,खान्छन्‌ ।
2|4|9,3,"३ ै
"
2|4|6,3,खेल्नुपर्छ ।
2|4|6,3,काटनुपर्छ ।
2|4|10,3,"कसैलाई ७
"
2|3|9,3,"७110 017) पह
"
2|6|8,3,"छ %२
"
2|4|7,3,"04007777722222222222222222222222022००02०222्22.
"
2|7|8,3,"९१०2 य9९३३००३९१
"
2|6|9,3,"0014 कल
"
2|4|5,3,"यसैगरी
"
2|9|10,3,डि ।
2|5|10,3,ख्नुहोस्‌ ।
2|5|6,3,"त्यसलाई
"
2|3|6,3,रङ लगाउनुहोस्‌ ।
2|7|10,3,"हेन
"
2|4|8,3,"७ ३ 10४ कछ 0
"
2|3|8,3,"अग्रगामी राष्ट्र हाम्रो, जय जय नेपाल ।"
2|3|7,3,"१ नु ३ 1
"
2|6|9,3,1 पू ॥
2|3|5,3,"हेरौँ, चिनौँ र छलफल गरौँ :
"
2|7|9,3,"रेडियो,
"
2|7|10,3,"/ र)
"
2|3|10,3,"कनल
"
2|4|6,3,त्रि ।
2|7|8,3,"आवश्यक
"
2|7|8,3,"फन)
"
2|5|8,3,"हिमाल
"
2|4|5,3,ठिक चिहन (१) लगाउनुहोस्‌ ।
2|3|5,3,हावा चाहिन्छ ।
3|4|10,4,ee ee ।
3|6|7,3,खान्छ ' ॥
3|7|10,4,ee ।
3|8|9,3,"(ट) सर्वाधिकार : पाठ्यक्रम विकास केन्द्र
"
3|6|7,3,नजिक छ ।
3|4|5,3,दश ।
3|4|5,3,हजार ।
3|7|10,3,"तालिकामा प्रस्तुत गर्नुहोस्‌ :
"
3|4|5,3,"३२ (६)७० स्थान : ....................... स्थानमान : .......................
"
3|8|10,3,"२०० सस २००
"
3|8|10,3,"छि |, ।"
3|7|10,3,"ककन
"
3|9|10,3,"जाँच गर्नुहोस्‌ :
"
3|6|9,3,2  0 फर 7 ।
3|9|10,3,"चतुर्भुज
"
3|8|9,3,"खोजी गर्नुहोस्‌
"
3|4|9,3,"सीता
"
3|5|7,3,"छात्रा
"
3|7|10,3,१०९० नद ।
3|8|9,3,"६० १८ १० छी
"
3|6|8,3,छ त ।
3|9|10,3,"रत 1714
"
3|6|10,3,"भे 74
"
3|5|8,3,"भाग
"
3|4|7,3,"८ (पहिलो पटक)
"
3|4|8,3,"१२२ ४.३ शेष ०
"
3|5|9,3,"मनमा
"
3|8|9,3,२५ त त॥
3|4|9,3,"- २१ पक
"
3|4|7,3,"१ मिनेट - ६० सेकेन्ड
"
3|4|6,3,लिरुछन्‌ ?
3|4|8,3,रु. ३१मा ॥
3|5|6,3,"[रे
"
3|4|5,3,बन?
3|4|6,3,"६०० मिलिलिटर
"
3|9|10,3,"त |
"
3|5|6,3,हेर्नुपर्छ ।
3|4|6,3,आयत ।
3|4|9,3,"014 बै
"
3|8|10,3,तुलना गर्नुहोस्‌ ।
3|7|9,3,"[1०० /
"
3|5|10,3,देखिन्थ्यो ।
3|4|8,3,जार ।
3|6|8,3,"त्यति
"
3|4|6,3,"बाघ
"
3|4|8,3,"पाटी
"
3|4|9,3,"फूलबारी
"
3|6|10,3,"साल
"
3|4|7,3,लगाउँछन्‌ ।
3|9|10,4,तपाईँको नाम के हो ?
3|4|5,3,लैजानुभयो ।
3|4|5,3,काम गर्नुहुन्छ।
3|8|10,3,होस्‌ ।
3|7|9,3,गरी ।
3|5|7,3,"किन, लेख्नुहोस्‌ :
"
3|4|9,3,पस्यो ।
3|5|7,3,"भोलि)
"
3|4|8,3,बोलाइन्‌ ।
3|5|6,3,"त्यसो
"
3|6|7,3,"६३0 बजे
"
3|6|7,3,"हाम्रो देश
"
3|4|6,3,"मेरी
"
3|4|8,3,"रमेश
"
3|6|9,3,"उसको
"
3|7|10,3,"पता
"
3|5|10,3,") पण
"
3|5|7,3,"210 पढौँ र बुझौँ :
"
3|6|9,3,चलाउन सकिन्छ ।
3|5|6,3,"टट्‌)
"
3|4|5,3,देखिँदैन ।
3|7|9,3,कुराकानी गर्दै छन्‌ ।
3|5|6,3,"क्रियाकलापहरू
"
3|5|7,3,प्राप्त गर्छन्‌ ।
3|4|7,3,"तलको तालिका भर्नुहोस्‌ :
"
3|5|6,3,"मिलाउनुहोस्‌ :
"
3|8|10,3,"भा 11
"
3|8|9,3,"यिनले
"
3|6|10,3,पदार्थ हो ।
3|7|9,3,"एकै
"
3|9|10,4,"एके
"
3|7|10,3,"एउटै
"
3|5|8,3,"बहुल जाति भाषा धर्म संस्कृति छन्‌ विशाल
"
3|6|10,3,£1€३५९ 1661?
3|9|10,3,८९० र छलफल गर्नुहोस्‌ ।
3|8|9,3,"र तलको तालिकामा भर्नुहोस्‌
"
3|7|9,3,"वर्षा
"
4|6|9,8,कक्षामा छलफल गर्नुहोस् ।
4|5|8,3,प्रयोग गरिन्थ्यो ।
4|5|8,3,दै 4 ॥
4|5|7,3,के तपाइँलाई थाहा छ ?
4|5|9,3,कारण के होला ?
4|6|9,3,] उ: 1. ।
4|7|9,3,कारणसहित लेख्नुहोस् ।
4|8|9,3,"१३४ विज्ञान तथा प्रविधि, कक्षा ४ छ?"
4|7|10,5,उदाहरणसहित वर्णन गर्नुहोस् ।
4|9|10,6,उदाहरणसहित प्रस्ट पार्नुहोस् ।
4|5|6,3,"0, 00 दे?"
4|9|10,3,अध्यक्ष ।
4|11|12,4,” मैले सोधेँ ।
4|5|6,4,“ए..।
4|6|7,3,"तेपाल सरकार
"
4|7|9,3,"हाम्रो भनाड्‌
"
4|5|8,3,"संस्कृति, क्षेत्रप्रति सम्मान र समभावको विकास पनि आधारभूत शिक्षाका अपेक्षित पक्ष हुन्‌ ।"
4|5|8,3,"एकता, लोकतान्त्रिक मूल्यमान्यता तथा संस्कार सिकी व्यावहारिक जीवनमा प्रयोग गर्नु, सामाजिक गुणको
"
4|7|8,3,"दृष्टिगत गरी विद्यालय शिक्षाको राष्ट्रिय पाठ्यक्रम प्रारूप,२०७६ अनुसार विकास गरिएको आधारभूत शिक्षा
"
4|5|7,3,यस पाठ्यपुस्तकले विद्यार्थीमा निर्धारित सक्षमता विकासका लागि विद्यार्थीलाई सहयोग गर्ने छ ।
4|5|7,3,"पाठ्यपुस्तकलाई विद्यार्थीको सिकाइमा
"
4|5|7,3,प्रयोगमुखी र क्रियाकलापमा आधारित बनाउने प्रयास गरिएको छ ।
4|5|7,3,"यस पुस्तकलाई अझ परिष्कृत पार्नका लागि शिक्षक, विद्यार्थी, अभिभावक,
"
4|5|7,3,"बुद्धिजीवी एवम्‌ सम्पूर्ण पाठकहरूको समेत विशेष भूमिका रहने हुँदा सम्बद्ध सबैको रचनात्मक सुझावका लागि
"
4|5|7,3,पाठ्यक्रम विकास केन्द्र हार्दिक अनुरोध गर्दछ ।
4|6|9,3,सक्नुहुन्छ ।
4|5|9,3,भइन्‌ ।
4|5|10,3,"समुदायमा
"
4|5|10,3,लगाउनुपर्छ ।
4|6|9,3,"कक्षाकोठामा
"
4|7|8,3,बचाउँछ ।
4|5|6,3,ल्याउनुहोस्‌ ।
4|5|9,3,"पनन
"
4|8|10,3,"शरीर
"
4|5|6,3,गर्ने छौँ ।
4|6|8,3,हुनुहोस्‌ ।
4|8|9,3,यसका फाइदा लेख्नुहोस्‌ ।
4|6|8,3,"स्वास्थ्य शारीरिक तथा चिर्जवात्मक कला कक्षा ४
"
4|6|8,3,"600 स्वास्थ्य शारीरिक तथा विर्जतात्मक कला; कक्षा ४
"
4|5|6,3,"आरोह : सारेग रेगम गमप मपध पधनि धनिसां
"
4|8|9,3,"हामी सबैले
"
4|5|6,3,"स्थानीय गीत:
"
4|7|9,3,"मूल्य रु.
"
4|6|7,3,"२ समतलीय आकृतिहरू (2196 120105) ८
"
4|8|10,3,त्यसैले ३९१ 5 130 भयो ।
4|6|7,3,"१ 00: क “0
"
4|7|8,3,तयार भयो ।
4|6|10,3,"""ताका ०
"
4|6|7,3,"2. खाली ठाउँमा मिल्ने शब्द भर्नुहोस्‌ :
"
4|8|9,3,"छ र
"
4|6|7,3,"लेख्नुहोस्‌ |
"
4|8|10,3,"1410) 1111 016 11005910 100 1010160 910 पाए 1116)
"
4|5|7,3,गर्दा 4660 हुन्छ ।
4|5|7,3,"टाढा
"
4|5|7,3,"तिनलाई
"
4|5|6,3,"जोड गर्नुहोस्‌ :
"
4|6|7,3,"यसो गर्दा 44
"
4|7|9,3,"नट 22
"
4|5|10,3,"छ, पत्ता लगाउनुहोस्‌ ।"
4|5|8,3,कसरी लेख्ने होला ?
4|8|10,3,ब !
4|7|8,3,ज्?
4|6|10,3,"जम्मा विद्यार्थी सङ्ख्या 5100
"
4|5|6,3,"60 सेकेन्ड 5 1 मिनेट
"
4|6|8,3,"कति होला, पत्ता लगाउनुहोस्‌ ।"
4|8|9,3,"कति हुन्छ, पत्ता लगाउनुहोस्‌ ।"
4|7|10,3,"पर्ला, पत्ता लगाउनुहोस्‌ ।"
4|7|9,3,सेन्टिमिटर हुन्छ ?
4|6|7,3,"होला, छलफल गर्नुहोस्‌ ।"
4|5|9,3,नाप लिनुहोस्‌ ।
4|7|10,3,"2 /7727"" 1/7/27 3 ॥"
4|7|8,3,"1. रूपान्तरण गर्नुहोस्‌ :
"
4|8|9,3,"21:8 260 छ्या
"
4|5|7,3,रहिछन्‌ ।
4|6|9,3,"जस्तैः
"
4|9|10,3,कति रहेछ ?
4|6|8,3,पर्ला ?
4|5|9,3,"आलु 1
"
4|9|10,3,अध्ययन गर्नुहोस्‌ ।
4|5|7,3,"दुद
"
4|5|8,3,"लि ००
"
4|6|8,3,"अर्को
"
4|5|7,3,"(7) 6-[ ]-1 (० [ 1-8-4
"
4|6|7,3,() माथि (॥
4|7|10,3,पाउँछन्‌ ?
4|8|10,3,को मान पत्ता लगाउनुहोस्‌ ।
4|7|8,3,श्रेष्ठबाट भएको हो ।
4|5|10,3,"विधा
"
4|5|9,3,पाउनुभयो ।
4|6|10,3,"बिचरा
"
4|5|7,3,"उपयुक्त विकल्पमा ठिक चिहन (५) लगाउनुहोस्‌ :
"
4|8|10,3,"गाउँ
"
4|7|9,3,पहिचान गरी लेख्नुहोस्‌ ।
4|9|10,3,"गृह
"
4|7|9,3,"आजभोलि
"
4|9|10,3,उद्योग ?
4|5|9,3,"खामको नमुना
"
4|5|7,3,"४. तल दिइएका शब्दलाई वाक्यमा प्रयोग गर्नुहोस्‌ :
"
4|5|7,3,"६. तल दिइएका प्रश्नको उत्तर लेख्नुहोस्‌ :
"
4|5|7,3,पनि सकिन्छ ।
4|8|9,3,पनि गरिन्छ ।
4|8|10,3,"उहाँलाई
"
4|5|10,3,"राष्ट्रियता : नेपाली
"
4|5|7,3,गर्छिन्‌ ।
4|5|10,3,"पहाड,
"
4|5|9,3,महत्त्व छ ।
4|9|10,3,राखिएका छन्‌ ।
4|8|9,3,"त्रिभुवन
"
4|6|9,3,सस्वरवाचन गर्नुहोस्‌ ।
4|5|9,3,"दिइएका प्रश्नको मौखिक उत्तर दिनुहोस्‌ :
"
4|5|8,3,पारिएको छ ।
4|6|9,3,"कविता
"
4|7|9,3,आएको हो ।
4|6|7,3,मन पराउँछन्‌ ।
4|7|8,3,"खाना
"
4|6|10,3,पाठबाट खोजेर लेख्नुहोस्‌ ।
4|5|7,3,सुनाउनुभयो ।
4|9|10,3,गच्यो ।
4|8|10,3,"कम्प्युटर
"
4|8|10,3,बताउँछन्‌ ।
4|8|9,3,आइपुग्छन्‌ ।
4|5|8,3,"पाठ्यपुस्तक विद्यार्थीमा अपेक्षित दक्षता विकास गर्ने एक मुख्य
"
4|5|9,3,परीक्षण गर्नुहोस्‌ ।
4|9|10,3,सम्भव भएको छ ।
4|5|9,3,"0011])प९1')
"
4|8|10,3,बढ्दै जान्छ ।
4|8|10,3,गर्नुहोस ।
4|9|10,3,पठाउन सकिन्छ ।
4|7|9,3,स्पष्ट पार्नुहोस्‌ ।
4|5|8,3,"सूर्यको
"
4|5|7,3,"क विज्ञान तथा प्रविधि, कक्षा ८
"
4|9|10,3,बढी हुन्छ ।
4|6|10,3,परिवर्तन हुन्छ ?
4|5|10,3,"कमल
"
4|6|8,3,"शब्दावली
"
4|5|8,3,"बिउ
"
4|5|9,3,जीवन प्रक्रिया भनेको के हो ?
4|6|9,3,"यसप्रकारको
"
4|7|9,3,के गर्न सकिन्छ ?
4|5|10,3,"संरक्षण
"
4|6|9,3,2. कार  :?
4|7|9,3,"तिनीहरूको
"
4|5|6,3,"खाली ठाउँमा उपयुक्त शब्द भर्नुहोस्‌ :
"
4|8|10,3,"पृथ्वीमा
"
4|8|10,3,"काठमाडौँ,
"
4|9|10,3,फरक फरक हुन्छ ।
4|7|9,6,"| 0000 क्रियाकलाप (8.2
"
4|5|6,3,"कक्षामा छलफल
"
4|6|8,3,हुने गर्दछ ।
4|5|7,3,योजना नभई विद्यार्थीका सिकाइलाई सहयोग पुच्याउने सामग्री हो ।
4|6|7,3,"सँगै
"
4|7|10,3,"सधैँ
"
4|8|10,3,"परियोजना काय
"
4|6|7,3,राख्नुपर्दछ ।
4|8|9,3,"एफ 1
"
4|7|10,3,"चित्र (क) चित्र (ख) चित्र (ग)
"
4|8|10,3,"00) सुरक्षा
"
4|5|8,3,"सामुदायिक कार्य
"
4|6|9,3,"जन्म
"
4|7|8,3,"रमा :
"
4|5|10,3,"सामाजिक समस्या समाधानमा
"
4|7|8,3,हुँ ।
4|5|7,3,थालेको छ ।
4|7|8,3,पार्दछ ।
4|5|12,3,दिनुहुन्छ ।
4|9|10,3,राखेको छ ।
4|8|9,3,राखिएको हो ।
4|6|9,3,"माटाको)
"
4|5|9,3,उत्पादन हुन्छ ।
4|6|9,3,"म पनि
"
4|5|6,3,"कुक
"
4|8|10,3,जोड दिनुपर्छ ।
4|9|10,3,उपयोग हुन्छ ।
4|5|7,3,है त।
4|7|10,3,"राम:
"
4|5|7,3,हवस्‌ सर ।
4|6|10,3,पुग्याउँछ ।
4|5|9,3,बढी छ ।
4|8|10,3,"जिया
"
4|5|7,3,"खेल खेलौँ :
"
5|9|10,4,बताइदिनुहोस् न ।
5|7|10,3,"(ट) सर्वाधिकार पाठयक्रम विकास केन्द्र
"
5|7|8,3,"यस पक्षलाई दृष्टिगत गर्दै पाठ्यक्रम विकास केन्द्रले विद्यालय शिक्षालाई व्यावहारिक, समयसापेक्ष
"
5|7|8,3,"विज्ञान, वातावरण र सूचना प्रविधिसम्बन्धी आधारभूत ज्ञानको विकास गराई कला तथा सौन्दर्यप्रति अभिरुचि
"
5|7|8,3,"देशप्रेम, राष्ट्रिय
"
5|7|8,3,"विकास तथा नागरिक कर्तव्यप्रति सजगता अपनाउनु र दैनिक जीवनमा आइपर्ने व्यावहारिक समस्याहरूको
"
5|7|8,3,"रेखाचित्र र रङ
"
5|7|8,3,"गायन र वादन
"
5|6|8,3,"ब्द
"
5|6|8,3,"खु स्वास्थ्य शारीरिक तथा विर्जवात्मक कला, कक्षा १
"
5|6|8,3,पार्छन्‌ ।
5|8|9,3,"साथीहरूसँग छलफल गर्नुहोस्‌ :
"
5|8|10,3,गाए।
5|6|7,3,"खुब
"
5|6|9,3,छोटकरीमा लेख्नुहोस्‌ ।
5|8|9,3,उल्लेख गर्नुहोस्‌ ।
5|6|8,3,"रोकथामका उपाय
"
5|6|10,3,पनि गर्छन्‌ ।
5|7|9,3,गर्नुहुदैन ।
5|6|9,3,देखा पर्छन्‌ ।
5|7|8,3,"३. थर्मोमिटर
"
5|6|9,3,"सूची
"
5|9|10,3,"( 91112)1€, 1,०८9] 910 13411 ७69165)
"
5|8|10,3,किसिमका हुन्छन्‌ ।
5|8|9,3,सिधा रेखा (51॥
5|8|9,3,"बि १,
"
5|6|8,3,"११.२ माटाको काम (0९19 ४०15)
"
5|6|8,3,"११.३ कोलाज (८:011986)
"
5|7|9,3,प्रभावकारी हुन्छ ।
5|7|8,3,"स्केल : (011
"
5|6|8,3,"१२.२ कक्षागत गीत (८:195510011 5018)
"
5|8|10,3,केन्द्र हार्दिक स्वागत गर्दछ ।
5|6|10,3,७ प्रतिशत (२९।
5|7|9,3,उपयुक्त सङ्ख्यामा समूहमा बस्नुहोस्‌ ।
5|7|10,3,समाधान गर्नुहोस्‌ ।
5|7|10,3,"उ € ७
"
5|6|9,3,पुष्टि गर्नुहोस्‌ ।
5|6|9,3,छुद्याउनुहोस्‌ ।
5|9|10,3,बनाएका छन्‌ ?
5|7|8,3,"० 00]€०.७)
"
5|8|10,3,गणना गर्नुहोस्‌ ।
5|9|10,3,"फा अभ्यास 2.1
"
5|7|9,3,"छलफल
"
5|6|9,3,"(क) 2 1,00,00,000 "" 3 ० 10,00,000 - 1 » 1,00,000 २ 5
"
5|6|8,4,"पति
"
5|6|7,3,"11पा10€1' 5951(6111)
"
5|8|10,3,"यसलाई यसरी पनि गर्न सकिन्छ :
"
5|7|8,3,"र ]
"
5|6|7,3,"घटाउनुहोस्‌ :
"
5|7|9,3,जस्तो लाग्यो ।
5|7|8,3,अत: 3.48-531 हुन्छ ।
5|8|10,3,"(ङ) 0.37 (च) 6.47 (छ) 0.50 (ज) 3.25
"
5|8|9,3,"(झ) 8.5 - 9.25 - 5.07 (ज) 0.08 - 3.27 - 6.347
"
5|6|7,3,"भाग गर्नुहोस्‌ :
"
5|7|10,3,"८€611711€61776 910 १९९, १1९6 910 1.110116117""€)
"
5|6|7,3,"एक जना
"
5|7|8,6,"नाना 0१
"
5|7|9,3,"तलका
"
5|6|8,3,"गरी निष्कर्ष निकाल्नुहोस्‌ :
"
5|7|9,3,"परिमिति 5443-44-23
"
5|7|10,3,"12.1.3 आयतन (०102)
"
5|7|9,3,"क्षेत्रफल निकाल्नुहोस्‌ :
"
5|9|10,3,"हुन्छ, पत्ता लगाउनुहोस्‌ ।"
5|7|10,3,"कने
"
5|6|7,3,"बाँकी
"
5|8|10,3,"प्रश्नको उत्तर दिनुहोस्‌ :
"
5|8|9,3,"09 यातायात
"
5|6|9,3,"बने
"
5|8|9,3,"विद्यार्थी सङ्ख्या 6 5 2 4 3 5
"
5|9|10,3,"फिड अभ्यास 14.1
"
5|6|7,3,"शुक्र
"
5|7|8,3,"(क) 80 र 79 (ख) 50 र 3) (ग) 702 र 322
"
5|6|7,3,"2. योगफल निकाल्नुहोस्‌ :
"
5|6|9,3,"16.0 पुनरवलोकन (२९४1९%)
"
5|9|10,3,"(ग) 70. 1 न 50
"
5|6|7,3,"वाक्यमा प्रयोग गर्नुहोस्‌ :
"
5|9|10,3,"संविधान
"
5|6|7,3,"- कूलपाठ .
"
5|9|10,3,"मध्य
"
5|7|8,3,"सम्पूर्ण
"
5|8|9,3,पाइँदैन ।
5|8|9,3,मानिन्छन्‌ ।
5|9|10,3,"१. सुनाइ पाठ ९ सुन्नुहोस्‌ र दिइएका प्रश्नको उत्तर भन्नुहोस्‌ :
"
5|6|10,3,"अनि
"
5|9|10,3,"दिइएका शब्दलाई वाक्यमा प्रयोग गर्नुहोस्‌ :
"
5|9|10,3,राखिएको थियो ।
5|7|10,3,गरेँ ।
5|7|10,3,"२. सुनाइ पाठ ११ का आधारमा दिइएका प्रश्नको उत्तर भन्नुहोस्‌ :
"
5|7|8,3,"नृत्य
"
5|6|7,3,"सायद
"
5|6|8,3,"सूर्य,
"
5|8|9,3,"विज्ञान तथा प्रविघि
"
5|7|8,3,"पृथ्वी र अन्तरिक्ष
"
5|8|10,3,"उदाहरणसहित प्रस्ट
"
5|7|9,3,"चित्र 1.8 चित्र 1.9
"
5|9|10,3,"प्रयोगात्मक क्रियाकलाप
"
5|8|10,3,चित्र अवलोकन गरी छलफल गर्नुहोस्‌ ।
5|7|9,3,थाहा पाउन सकिन्छ ।
5|7|8,3,उदाहरणसहित प्रस्ट पार्नुहोस्‌ ।
5|7|8,3,"विज्ञान
"
5|8|9,3,"| ० विज्ञान तथा प्रविधि, कक्षा ५
"
5|7|9,3,010501 0106 खोज्नुहोस्‌ ।
5|7|10,3,"[0 06 1610 01 0०, 31 10101, 171 50100]1 ॥"
5|7|10,3,"100४/५ /५८८65501€5
"
5|6|9,3,पट?
5|9|10,3,को प्रयोग गरिन्छ ।
5|9|10,3,"(012911211 0 गरा)
"
5|7|8,3,फरक हुन्छन्‌ ।
5|6|7,3,"संवाद पढौँ र छलफल गरौँ :
"
5|8|10,3,"जाती राखौँ
"
5|6|8,3,तलको तालिकामा भर्नुहोस्‌ ।
5|6|7,3,"कुनै वस्तुलाई
"
5|6|9,3,उदाहरण हो ।
5|7|9,3,"यस समूहमा
"
5|9|10,3,ढाकेको हुन्छ ।
5|7|9,3,प्रणाली भनिन्छ ।
5|8|9,3,"परियोजवा कार्य 4.4
"
5|9|10,3,"प्रायजसो
"
5|7|8,3,प्रकारका हुन्छन्‌ ।
5|7|9,3,बनेका हुन्छन्‌ ।
5|6|7,3,"होला, किन ?"
5|6|10,3,खोजी गरी कक्षामा प्रस्तुत गर्नुहोस्‌ ।
5|7|10,3,प्रयोग गर्नुहोस्‌ ।
5|7|10,3,"तलका प्रश्नको सही विकल्प छान्नुहोस्‌ :
"
5|8|10,3,"3३. तलका प्रश्नको सही विकल्प छनोट गर्नुहोस्‌ :
"
5|6|10,3,"यीमध्ये
"
5|7|10,3,एउटा चार्टपेपर लिनुहोस्‌ ।
5|6|10,3,खोल्नुहोस्‌ ।
5|8|10,3,कारण के हो ?
5|7|10,3,समय लाग्छ ।
5|6|9,3,भेट भयो ।
5|6|7,3,समूह हो ।
5|8|9,3,"व्यापार
"
5|8|9,3,"छ्‌:
"
5|6|8,3,रहेको थियो ।
5|7|10,3,"तपाईँले
"
5|7|9,3,पारेको छ ।
5|8|9,3,"आफनो
"
5|6|9,3,रूपमा लेख्नुहोस्‌ ।
5|6|7,3,हो नि ।
5|6|8,3,कारण लेख्नुहोस्‌ ।
5|8|9,3,छैनन्‌ ।
5|7|9,3,"आफना
"
5|7|9,3,गर्ने कार्य गर्दछ ।
5|6|7,3,यस भनाइलाई पुष्टि गर्नुहोस्‌ ।
5|8|10,3,"तल प्रस्तुत गरिएको छ :
"
5|9|10,3,"समूह (ङ)
"
5|8|10,3,पुगेको छ ।
5|6|7,3,"सूर्यबाट
"
5|9|10,3,लगाउँछ ।
5|8|10,3,दुई प्रकारका हुन्छन्‌ ।
5|9|10,4,यो वर्षैभरि चिसो हुने क्षेत्र हो ।
5|9|10,3,हावापानी पाइन्छ ।
5|7|8,3,"जनसङ्ख्या
"
5|7|8,3,तालिका पूरा गर्नुहोस्‌ ।
5|6|7,3,"सडक
"
6|7|8,3,) ले!
6|7|9,5,(ख) 126 cm?
6|8|9,5,(घ) 45 cm?
6|7|10,4,(घ) (35x?
6|7|8,3,कस्तो आकृति बन्यो ?
6|9|10,7,” यस भनाइलाई पुष्टि गर्नुहोस् ।
6|8|10,3,यसो किन भएको होला ?
6|7|10,3,"पाठयक्रम तिकास केन्द्र
"
6|8|9,3,निरौलाबाट भएको हो ।
6|7|8,3,"मानव शरीर
"
6|7|8,3,"सामुदायिक स्वास्थ्य तथा मानसिक स्वास्थ्य
"
6|7|8,3,"पोषण र खाद्य सुरक्षा
"
6|7|8,3,"रोग, सुरक्षा र प्राथमिक उपचार
"
6|7|8,3,"एथलेटिक्स र साहसिक क्रियाकलाप
"
6|7|8,3,"छपाइ, माटाको काम, कोलाज र निर्माण
"
6|8|9,3,फैलिएको हुन्छ ।
6|7|10,3,"स्थान :
"
6|8|9,3,"समावेश हुन्छन्‌ :
"
6|8|10,3,"दिने
"
6|7|8,3,मदत गर्दछ ।
6|8|10,3,छ किन ?
6|8|9,3,विचार लेख्नुहोस्‌ ।
6|8|10,3,गराउँछ ।
6|7|10,3,आदि पर्दछन्‌ ।
6|7|8,3,सङ्केत गर्नुहोस्‌ ।
6|9|10,3,विकास हुन्छ ?
6|7|8,3,"कल्पनालाई रूप, रङ, आकार र आयामलाई अर्थपूर्ण रूपमा कुनै सतहमा अभिव्यक्त
"
6|7|8,3,गर्नु नै कला हो ।
6|7|8,3,"विचारणीय प्रश्न
"
6|7|8,3,"व 551
"
6|7|8,3,"नाफा र नोक्सान
"
6|7|10,3,"घाताङक
"
6|7|8,3,"सममिति र टेसेलेसन
"
6|7|9,3,बुझाउँछ ।
6|8|10,3,सङ्ख्या 105 हो ।
6|8|9,3,"न [80-5) 12
"
6|8|9,3,“.120-5222223 25 हुन्छ ।
6|9|10,3,"सोही
"
6|8|10,3,] देखि 4 सम्म शिक्षकलाई देखाउनुहोस्‌ ।
6|8|10,3,| 1 1] ॥
6|8|9,3,"अर्को तरिका
"
6|7|8,3,"(क) ८ (ख) 160 (ग) 1000 (घ) 100 (ङ) 100
"
6|7|10,3,गर्ला ?
6|8|10,3,"1. (क) 18.33 (ख) 24 (ग) 11.07 (घ) 5.30 (ङ) 64.43 (च) 22.31
"
6|7|9,3,"/०%)
"
6|7|9,3,"(क) ५ [) (ख) ५ 1)
"
6|7|8,3,"(क) 0 (ख) % (ग) ७०३२
"
6|8|10,3,तिर्नुपर्छ ।
6|7|8,3,"छलफल गरी निष्कर्ष निकाल्नुहोस्‌ :
"
6|8|9,3,"(झ) 42१ र 7227
"
6|8|9,3,"(32 4) बाट (22 0 29)
"
6|7|8,3,] र 2?
6|8|9,3,"यहाँ, (क) 2: ८ 3 - ?"
6|8|9,3,"मान निकाल्नुहोस्‌ :
"
6|8|9,3,"(ङ) 84/111 0117
"
6|7|9,3,"(क) 6070 - 2000 (ख) 33:2६ २ 1122/22
"
6|7|9,3,नाम दिनुहोस्‌ ।
6|8|10,3,निष्कर्ष निकाल्नुहोस्‌ ।
6|9|10,3,/८)13 - 60) हुन्छ ।
6|7|8,3,८013 - 120” हुन्छ ।
6|7|8,3,(९101€) भनिन्छ ।
6|9|10,3,"केन्द्रबिन्दु (:611116)
"
6|8|10,3,"चाप (41९)
"
6|9|10,3,"उक्त ठोस
"
6|9|10,3,"शीर्षबिन्दु
"
6|9|10,3,(घ) शिक्षकलाई देखाउनुहोस्‌ ।
6|7|9,3,"पाठ्यपुस्तकलाई
"
6|9|10,3,गरिरहेका थिए ।
6|8|9,3,"परम्परागत
"
6|9|10,3,"पठाउने
"
6|7|8,3,पनि गर्थे ।
6|7|10,3,"दुवै जना
"
6|7|10,3,"७. भाव विस्तार गर्नुहोस्‌ :
"
6|7|10,3,"रोग)
"
6|7|9,3,हुने छ।
6|7|9,3,भइहाल्छ नि ।
6|7|9,3,"अलिकति
"
6|9|10,3,"१. दिइएको अनुच्छेद पढ्नुहोस्‌ :
"
6|7|8,3,"व्यावहारिक
"
6|7|10,3,"० 222... 11 नेपाली, कला ६
"
6|8|9,3,"सन्‌ १८६८ मा
"
6|9|10,3,"१. दिइएका शब्द र अर्थबिच जोडा मिलाउनुहोस्‌ :
"
6|7|10,3,"थ्व
"
6|9|10,3,"नैपाली, कक्षा ६
"
6|7|8,3,गप्यो ।
6|8|9,3,पो) ।
6|7|10,3,प्रकृतिको हुन्छ ।
6|7|10,3,"बनाउनु
"
6|7|9,3,"(जा : आज्ञार्थ)
"
6|9|10,3,दिएको छ ।
6|8|10,3,पाठ्यपुस्तकलाई शिक्षण सिकाइको महत्त्वपूर्ण साधनका रूपमा लिइन्छ ।
6|8|10,3,"यहाँ, 211 5001 5 (2 «100: 50) 0)
"
6|9|10,3,"यसको अर्थ
"
6|7|10,3,छान्नुहोस्‌ ।
6|8|10,3,"(८010), सेल (८०॥"
6|7|10,3,"६ विज्ञान तथा प्रविधि
"
6|7|8,3,हेर्नुहोस्‌ ।
6|7|8,3,"जैविक विविधता र वातावरण
"
6|8|9,3,"छलफलका लागि प्रश्नहरू
"
6|9|10,3,संरक्षण गर्न सकिन्छ ।
6|7|10,3,"[11011111001111111911100111001110110/911०19111 1111
"
6|7|10,3,"ककड
"
6|9|10,3,"७00/0:246 त ११९
"
6|8|9,3,ल्याउँछ ।
6|8|10,3,पानी भर्नुहोस्‌ ।
6|7|8,3,"दैनिक जीवनमा शक्ति
"
6|8|10,3,"सतहको
"
6|9|10,3,"लागि
"
6|8|10,3,"फरक छुट्याउनुहोस्‌ :
"
6|7|10,3,डुबाउनुहोस्‌ ।
6|7|9,3,"त्यसैले विभिन्न
"
6|8|9,3,राख्छन्‌ ।
6|7|9,3,खिन्छ ।
6|7|9,3,सोडियम ।
6|7|9,3,स्रोत हो ।
6|7|10,3,प्रस्तृत गर्नुहोस्‌ ।
6|8|9,3,"रद्द
"
6|9|10,3,योगदान दिएका छन्‌ ।
6|7|8,3,"यसप्रकार छ :
"
6|9|10,3,भएका थिए ।
6|7|8,3,"तालिकामा देखाउनुहोस्‌ :
"
6|8|9,3,"(्च
"
6|9|10,3,"अवस्थिति
"
6|9|10,3,उल्लेख गरिएको छ ।
6|8|10,3,गर्न थालियो ।
6|8|10,3,सञ्चालन हुन्छन्‌ ।
6|8|9,3,"यस संस्थाले
"
6|7|10,3,गराउनुपर्छ ।
6|7|9,3,"खोजी
"
6|7|8,3,"” यस भनाइलाई
"
6|8|10,3,छलफल गरी निष्कर्ष प्रस्तुत गर्नुहोस्‌ ।
6|7|10,3,हुन्थे ।
6|7|9,3,कारण उल्लेख गर्नुहोस्‌ ।
6|7|9,3,तयार पारी कक्षामा प्रस्तुत गर्नुहोस्‌ ।
6|9|10,3,"विभाजन गरिएको छ :
"
6|8|10,3,"जनगणना
"
6|7|10,3,प्रतिशत रहेको छ ।
6|8|9,3,आयोजना गर्नुहोस्‌ ।
6|9|10,4,"विश्व
"
6|7|9,3,"इन्टरनेट
"
6|7|8,3,साइबर अपराध भनेको के हो ?
7|9|10,3,खेल्छ ।
7|8|10,4,यस्तो किन भएको होला ?
7|8|10,3,115 1] ५ 110 हुन्छ ।
7|9|10,3,२. उपयुक्त
7|9|10,13,कारण दिनुहोस् ।
7|9|10,7,समूहमा छलफल गरी लेख्नुहोस् ।
7|9|10,4,कारण लेख्नुहोस् ।
7|8|9,4,(झ) (2x?
7|9|10,3,लगाउन सकिन्छ ।
7|8|10,3,उत्पादन गर्छ ।
7|8|9,3,"जुन निम्नानुसार छन्‌ :
"
7|9|10,3,"रगतमा
"
7|9|10,3,कार्य गर्छ ।
7|9|10,3,"व्यक्तिगत
"
7|8|10,3,"लगाउने
"
7|8|10,3,कलाको (०००००० ७१००।
7|8|9,3,बनाउनुपर्छ ।
7|9|10,3,(गा) 7) र (:?
7|9|10,3,"तलका प्रश्नको सही विकल्पमा ठिक चिहन (५) लगाउनुहोस्‌ :
"
7|8|9,3,"स्थानान्तरण (1911510111191011)
"
7|9|10,3,मानौँ ।
7|9|10,3,"(ग) ( 5 /, ।"
7|8|9,3,"त्यसमध्ये
"
7|8|10,3,"2 2 एट 0 2
"
7|8|10,3,/€॥
7|8|10,3,"प्रश्नअनुसार,
"
7|9|10,3,"अथवा % 5 187
"
7|8|9,3,"(51:50, 2377 123 (च) 210, 280 र 420
"
7|8|10,3,"अत: (-3)- (-4)
"
7|9|10,3,(ग) (-2)%(-३) 5?
7|9|10,3,"यहाँ, (-2)“(-3)
"
7|8|10,3,"(-4) २ (-2) गछ)
"
7|9|10,3,"(ख) -9 (ग) -9 (घ) ""95
"
7|8|10,3,"त्य ५७१
"
7|9|10,3,"थवा 3
"
7|8|10,3,"फ्रि
"
7|9|10,3,"८ नज
"
7|8|9,3,क 2371 0 क?
7|9|10,3,(ख) 10:11 7. शिक्षकलाई देखाउनुहोस्‌ ।
7|8|10,3,"(घर) 9855. 5१3
"
7|8|10,3,1 देखि 5 सम्म शिक्षकलाई देखाउनुहोस्‌ ।
7|9|10,3,"अन, 110,(- 2526110
"
7|9|10,3,"अथवा _ 1002 5
"
7|9|10,3,"थवा _ 109
"
7|8|9,3,गएको देखिन्छ ।
7|8|9,3,",) 5३०० ऐ९
"
7|8|9,3,"ु 22
"
7|8|10,3,"_ 22३० ०५००००%०
"
7|8|9,3,"सट १११
"
7|9|10,3,"6. २०५ १२:50 भए प्रमाणित गर्नुहोस्‌ :
"
7|9|10,3,"जाँचेर हेर्दा,
"
7|8|10,3,"[घ) (२३4१ 4)-(८-2)
"
7|8|9,3,"(क) (3३१० 2) 1) (ख) 710, 1 10), 7 1)”
"
7|9|10,3,"अथवा (०-४)”-5००- 200 ३ 87
"
7|8|9,3,"0)2 5०० न 2005 02]
"
7|9|10,4,5 227 प्रमाणित भयो ।
7|8|10,3,"10४० १४१9०1€]
"
7|9|10,3,"परिणाम
"
7|9|10,3,पि | ।
7|8|10,3,[3€9118 0 ५८०।
7|9|10,3,"सेवा
"
7|8|10,3,पार ?
7|8|10,3,पुग्छन्‌ ।
7|9|10,3,खोजी कक्षामा प्रस्तुत गर्नुहोस्‌ ।
7|9|10,3,वृद्धि हुन्छ ।
7|9|10,3,तिनलाई वाक्यमा प्रयोग गर्नुहोस्‌ ।
7|9|10,3,"आफूलाई
"
7|9|10,3,"सभाध्यक्ष महोदय,
"
7|8|10,3,"यस किसिमको
"
7|9|10,3,गरिनुपर्छ ।
7|9|10,3,"(अकरण)
"
7|9|10,3,"भाववाच्य
"
7|9|10,3,"(कर्तृवाच्य)
"
7|9|10,3,सुरु गरे ।
7|9|10,3,पुग्यो ।
7|9|10,3,"लक्ष्मीप्रसाद देवकोटा
"
7|8|10,3,"लुम्बिनी
"
7|8|10,3,निर्माण हुन्छ ।
7|8|10,3,भएको हुन्छ ।
7|8|9,3,प्रयोग गर्छन्‌ ।
7|8|9,3,समय (|) - ?
7|8|9,3,"वस्तुको
"
7|8|10,3,एको हुन्छ ।
7|9|10,3,"पिण्ड (1) 5 2018
"
7|9|10,3,"7.3 तरङ्ग (४०९)
"
7|8|9,3,"उल्लेख गर्न सकिन्छ :
"
7|9|10,3,गराइन्छ ।
7|9|10,3,"पोटासियम 8
"
7|8|10,3,राखिएको छ ।
7|8|10,3,"जस्ता (7116)
"
7|9|10,3,"सुन (0०10)
"
7|9|10,3,राम्रो क्रा गर्नुभयो ।
7|9|10,3,"समूहमा छलफल
"
7|8|10,3,"उती
"
7|8|9,3,संविधान देशको मूल कानुन हो ।
7|9|10,3,"यस्तै गरी
"
7|9|10,3,"प्रत्येक वर्ष
"
7|8|9,3,पनि लिन सकिन्छ ।
7|9|10,3,गस्यो ।
7|8|9,3,विकास भएको थियो ।
7|9|10,3,गरेका हुन्‌ ।
7|9|10,3,सकेनन्‌ ।
7|8|10,3,नमुना तयार पार्नुहोस्‌ ।
7|8|9,3,"पृथ्वीको सतहमा
"
7|8|10,3,थाल्छ ।
7|9|10,3,"डोल्मा :
"
7|8|9,3,"व्यक्तिको
"
8|9|10,3,कम हुन्छ ।
8|9|10,3,लक्षित सक्षमता हासिल गर्न मदत पुग्ने अपेक्षा गरिएको छ ।
8|9|10,3,"यस पाठ्यपुस्तकलाई सकेसम्म क्रियाकलापमुखी,
"
8|9|10,3,"अनुभवकेन्द्रित, उद्देश्यमूलक र रुचिकर बनाउने प्रयत्न गरिएको छ।"
8|9|10,3,भएको होला ?
8|9|10,3,"फलस्वरूप
"
8|9|10,3,"मानिसका
"
8|9|10,3,"यसबाट विद्यार्थीले पाठयक्रमद्वारा
"
8|9|10,3,"पाठ्यपुस्तकलाई अझै परिष्कृत पार्नका लागि शिक्षक, विद्यार्थी, अभिभावक,
"
8|9|10,3,"घाताङ्क
"
8|9|10,3,"11 त 1 21 - ] ० 20
"
8|9|10,3,"100101, न 1 « 254. 0 244. 1 ० 224. 0 ० 214 1 ० 20
"
8|9|10,3,"“. 100101, न37
"
8|9|10,3,घ) 1०25. 1%270 0?
8|9|10,3,"2 4 _ _ ८
"
8|9|10,3,"४/ च ६0,
"
8|9|10,3,"न 2.13 २ 10“
"
8|9|10,3,"चन 3402 4570
"
8|9|10,3,"खु रु.10
"
8|9|10,3,"(ग) 250 811 र 1 1९8
"
8|9|10,3,"क रु. 3,00,000
"
8|9|10,3,अनुपात 3:2 छ ।
8|9|10,3,"(क) रु.27300 (ख) रु.5460 (ग) रु.21840
"
8|9|10,3,"थव 15 10
"
8|9|10,3,"(घ) रु.1,33,333.33
"
8|9|10,3,"समय (प) 53 वर्ष
"
8|9|10,3,"2. (क) रु.150 (ख) रु.3,120
"
8|9|10,3,"(ग) रु.63,825
"
8|9|10,3,"पलले
"
8|9|10,3,"को क्षेत्रफल
"
8|9|10,3,"न 27 52 न 3043
"
8|9|10,3,"न 2-6:-216 त
"
8|9|10,3,"_ 2265 त 423
"
8|9|10,3,"० वै ७
"
8|9|10,3,"४“-6249 १०“-०-२2 ० -6:-9
"
8|9|10,3,"प्रश्तानुसार,
"
8|9|10,3,"च्ठ
"
8|9|10,3,"चित्र (ग)
"
8|9|10,3,/र ॥
8|9|10,3,"जे ८; (7 ८;
"
8|9|10,3,"01, 3 त्‌ 70१
"
8|9|10,3,"१४ एन 902... .. . (1)
"
8|9|10,3,रचना गर्नुहोस्‌ ।
8|9|10,3,अथवा 22 च 32 ५ 4?
8|9|10,3,"सामाजिक अध्ययन
"
8|9|10,3,मध्यिका ॥
8|9|10,3,विशेष योगदान रहेको छ ।
8|9|10,3,"समय ([() - 3.5 1715.
"
8|9|10,3,पठाउँछ ।
8|9|10,3,1172 $0916) भनिन्छ ।
8|9|10,3,"सावधानी
"
8|9|10,3,खन्याउनुहोस्‌ ।
8|9|10,3,"कोष
"
8|9|10,3,प्रतिवेदन तयार गर्नुहोस्‌ ।
8|9|10,3,आ) 11/892 ।
8|9|10,3,"छ भने,
"
8|9|10,3,रहन्छन्‌ ।
8|9|10,3,"एकाइ-एक
"
8|9|10,3,"खानेपानी
"
8|9|10,3,व्यवस्था गरिएको छ ।
8|9|10,3,मदत पुग्छ ।
8|9|10,3,गर्नुहँदैन ।
8|9|10,3,जानकारी गराउनुपर्छ ।
8|9|10,3,गरिरहेका छन्‌ ।
8|9|10,3,बुझिन्छ ।
8|9|10,3,प्रतिपादन गरे ।
8|9|10,3,"हावापानी
"
8|9|10,4,"यसको क्षेत्रफल १,४३,९९८ वर्ग किमि रहेको छ।"
8|9|10,3,"प्राकृतिक
"
8|9|10,3,"सन्‌ १९९१ १5४९१०९७ ३३
"
8|9|10,3,"क्षेत्र
"
9|10|12,3,पानी पर्छ ।
1|6,2,त ) 7 म ) ॥
1|2,2,ae | | ॥
1|2,2,सास फेर्न हावा चाहिन्छ ।
1|6,2,> ।
1|3,2,सोधे ।
1|5,2,नानु !
1|5,2,सहयोग पुग्ने विश्वास गरिएको छ ।
1|3,2,पाठ्यपुस्तकले विद्यार्थीमा निर्धारित सक्षमता विकासका लागि विद्यार्थीलाई सहयोग गर्ने छ ।
1|4,2,अपेक्षा गरिएको छ ।
1|6,2,गरेको ।
1|10,2,मलाई सन्चै छ ।
1|3,2,बिरामी परे।
1|2,2,आवाज आउँछ ।
1|2,2,दुख्यो ।
1|4,2,मिस !
1|4,2,खेल्छौँ ।
1|5,2,चित्रमा के के भइरहेको छ ?
1|7,2,किन यस्तो भएको होला ?
1|5,2,दौडियो ।
1|4,2,पुगेको थियो ।
1|5,2,खान्छौँ ।
1|6,2,गर्छौं ।
1|2,2,"उनीहरू\
"
1|3,2,अनुरोध छ ।
1|5,2,कपाल लामो छ ?
1|2,2,बस्नुहुन्छ ?
1|7,3,लगाउनुहोस् ।
1|9,2,सङ्कलन गर्नुहोस् ।
1|10,2,बराबर भयो ।
1|4,2,थप्नुपर्छ ।
1|7,2,रहेछन् ?
1|3,4,घटाउनुहोस् ।
1|3,2,बाँकी छ ?
1|2,2,"बिहीबार\
"
1|2,2,"शनिबार\
"
1|2,2,"आइतबार\
"
1|9,2,तुलना गर्नुहोस् ।
1|8,2,तल दिइएको छ ।
1|2,2,"पाठ १\
"
1|4,2,भ्याल खुला थियो ।
1|2,2,"मेरो नेपाली, कक्षा १\
"
1|2,2,चर्को घाम लागेको थियो।
2|3,3,"(ण) तपाईँलाई चित्रको कुन कुरा मन पन्यो, किन ?"
2|10,2,€/ २१.
2|10,2,क्या हो?
2|10,2,चौका !
2|3,2,शारदा : सन्चै छ ।
2|3,2,म के बन्ने होला ?
2|5,2,गुहार !
2|3,2,| न | ॥
2|10,2,| [| ।
2|4,2,तिमीले ठिक भन्यौ ।
2|7,2,ममल ८ ।
2|3,2,यसको लम्बाइ से.मि. छ।
2|3,3,१४० पैसा : 3 ५० पैसा 3 !
2|3,2,| २७ - ३ = ।
2|3,3,"२५०. मेरो गणित, कक्षा २"
2|3,2,"प्रथम संस्करण : वि. सं २०७८
"
2|3,2,पाठ्यपुस्तक विद्यार्थीमा अपेक्षित दक्षता विकास गर्ने रुक मुख्य साधन हो ।
2|3,2,तथा पाठ्यपुस्तकको विकास तथा परिमार्जन कार्यलाई निरन्तरता दिँदै आरुको छ ।
2|3,2,बानीको विकास गर्ने अवसर प्रदान गर्नुपर्छ ।
2|3,2,"देशप्रेम, राष्ट्रिय रुकता, लोकतान्त्रिक मूल्यमान्यता तथा संस्कार
"
2|3,2,"पाठ्यपुस्तकको चित्राङकन श्री उज्ज्वल तामाङ, श्री सोनाम तामाङ र देव कोइनी तथा लेआउट डिजाइन श्री नारायणप्रसाद अधिकारी,
"
2|3,2,"यसका लाजि
"
2|3,2,"अनुभवकेन्द्रित, उद्देश्यमूलक, प्रयोगमुखी र क्रियाकलापमा आधारित बनाउने प्रयास गरिरुको छ ।"
2|3,2,"सिकाइ र विद्यार्थीको जीवन्त
"
2|3,2,अनुरोध गर्दछ ।
2|3,2,"१, म र मेरो परिवार १
"
2|3,2,"२. मेरो दैनिक जीवन १९
"
2|3,2,"३. हाम्रो समुदाय ३७
"
2|3,2,"भै, हाम्रो वातावरण ७७
"
2|3,2,"६. मेरो सिर्जना २९७
"
2|3,2,"७. रुचि र बानी १११
"
2|3,2,"९. सञ्चार प्रविधि र बजार १४१
"
2|3,2,"१0, हाम्रा क्रियाकलाप १४७
"
2|3,2,"११. हाम्रो वरपरको संसार १७१
"
2|3,2,दिनुहुन्थ्यो ।
2|4,2,"पासाङ
"
2|4,2,"रुक
"
2|6,2,"तपाईँका
"
2|3,2,"& १०. उल्टो अर्थ दिने शब्दसँग जोडा मिलाउनुहोस्‌ :
"
2|3,2,"& ११. तलको तालिकाबाट वाक्य बनाउनुहोस्‌ र लेख्नुहोस्‌ :
"
2|3,2,"१२. मिल्ने शब्द छानी लेख्नुहोस्‌ :
"
2|3,2,"७७१३. पालैपालो पढ्नुहोस्‌ र उत्तर लेख्नुहोस्‌ :
"
2|3,2,तिमीलाई नि ?
2|3,2,लाण्छ ।
2|4,2,"१६ मिल्ने शब्द छानी खाली ठाउँ भर्नुहोस्‌ :
"
2|3,2,"स्यालले
"
2|3,2,"&; ७. जोडा मिलाउनुहोस्‌ :
"
2|3,2,"११३. सुन्नुहोस्‌ र उत्तर भन्नुहोस्‌ :
"
2|9,2,"2. ये ८
"
2|3,2,"७१४. पढ्नुहोस्‌ र उत्तर लेख्नुहोस्‌ :
"
2|5,2,) | ए।
2|5,2,“आहा !
2|3,2,"&; १६. खाली ठाउँमा मिल्ने शब्द लेख्नुहोस्‌ :
"
2|3,2,थिरु ।
2|5,2,(क) चित्रमा के के देख्नुभयो ?
2|3,2,"छ ६ पढ्नुहोस्‌ र उत्तर लेख्नुहोस्‌ :
"
2|3,2,पकाउनुभयो ।
2|7,2,)० पठन ॥
2|10,2,बनाउनुभयो ।
2|3,2,"५०११. पालैपालो पढ्नुहोस्‌ :
"
2|3,2,(कुखुरी काँ.....!
2|3,2,"&/ १२. पढ्नुहोस्‌ र उत्तर लेख्नुहोस्‌ :
"
2|8,2,"' घडी
"
2|3,2,डरायो ।
2|9,2,"तोरी
"
2|6,2,सोध्यो ।
2|7,2,परेन ।
2|3,2,"छ २०. जोडा मिलाउनुहोस्‌ :
"
2|4,2,"बे,
"
2|4,2,"८.पहाडको तल्लो भाग - २
"
2|10,2,फि?
2|5,2,"त्यो पैसा
"
2|9,2,"2२ छ उ
"
2|4,2,"बिस्तारै
"
2|10,2,"पान
"
2|3,2,बस्थ्यो ।
2|10,2,"तिनीहरू
"
2|3,2,"७६ छिटो छिटो पढ्नुहोस्‌ :
"
2|9,2,"त्यहाँ उसले
"
2|10,2,(घ) तिमी आयौ ।
2|3,2,"(च) पढ्नुहोस्‌ र उत्तर लेख्नुहोस्‌ :
"
2|4,2,सि ।
2|3,2,"थे ४. सुन्नुहोस्‌ र उत्तर भन्नुहोस्‌ :
"
2|7,2,"गर्नुहुन्छ, भन्नुहोस्‌ :
"
2|7,2,"ज्या ). 00 200
"
2|3,2,"पूजा
"
2|3,2,सबै जना खुसी भरु ।
2|4,2,"चउरमा
"
2|3,2,"&४. पढ्नुहोस्‌ र उत्तर भन्नुहोस्‌ :
"
2|4,2,"पवन,
"
2|3,2,लाण्यो ।
2|3,2,"हाम्रो वातावरण
"
2|3,2,आरु ।
2|9,2,गच्यौँ ।
2|3,2,किन्यौँ ।
2|3,2,"&; ८. पढ्नुहोस्‌ र उत्तर लेख्नुहोस्‌ :
"
2|7,2,र म ।
2|4,2,' १ घर हो ।
2|4,2,पनि छ ।
2|3,2,थिरुन ।
2|3,2,शिक्षकको हस्ताक्षर : .............. अभिभावकको हस्ताक्षर : .................- ।
2|3,2,"&| ४. छिटो छिटो पढेर साथीलाई सुनाउनुहोस्‌ :
"
2|3,2,हजुरबुबा: नमस्ते नानी !
2|3,2,सन्चै छ तिमीलाई ?
2|3,2,शारदा : खाना खानुभयो हजुरबुबा ?
2|4,2,११ ”” ।
2|3,2,"103 &. सुन्नुहोस्‌ र उत्तर भन्नुहोस्‌ :
"
2|4,2,“बा !
2|5,2,"”, बुबाले भन्नुभयो ।"
2|9,2,आउनुभयो ।
2|3,2,"रुकवचन बहुवचन
"
2|3,2,"1014 &. निर्देशनअनुसार क्रियाकलाप गर्नुहोस्‌ :
"
2|7,2,"| म
"
2|3,2,"&/ ६. मिल्दो चिहन राखेर तलका वाक्य पूरा गर्नुहोस्‌ :
"
2|9,2,"सीमा
"
2|4,2,"1७ कौ
"
2|5,2,मनोज : १७८4 !
2|6,2,"सबै ठिक
"
2|9,2,"बरु
"
2|4,2,कापीमा लेख्नुहोस्‌ ।
2|3,2,"- चक्रपाणि चालिसे
"
2|3,2,किनिन्‌ ।
2|9,2,"(ख) ""” !"
2|9,2,(ङ) रु  !
2|3,2,"-“4 १२. सुन्नुहोस्‌ र उत्तर लेख्नुहोस्‌ :
"
2|10,2,"”, आमाले सोध्नुभयो ।"
2|3,2,आमा दङ्ग पर्नुभयो ।
2|3,2,"ष्र्थे ७. निर्देशनअनुसार क्रियाकलाप गर्नुहोस्‌ :
"
2|10,2,माने ।
2|8,2,खेल्न थाले ।
2|3,2,"दुर्लभ भुवा
"
2|5,2,भाइबहिनीहरू !
2|10,2,हिँड्छन्‌ ।
2|3,2,सुमन ?
2|7,2,सक्दैनौँ ।
2|5,2,होला नि ।
2|3,2,"खालि
"
2|6,2,"(मोटरसाइकल,
"
2|10,2,लागेछ ।
2|3,2,स्याल आयो ।
2|3,2,"&; १०. खाली ठाउँमा मिल्दो शब्द भर्नुहोस्‌ :
"
2|10,2,"ढिकीच्याउँ
"
2|9,2,"दाजुले
"
2|3,2,"७१४. जस्ताको त्यस्तै कापीमा सार्नुहोस्‌ :
"
2|4,2,ल्याउनुभयो ।
2|3,2,"& ८. तलका शब्दलाई वाक्यमा प्रयोण गर्नुहोस्‌ :
"
2|3,2,खुसी लाण्यो ।
2|8,2,त यु ।
2|6,2,कोही छैन ।
2|7,2,भन्नुहुन्थ्यो ।
2|3,2,"& ९. खाली ठाउँमा मिल्ने शब्द छानी लेख्नुहोस्‌ :
"
2|3,2,खायौँ ।
2|9,2,"विकी
"
2|6,2,"काका
"
2|3,2,"खरायोका
"
2|10,2,राखिदिइन्‌ ।
2|3,2,"सिकाइ शृङ्खला
"
2|7,2,1 टे ॥
2|9,2,"4121191121 1] ० 1% 0 121 1219 121 1212 1 १111 12.
"
2|3,2,"[..५ ८ छ
"
2|9,2,आउनुभएको रहेछ ।
2|10,2,"सानोठिमी, भक्तप्र
"
2|5,2,गर्ने अवसर प्रदान गर्नुपर्छ ।
2|3,2,दैनिक जीवनसँग सम्बन्धित गर्न र सान्दर्भिक बनाउन सहयोग पुग्ने विश्वास गरिएको छ ।
2|3,2,भूमिका निर्वाह गर्नुपर्ने अपेक्षा गरिएको छ ।
2|4,2,"तिषरासूची
"
2|6,2,"३ सहयोग ७०
"
2|3,2,"राम्रो बानी ७५
"
2|6,2,"हाम्रो सुरक्षा १०७
"
2|3,2,"३ चित्र बनाऔँ १५६
"
2|8,2,"जमिन २११
"
2|10,2,"३ ९९ ,.._७1/८
"
2|6,2,"आफूभन्दा
"
2|10,2,"प्रि
"
2|3,2,(आ) तपाईँको परिवारमा को को हुनुहुन्छ ?
2|3,2,थाहा पाए ।
2|9,2,9. 12 औँ 43 ॥
2|5,2,"कहिलेकाँही
"
2|9,2,कामलाई सजिलो बनाउँछन्‌ ।
2|3,2,")-“५ लेख्नुहोस्‌ :
"
2|3,2,"जाड
"
2|10,2,"200 र का
"
2|4,2,"जिला
"
2|3,2,"७ 9) हेरौँ छलफल गरौँ
"
2|7,2,"काख
"
2|8,2,"| १ ७ / )
"
2|7,2,जस्तो छ!
2|6,2,"(१) ७0002900500909090209090055002902909055902420229029009000092020552909202020209090909%02%202920402220202090290020%02020552909029220202090090292902020290559090292022092%2005%2
"
2|9,2,"किला
"
2|9,2,"व्यय
"
2|3,2,")-“२ तालिकामा लेख्नुहोस्‌ :
"
2|9,2,खक ।
2|3,2,"खाली ठाउँ भरौँ :
"
2|9,2,"६ तन्तु
"
2|8,2,"हि र
"
2|3,2,साथी हुन्‌ ।
2|3,2,लखनले ७५) ॥
2|3,2,"&/ कथाका आधारमा उत्तर लेख्नुहोस्‌ :
"
2|3,2,"७ 0८८ हेरौँ, बुझौँ र छलफल गरौँ :
"
2|3,2,"प्रर्तहरू
"
2|6,2,"सडेगलेका,
"
2|7,2,सर्दछ ।
2|3,2,"द२ हाम्रो सेरोफेरो, कक्षा २
"
2|6,2,बाँच्न सक्दैनन्‌ ।
2|3,2,") “4 जोडा मिलाउनुहोस्‌ :
"
2|9,2,"कुनै दुई
"
2|3,2,"(ङ) जोडा मिलाउनुहोस्‌ :
"
2|10,2,र | ।
2|3,2,"शरीर तताउने क्रियाकलाप गरौँ :
"
2|6,2,"त्यसैले 021 म ८
"
2|4,2,काट्नुपर्छ ।
2|7,2,प्रहरीलाई खबर गर्नुपर्छ ।
2|6,2,"10 डे. 0
"
2|3,2,"0 हाम्रो वरपरका सजीवहरू
"
2|10,2,"भनन3010
"
2|3,2,"हाँस पनि
"
2|5,2,चाल देखाउँछन्‌ ।
2|5,2,हरिया हुन्छन्‌ ।
2|6,2,"यिनीहरूका
"
2|10,2,डुब्छ ।
2|5,2,उत्रन्छ ।
2|4,2,"गरेर सिकौँ :
"
2|3,2,". 1 हेरौँ र गरौँ :
"
2|10,2,"न ५ )/' त
"
2|9,2,नर?
2|3,2,"० कार्यहरू लेख्नुहोस्‌ :
"
2|6,2,रेखाहरू कोर्नुहोस्‌।
2|8,2,"2 ०0, बरी
"
2|8,2,"अवलोकन गरी
"
2|3,2,"ताली ताली ताली ताली
"
2|7,2,"""नक
"
2|6,2,"20 डम्फु
"
2|3,2,"बायाँ
"
2|10,2,"दायाँ
"
2|3,2,"६ हाम्रो संस्कृति
"
2|9,2,"0 टक
"
2|3,2,"छ्ठ
"
2|4,2,"मोबाइल
"
2|5,2,फल्छन्‌।
2|10,2,तलको तालिकामा लेख्नुहोस्‌ ।
2|5,2,"सामान
"
2|5,2,"खर्च
"
2|9,2,पाउनुहुन्छ ।
2|3,2,") “५ खाली ठाउँ भर्नुहोस्‌ :
"
2|5,2,"० जज
"
2|8,2,"छाता
"
2|3,2,") % ७ हेरौँ, चिनौं र छलफल गरौँ:
"
2|6,2,पृथ्वी हामी सबैको साझा घर हो ।
2|9,2,"तराईमा
"
2|5,2,म्‌ ।
2|5,2,"पदक )
"
2|6,5,केहो?
2|7,2,"खाना पकाउन
"
2|10,2,"(ड्‌)
"
2|6,2,"हामीले हरेक दिन
"
2|5,2,शिक्षक : आहा !
3|5,2,हुन्छौँ ।
3|9,3,) शिक्षक : स्याबास ।
3|4,2,तिमीलाई थाहा छ ?
3|6,2,गराउनुभयो ।
3|10,2,पनि गरे ।
3|6,2,| कु ५ ।
3|10,2,पिर।
3|6,2,होइन त ?
3|5,2,स्वरूप !
3|8,2,0 छि छि छि ।
3|9,2,पै ।
3|5,2,लेख्नुपर्दछ ।
3|4,2,रु१मा।
3|4,2,"यस पाठ्यपुस्तकसम्बन्धी सम्पूर्ण अधिकार पाठ्यक्रम विकास केन्द्र सानोठिमी, भक्तपुरमा
"
3|4,2,विद्युतीय साधन वा अन्य प्रविधिबाट रेकर्ड गर्न र प्रतिलिपि निकाल्न पाइने छैन ।
3|6,2,"यसको विषयवस्तु सम्पादन
"
3|5,2,केन्द्र हार्दिक अनुरोध गर्दछ ।
3|9,2,सेकेन्ड (2:44:34) हो ।
3|6,2,उचाइमा अवस्थित छ ।
3|10,2,"गणना गरी लेख्नुहोस्‌ :
"
3|5,2,"सय | दश | एक
"
3|6,2,"७० छलफल जर्नुहोस्‌ :
"
3|5,2,"स्थानमान लेख्नुहोस्‌ :
"
3|9,2,2|19८660 4: 2 ई॥
3|9,2,०९ ० 9: ओ।
3|4,2,"५७ लका
"
3|5,2,"६00 | ७०० _
"
3|6,2,सङ्ख्याहरू लेख्नुहोस्‌ ।
3|4,2,"कक्षा १ कक्षा २ कक्षा ३ कक्षा ४ कक्षा ५
"
3|8,2,€2. ए!
3|5,2,"रञ्जना
"
3|4,2,दिरु ।
3|7,2,"१ भि
"
3|6,2,"वस्तुको लम्बाइ
"
3|5,2,"सारा
"
3|8,2,"वस्तु
"
3|5,2,"तिता)
"
3|6,2,"रेखाहरू
"
3|6,2,"095० ००%००३०००%०३००%३०००%००३०००%०००३०००००००००००००%००३०००० ०
"
3|4,2,"सेन्टिमिटर
"
3|10,2,"२. जै
"
3|10,2,"""| .-' छि
"
3|9,2,"त्रिभुज
"
3|8,2,"स्थानबाट
"
3|8,2,"जाला
"
3|9,2,"पकाए
"
3|8,2,"(क) ) (ख) &
"
3|4,2,"जोड
"
3|4,2,"१३:२५ १३:२१ ३2३३ ने
"
3|5,2,"घटाउ
"
3|4,2,"पहिलो चरण
"
3|9,2,"प्रश्नहरूको उत्तर पत्ता लगाउनुहोस्‌ :
"
3|4,2,"गुणन तालिका
"
3|5,2,"“३ छ १.0
"
3|7,2,"लाई ३ ले गुणन गर्दा १५
"
3|6,2,"णुणन गर्नुहोस्‌
"
3|4,2,"जम्मा १४४ सिसाकलम
"
3|4,2,"1710141044 7 लक
"
3|5,2,समूहमा विभाजन गर्नुभयो ।
3|7,2,"० (तेस्रो पटक)
"
3|5,2,"३२२ ४-्द
"
3|9,2,"६० 4७०८ टन"" ४
"
3|6,2,"गणितीय वाक्यमा लेख्दा,
"
3|5,2,"“| ४५५६
"
3|5,2,"भागफल
"
3|9,2,"क कल
"
3|10,2,"1 /) ५९ क २
"
3|6,2,"१० १) कुना १३८ १० ))७६० ६८
"
3|7,2,"उनीसँग ;
"
3|5,2,कति रुपियाँ बाँकी रहयो ?
3|8,2,"कतिओटा
"
3|4,2,") 1 1 सेकेन्ड
"
3|5,2,"हप्ता २ दिन
"
3|9,2,"विक
"
3|9,2,"मुद्रा
"
3|9,2,"त पैसा
"
3|4,2,१५ रुपियाँ ५ पैसा 5 १२० रुपियाँ ९५ पैसा ।
3|8,2,"कुल
"
3|9,2,हरायो ।
3|4,2,"१२० मिलिलिटर ६५० मिलिलिटर
"
3|5,2,खाएछन्‌ ।
3|4,2,"फलफूल
"
3|4,2,"ग्राम
"
3|7,2,५ वर्ग एकाइ हुन्छ ।
3|5,2,"५७ क्षेत्रफल पत्ता लगाऔँ :
"
3|9,2,यो एउटा आयत हो ।
3|10,2,"१०-००३०12/19/0००-9/045420
"
3|7,2,पाठयक्रम शिक्षण सिकाइको मूल आधार हो ।
3|5,2,"वि.सं. २०७८ पाठयक्रम विकास केन्द्र
"
3|10,2,"चिया
"
3|6,2,"७ १२. शब्द र अर्थबिच जोडा मिलाउनुहोस्‌ :
"
3|7,2,"टुलुटुलु गर्नु
"
3|7,2,हुन्छन्‌ र !
3|7,2,” आमाले भन्नुभयो ।
3|6,2,"७ 00000091090000 9009-00-49 00:04 9 00:0७ ११७ ७4-0019-09-100:00:9 9९ ७4-40:4 ९009-09-9७ :0०4:-0 9402 90909414-009 0099::9 4044 00:90 609 054 $05404 $0:0921490 0099:05 004 990:0-0609009:909004000040
"
3|9,2,"शिक्षाले
"
3|4,2,दिइरुको छ ।
3|9,2,लखेटे ।
3|6,2,"अर्थ
"
3|7,2,"0 6904499:-40-9-0-4 0900 090-9-04-104 0505 क %440099-0-410-4-014 9014-010640904440.
"
3|5,2,"प्रधानाध्यापक
"
3|6,2,"पत्र
"
3|10,2,"इनार
"
3|6,2,"रुउटा
"
3|9,2,जरु ।
3|5,2,खान्छौं ।
3|7,2,हातमुख धुन्छु ।
3|5,2,"त्यहाँ जम्मा
"
3|4,2,खोले ।
3|9,2,पो रहेछ ।
3|6,2,0909 94 505 ७9:99 क छ ॥
3|5,2,"जनावर
"
3|4,2,"राना
"
3|10,2,"भरे
"
3|9,2,बुझाउनुपर्छ ।
3|5,2,"फूलका
"
3|4,2,खबर ?
3|7,2,"छाना
"
3|6,2,"९९:९० रक
"
3|6,2,तालहरू छन्‌ ।
3|4,2,"किसानका
"
3|6,2,"त्यसैले हामीले
"
3|4,2,सफा राख्नुपर्छ ।
3|6,2,"उसलाई
"
3|6,2,"पक्का
"
3|7,2,"दिउँसो
"
3|10,2,"पाक
"
3|4,2,"कोही
"
3|8,2,"ज्वरो,
"
3|5,2,शनिबारको दिन थियो ।
3|6,2,"(माधवप्रसाद घिमिरे)
"
3|5,2,"(मुना
"
3|7,2,"राघव-
"
3|4,2,पन्यो ।
3|9,2,"444 944 0-494 9 444. 44 -4-4-44 $ 0.4 ७७9 -4-2 4-4-4-4-4-4-4-4 4 ७ ०4 ७७ ७ 4-6 ०-4-4-4-4-4-4 0 4 ७७७ ७-७७4-% ०-4-4-4-4-9 404 9०: 8७4 :4-4 94-4-0:4-049 4904 :0-04:4-404-609:4:4 4
"
3|4,2,धिरु ।
3|7,2,तिन ।
3|4,2,गरु ।
3|5,2,हो त।
3|7,2,"वकिल
"
3|7,2,"केटाकेटी
"
3|5,2,आउनुपर्छ ।
3|5,2,"” बुबाले
"
3|5,2,होला है ?
3|6,2,साथ मनाइन्छ ।
3|7,2,"काठमाडौँ उपत्यकामा
"
3|5,2,"यस पर्वमा
"
3|10,2,"साँझमा
"
3|5,2,"कार्यक्रममा
"
3|5,2,खेल्छु ।
3|6,2,"स्वास्थ्य तथा जनसङ्ख्या मन्त्रालय
"
3|6,2,"वनभोज
"
3|4,2,धेरै रमाइलो भयो ।
3|7,2,आइतबार ।
3|4,2,फेरे ।
3|10,2,खुसी हुनुभयो ।
3|5,2,"सञ्चारका साधन
"
3|7,2,आदि पर्छन्‌ ।
3|9,2,सानो हुन्छ ।
3|4,2,"90) हार्दिक शुभकामना ८४
"
3|10,2,"मलाई मन पर्छ
"
3|5,2,गइन्‌ ।
3|10,2,"उनले भनिन्‌,
"
3|4,2,जान्छिन्‌ ।
3|9,2,प्रसन्न भयो ।
3|10,2,"हुलाकी
"
3|7,2,"पानीले
"
3|9,2,"44७-७७:0101414155400100:010:00:019 00014054:0: 04:00 04 000 -000:4:05:4000:0000:055 कक 0 कक 4 000:0004 1000 -0000:004000:0041000404 4.
"
3|7,2,"अनुमान
"
3|6,2,"बेवास्ता
"
3|8,2,हेरिन्‌ ।
3|4,2,"रूपा
"
3|4,2,भन्थ्यो ।
3|6,2,"कथा
"
3|4,2,"पौरखी
"
3|6,2,"£ 12112112110छ72 1
"
3|9,2,"मेरो घर 0000
"
3|5,2,खुसी लाग्यो ।
3|7,2,"दुध,
"
3|4,2,"तिमीहरू
"
3|4,2,"गरेर हेरौँ :
"
3|8,2,"निक
"
3|5,2,"नियमित शारीरिक
"
3|6,2,"बासी
"
3|6,2,"७ चित्र हेरी तलका प्रश्नको उत्तर दिनुहोस्‌ :
"
3|8,2,"समाउनुहोस्‌ :
"
3|7,2,मन पर्दैन ।
3|6,2,"७ मिल्ने शब्द छानेर खाली ठाउँ भर्नुहोस्‌ :
"
3|7,2,"० लेखेर कक्षामा सुनाउनुहोस्‌ :
"
3|5,2,"७ गीत गाऔँ र छलफल गरौँ
"
3|6,2,"वडा कार्यालयले
"
3|6,2,उड्छन्‌ ।
3|5,2,"संवाद गरौँ :
"
3|4,2,प्राप्त हुन्छन्‌ ?
3|7,2,"अनन्त
"
3|5,2,"रूपेश
"
3|5,2,": हो, तिमीले ठिक भन्यौ ।"
3|10,2,"भरौँ
"
3|5,2,खान्थे ।
3|5,2,लागेको छ ।
3|9,2,"आधा
"
3|8,2,स्वास्थ्यका लागि हानिकारक हुन्छन्‌ ।
3|10,2,छन ।
3|10,2,पढ्नुहोस्‌ ।
3|6,2,ठाउँमा राख्नुहोस्‌ ।
3|9,2,"उक्त कार्यक्रममा
"
3|6,2,"थ्रि20(5 1
"
3|8,2,कह?
3|7,2,"आगाको
"
3|9,2,"त्यसैले हामी
"
3|6,2,चिसो पानीले पखालिदिनुभयो ।
3|4,2,"साथीहरूले
"
3|10,2,केही गुणहरू भने फरक हुन्छन्‌ ।
3|6,2,") , फर्सी,
"
3|9,2,"अवलोकन गर्नुहोस्‌ र तलको तालिका भर्नुहोस्‌ :
"
3|11,2,वाह !
3|5,2,'फोला ।
3|8,2,"ङ्‌
"
3|10,2,"पक |""
"
3|10,2,नमुना बनाउनुहोस्‌ ।
3|4,2,फरक हुन सक्छ ।
3|4,2,"साना
"
3|6,2,"नेपा
"
3|6,2,"(घि)
"
3|9,2,सुन्नुहोस्‌ ।
3|6,2,"७ वाक्य पूरा गर्नुहोस्‌ :
"
3|10,2,"० जवाफ दिनुहोस्‌ :
"
3|4,2,"तीमध्ये कतिपय
"
3|4,2,किन्नुपर्छ ।
3|4,2,सकिन्छ लेख्नुहोस्‌ ।
3|9,2,कठिनाइ हुन्छ ।
3|9,2,००%००००००००००००००००००००००००००००० भनिन्छ ।
3|6,2,"जमिनको
"
3|7,2,"समथर
"
3|9,2,भाषा बोल्छन्‌ ।
3|10,2,मिली बनेको छ ।
3|10,2,हावाको ।
3|4,2,"७७ छलफल गरौँ र लेखौँ :
"
3|7,2,(११ आपसमा छलफल गर्नुहोस्‌ ।
3|7,2,"जाडो
"
4|10,2,कोछ?
4|7,2,यस भनाइलाई तर्कसहित लेख्नुहोस् ।
4|8,3,कस्तो अचम्म !
4|7,2,कक्षामा साथीहरूबिच छलफल गर्नुहोस् ।
4|7,3,चित्रसहित व्याख्या गर्नुहोस् ।
4|8,5,|| | ।
4|6,2,यसलाई कोमल र तीव्र स्वर भनिन्छ ।
4|6,3,नृत्यलाई नाच पनि भनिन्छ ।
4|7,2,04:10) a . a |: ।
4|6,2,1 फए।
4|8,2,गणितीय
4|10,2,२७ al 110109 ।
4|5,4,त्यसैले यो पत्र लेख्दै छु।
4|5,2,छ कि छैन ?
4|6,2,किन नहुनु ?
4|6,2,(ङ) आहा !
4|5,3,पकाउनुहुन्छ ।
4|5,2,नयाँ सडकमा एउटा पिपलको बोट छ।
4|5,2,शिक्षक डोल्मा त्यहीँ पत्रिका किन्दै थिइन् ।
4|5,2,"” एकछिन रोकिएर उसले फेरि भन्यो, “हजुरले त्यति वेला दिनुभएको दुई सय रुपियाँ म आज फिर्ता गर्छु ।"
4|5,3,"हजुरले गर्दा नै मैले मिहिनेत गर्न जानेँ, स्वावलम्बी बन्न सिकेँ ।"
4|5,3,कृपया यो पैसा लिनुहोस् ।
4|5,3,” यति भनी उसले डोल्मालाई दुई सय रुपियाँ फिर्ता दियो ।
4|5,3,के गरेको ।
4|12,2,किन नसक्नु ?
4|7,2,"शिक्षा, बिज्ञान तथा प्रविधि मन्त्रालय
"
4|7,2,"पाख्यपुस्तक विद्यार्थीमा अपेक्षित दक्षता विकास गर्ने एक मुख्य
"
4|7,2,समायोजन गरी यो पाठ्यपुस्तक विकास गरिएको हो ।
4|5,2,श्रेष्ठ र श्री सुमन सिलवालबाट भएको हो ।
4|5,2,"यस पाठ्यपुस्तकको विकासमा संलग्न सम्पूर्णप्रति
"
4|5,2,"विद्यार्थीको सिकाइमा सहयोग पुग्याउने एउटा महत्त्वपूर्ण र आधारभूत सामग्रीका रूपमा कक्षा क्रियाकलापबाट
"
4|5,2,हुने सिकाइलाई मजबुत बनाउन सहयोग गर्ने छ ।
4|6,2,"तिष्यसूची
"
4|8,2,"शरीरका
"
4|10,2,"/)|२
"
4|10,2,"क) कि
"
4|5,2,सिकाउनुभयो ।
4|5,2,"अनुभव सुन्नुहोस्‌ :
"
4|9,2,आदानप्रदान गर्न सकिन्छ ।
4|7,2,"स्वास्थ्य शारीरिक तथा तिर्जनात्मक कला, कक्षा ४ 0
"
4|7,2,"यसरी हाम्रो
"
4|5,2,"कक्षाकोठा
"
4|8,2,"एक पटक
"
4|5,2,"जथाभावी
"
4|9,2,भएन ।
4|8,2,गराउँछन्‌ ।
4|10,2,राख्न सकिन्छ ।
4|8,2,पपा॥
4|6,2,स्रोतबाट प्राप्त हुन्छन्‌ ।
4|9,2,"५९४ 9110 1€80ा165)
"
4|9,2,मदत गर्छन्‌ ।
4|7,2,"असरहरू निम्नानुसार छन्‌ :
"
4|7,2,रोग भनिन्छ ।
4|6,2,"सरुवा
"
4|9,2,रोग लाग्छ ।
4|7,2,"0 स्वास्थ्य, शारीरिक तया सिर्जनात्मक कला; कक्षा ४
"
4|5,2,"४. परियोजना कार्य गर्नुहोस्‌ :
"
4|7,2,"६.१ कवाज [1)11115]
"
4|6,2,"यसको नियमित
"
4|7,2,"गोडा र छाती
"
4|8,2,फर्काउनुहोस्‌ ।
4|5,2,रोक्नुहोस्‌ ।
4|5,2,माथि लैजानुहोस्‌ ।
4|7,2,"स्वास्थ्य शारीरिक तया सिर्जनात्पक कला, कक्षा ४ ॥"
4|10,2,ढल्काउनुहोस्‌ ।
4|6,2,"उल्लेख
"
4|5,2,"अवलोकन गरौँ र छलफल गरौँ :
"
4|5,2,आउनुहोस्‌।
4|6,2,"कथा पढौँ र बुझौँ :
"
4|5,2,"पढौँ र बुझौं
"
4|5,2,"चित्र हेरौँ र अभ्यास गरौँ
"
4|8,2,प्रयास गर्नुहोस्‌ ।
4|8,2,"क्रियाकलाप द.२
"
4|7,2,"९.३.१ फुटबल (70010411)
"
4|8,2,"विपक्षी
"
4|9,2,पूरा गर्नुहोस्‌ ।
4|7,2,खेलिन्छ ।
4|7,2,प्राणायाम हो ।
4|7,2,"मात्र अभ्यास गर्नुपर्छ, ।"
4|6,2,"रङ ((०1०पा5)
"
4|7,2,"चित्रसहित
"
4|8,2,व्याख्या गर्नुहोस्‌ ।
4|7,2,"छाया
"
4|7,2,"कुनै पनि वस्तुको
"
4|5,2,छपाइ भनिन्छ ।
4|5,2,छपाइ कार्य विभिन्न किसिमले गर्न सकिन्छ ।
4|5,2,"माटालाई थिचेर, तानेर,
"
4|7,2,इच्छाअनुसारका आकारमा थप्दै लैजानुपर्छ ।
4|6,2,(क) छपाइ भनेको के हो ?
4|7,2,स्वर भनिन्छ ।
4|6,2,"सप्तकहरू मन्द्र सप्तक मध्य सप्तक तार सप्तक
"
4|9,2,साथीहरूलाई सुनाउनुहोस्‌ ।
4|9,2,"अभिभावकसँग
"
4|5,2,"खाली ठाउँमा उपयुक्त शब्द छानी वाक्य पूरा गर्नुहोस्‌ :
"
4|8,2,"स्थायी
"
4|5,2,"बालगीत :
"
4|5,2,"१३.१ कक्षागत गीतमा नृत्य अभ्यास
"
4|6,2,"नृत्य अभ्यास
"
4|6,2,"अभिनयलाई
"
4|6,2,"पाठ्यक्रम विकास केन्द्रको लिखित स्वीकृतिबिना व्यापारिक प्रयोजनका
"
4|7,2,"प्रथम संस्करण : वि.स. २०७९
"
4|6,2,"मुद्रण :
"
4|7,2,"बिकास तथा नागरिक कर्तव्यप्रति सजगता अपनाउनु, र दैनिक जीवनमा आइपर्ने व्यावहारिक समस्याहरूको
"
4|5,2,"यस पुस्तकको
"
4|5,2,क्रियाकलापमा आधारित बनाउने प्रयास गरिएको छ ।
4|5,2,१३ बिल र बजेट (3111 910 ०००९०।
4|6,2,रेखाखएड खिच्नुहोस्‌ ।
4|10,2,"“०1 | १.
"
4|9,2,विद्यार्थीहरू उपयुक्त सङ्ख्यामा समूहमा बस्नुहोस्‌ ।
4|6,2,जर्नुहोस्‌ ।
4|9,2,किनारा छन्‌ ?
4|6,2,तीन तीन जनाको समूहमा बस्नुहोस्‌ ।
4|7,2,"या 1 (110
"
4|10,2,र हुन्‌ ।
4|8,2,चित्र बनाउनुहोस्‌ ।
4|8,2,नमुना निर्माण गर्नुहोस्‌ ।
4|9,2,- पे?
4|5,2,के हुँ?
4|10,2,"70 6718 1011160 001० ३९६७ पाडा)
"
4|5,2,"अङ्कमा : 3,234
"
4|5,2,"सङ्ख्यामा
"
4|5,2,"दश हजार (120 110059105) ३ ७ 10,000 - 30,000
"
4|10,2,"अव, 57,34,298 - 5 ० 10, 00, 000 - 7  1,00,000 - 3 , 10,000 २. 4 ,८ 1,000 २२
"
4|5,2,() जम्मा कति लाख छ ?
4|5,2,(1) जम्मा कति हजार छ ?
4|5,2,(11) जम्मा कति सय छ ?
4|5,2,"अक्षरमा लेख्दा,
"
4|9,2,"रु. 65,00,000 - रु. 53,000 - रु. 500- रु. 3
"
4|9,2,गरिने छ ।
4|5,2,"टाढा नजिक
"
4|5,2,"नजिक टाढा
"
4|5,2,550 लाई नजिकको सयमा शून्यान्त गर्नुहोस्‌ ।
4|7,2,"नजिक
"
4|6,2,"जम्मा मूल्य
"
4|6,2,"55264 (४ 5 8070 (शो) ३ 3000
"
4|5,2,वितरण गरियो ।
4|8,2,"19 यै 0
"
4|6,2,"फणा
"
4|7,2,"3-350 चौथो पटक
"
4|6,2,"भाण
"
4|8,2,2“ ४११०” ।
4|9,2,हेर्न सकिन्छ ।
4|10,2,"अब 3 लाई 11) 378.
"
4|10,2,बाँकी रहन्छन्‌ ।
4|5,2,लगाउन सकिन्छ होला ?
4|6,2,फिर्ता आउँछ ?
4|6,2,2. सरल जर्नुहोस्‌ ।
4|6,2,"4. तलका प्रश्नको समाधान गर्नुहोस्‌ :
"
4|6,2,"पत्ता लगाउनुहोस्‌ |
"
4|8,2,5 'छछ ।
4|5,2,दशमलवमा 0.1 लेखिन्छ ।
4|6,2,"दर्‌
"
4|6,2,"दशमलव - 0.2
"
4|10,2,"(एप) 0.08 (९) 0.02 (907)0.07
"
4|7,2,"छात्रको सङ्ख्या 5100 - 45 555
"
4|10,2,"(%) 0.35. 5. ...::% (०) 106 . -- %
"
4|6,2,"तन ०२
"
4|10,2,"यदि सो
"
4|6,2,"कियाकताप 1
"
4|7,2,"1 घण्टा 560 मिनेट
"
4|10,2,"रहेछ, पत्ता लगाउनुहोस्‌ ।"
4|5,2,"सो समयमा
"
4|10,2,"त उ 10
"
4|5,2,"वर्ष महिना
"
4|5,2,"टर त
"
4|6,2,क्रियाकताप ।
4|10,2,सम्पन्न भयो ?
4|6,2,15 20 छठ 12 34 ॥
4|6,2,"तलको तालिका पूरा गर्नुहोस्‌ :
"
4|5,2,"1से.मि. 510 मि.मि.
"
4|5,2,"1 मि. - 100से.मि.
"
4|5,2,"- 33000 मि. - 600 मि.
"
4|8,2,"- 33600 मिटर
"
4|5,2,"- 8 कि.मि. 91 मि.
"
4|7,2,"तै 15
"
4|6,2,"1. घटाउ गर्नुहोस्‌ :
"
4|5,2,".200 २ 1 लि. 200 मि.लि.
"
4|10,2,"ड्ड
"
4|5,2,"() 6 कि.ग्रा.
"
4|7,2,"किलोग्राममा
"
4|5,2,किनेछन्‌ ?
4|7,2,लम्बाइ कति होला ?
4|6,2,पुण्छ ?
4|6,2,"निकाल्नुहोस्‌ |
"
4|5,2,"मूल्य सूची
"
4|5,2,"क्रेता - सामान किन्ने मानिस वा ग्राहक
"
4|5,2,"केरा :
"
4|5,2,"विक्रेता
"
4|6,2,"वि छ
"
4|9,2,गरेछ ?
4|6,2,कति पर्ला ?
4|8,2,पत्ता लगाउनुहोस्‌ ।
4|5,2,"योत
"
4|5,2,अनुमान गर्न सकिन्छ ?
4|9,2,जम्मा ( रु.650001)?
4|10,2,"स्रोत
"
4|5,2,(क) रामुको परिवारमा आम्दानी र खर्चमा कुन बढी छ ?
4|5,2,(ख) सबैभन्दा बढी आम्दानी केबाट हुने रहेछ ?
4|5,2,(ङ) सबैभन्दा कम खर्च केमा हुने रहेछ ?
4|10,2,"तिल
"
4|10,2,"त) 9-[ ]-4
"
4|7,2,"(9) 16-45[ ] (०) 21535[ ]
"
4|8,2,कति कति हुन्छ ?
4|5,2,"कोठा
"
4|7,2,"दृष्टिगत गरी विद्यालय शिक्षाको राष्ट्रिय पाठ्यक्रम पारूप, २०७६ अनुसार विकास गरिएको आधारभूत शिक्षा
"
4|7,2,"कोष्ठकबाट उपयुक्त शब्द छानी खाली ठाउँ भर्नुहोस्‌ :
"
4|5,2,"१. सुनाइ पाठ १ सुनेर मौखिक उत्तर दिनुहोस्‌ :
"
4|7,2,"तल दिइएको सन्दर्भ पढ्नुहोस्‌ :
"
4|8,2,"खेतबारीमा काम
"
4|10,2,"एकछिनपछि
"
4|10,2,कहिल्यै गर्दिनँ ।
4|5,2,"५. कसले कसलाई भनेको हो, भन्नुहोस्‌ :
"
4|7,2,"१३. तल दिइएको सन्दर्भ पढ्नुहोस्‌ र निर्देशनअनुसार गर्नुहोस्‌ :
"
4|7,2,"१. सुनाइ पाठ २ सुन्नुहोस्‌ र तल दिइएका प्रश्नको मौखिक उत्तर दिनुहोस्‌ :
"
4|9,2,भन्नुहुन्छ।
4|6,2,मन लाग्छ ।
4|6,2,"जिद्दी
"
4|7,2,"प्रश्नको मौखिक उत्तर दिनुहोस्‌ :
"
4|5,2,"५. दिइएका बुँदाका आधारमा अनुच्छेद तयार पार्नुहोस्‌ :
"
4|5,2,"यस अवसरमा
"
4|6,2,"शब्वार्थ
"
4|10,2,"मिथिला चित्रकला
"
4|8,2,"उही तिम्री साथी
"
4|5,2,"२. कोष्ठकबाट मिल्ने शब्द छानी खाली ठाउँ भर्नुहोस्‌ :
"
4|6,2,"पहिले पहिले
"
4|5,2,"अनिता :
"
4|10,2,"प्रण
"
4|10,2,सिकाउँछ ।
4|5,2,कार्यक्रम सुरु हुन्छ ।
4|7,2,"दीन
"
4|10,2,"बन्न
"
4|5,2,"शीत
"
4|10,2,"घरभित्र
"
4|5,2,साथीसँग छलफल गरी लेख्नुहोस्‌ ।
4|5,2,"१. दिइएको अनुच्छेद पढ्नुहोस्‌ र उत्तर दिनुहोस्‌ :
"
4|5,2,"छन्‌, लेख्नुहोस्‌ ।"
4|6,2,"३. ठिक भए 'ठिक' र बेठिक भए 'बेठिक' लेख्नुहोस्‌ :
"
4|7,2,"पना
"
4|10,2,लागेको थियो ।
4|7,2,"नपाली, कक्षा ?"
4|7,2,"तिनै
"
4|8,2,बनाउन सक्छन्‌ ।
4|7,2,"३. तल दिइएका प्रश्नको मौखिक उत्तर दिनुहोस्‌ :
"
4|5,2,गाउँपालिका !
4|5,2,"धर्म : हिन्दु
"
4|10,2,"पाठ र
"
4|6,2,नानीबाबुहरू !
4|8,2,पनि प्रयोग गर्न सकिन्छ ।
4|6,2,"काम
"
4|5,2,"४, समूह 'क' र समूह 'ख' बिच जोडा मिलाउनुहोस्‌ :
"
4|7,2,"१४. तल दिइएको अनुच्छेद पढ्नुहोस्‌ र निर्देशनअनुसार गर्नुहोस्‌ :
"
4|10,2,"कनै
"
4|5,2,बट ।
4|9,2,"बोध र अभिव्यक्ति
"
4|5,2,"२. सुनाइ पाठ १० सुनी मौखिक उत्तर दिनुहोस्‌ :
"
4|10,2,"कतै
"
4|7,2,पुगिन्छ ।
4|8,2,लिन सकिन्छ ।
4|5,2,"(ले, लाई, बाट)
"
4|7,2,"१. सुनाइ पाठ ११ सुन्नुहोस्‌ र तलका प्रश्नको मौखिक उत्तर दिनुहोस्‌ :
"
4|7,2,"उसका
"
4|6,2,कि क्या हो ?
4|6,2,डट?
4|6,2,"बेठिक भन्नुहोस्‌ :
"
4|10,2,बजेको थियो ।
4|5,2,"गुरुआमाले
"
4|7,2,पुग्यौँ ।
4|7,2,"२. तल दिइएका वाक्य शुद्ध गरी लेख्नुहोस्‌ :
"
4|6,2,(क) सुनाइ पाठ १३ मा केको वर्णन गरिएको छ ?
4|9,2,"लेख्नुहोस:
"
4|8,2,सहभागी हुनुपर्छ ।
4|6,2,भयौँ ।
4|7,2,थाल्यौँ ।
4|9,2,"अर्को दिन
"
4|8,2,"विद्युतीय
"
4|5,2,चरा !
4|5,2,"यहाँबाट
"
4|9,2,"” यति
"
4|5,2,” डोल्मालाई अचम्म लाग्यो ।
4|5,2,"तिमी आफू कसरी माग्नेबाट स्वावलम्बी केटो बन्यौ, त्यो पनि उसलाई भन ।"
4|7,2,"विज्ञान, वातावरण र सूचना प्रविधिसम्बन्धी आधारभूत ज्ञानको विकास गराई कला तथा सौच्दर्यप्रति अभिरुचि
"
4|7,2,"शारीरिक तन्दुरुस्ती, स्वास्थ्यकर बानी एवम्‌ सिर्जनात्मकताको विकास तथा जातजाति, धर्म,
"
4|5,2,"एउटा महत्त्वपूर्ण आधारका रूपमा बालकेन्द्रित, सिकाइकेन्द्रित, अनुभवकेन्द्रित, उद्देश्यमूलक, प्रयोगमुखी र
"
4|9,2,"मानिसले आफ्ना
"
4|5,2,'झोलामा राखेछन्‌ ।
4|9,2,"छलफलका प्रश्नहरू
"
4|6,2,"प्रयोगशालामा
"
4|10,2,"विज्ञान तशा प्रविधि, कक्षा ॥"
4|10,2,दुईओटा गिलास लिनुहोस्‌ ।
4|6,2,प्रयोग गरिन्छ होला ?
4|5,2,"पढौँ र जानौँ :
"
4|6,2,"विभिन्न किसिमका
"
4|6,2,"चित्र 1.15 चित्र 1.16 चित्र 1.77
"
4|5,2,"3. तराजु
"
4|5,2,"4. माना
"
4|8,2,"तलका प्रश्नको छोटो उत्तर दिनुहोस्‌ :
"
4|9,2,प्राप्त गर्न सकिन्छ ।
4|7,2,"गराउन
"
4|6,2,"कम्प्युटरमा
"
4|10,2,"चिज 2.11
"
4|8,2,"रू विज्ञान तथा प्रविधि, कक्षा ४
"
4|5,2,"दन ७ विज्ञान तथा प्रविधि, कक्षा ४
"
4|6,2,€901195 हुन्छ।
4|10,2,"चित 2.15
"
4|7,2,बढाउन सकिन्छ ।
4|8,2,"जक विज्ञान तथा प्रविधि, कक्षा ४
"
4|9,2,"टाइप गर्नुहोस्‌ :
"
4|5,2,"बादल
"
4|8,2,"पानी [४81९]
"
4|9,2,"सूक्ष्म
"
4|6,2,"बिरुवाले
"
4|7,2,"अक्सिजन
"
4|10,2,सोधखोज गरी कक्षामा छलफल गर्नुहोस्‌ ।
4|9,2,तापक्रम घट्छ ।
4|10,2,"मेरुदण्ड नभएका
"
4|10,2,"तिनीहरूमध्ये
"
4|7,2,"अठ्यास
"
4|9,2,"पनत
"
4|8,2,"बस्ने
"
4|10,2,हन्छन्‌ ।
4|10,2,"यिनका
"
4|6,2,"जमिनमा पाइने
"
4|10,2,विकसित हन्छ ।
4|5,2,"प्रश्नहरू चित्र 5.1
"
4|10,2,"जीवहरूको
"
4|7,2,के तपाईँलाई थाहा छ ?
4|7,2,"राख्ने
"
4|9,2,"कलि
"
4|5,2,"यसलाई जस्तो आकारको भाँडामा राख्यो त्यस्तै
"
4|5,2,आकार लिन्छ ।
4|6,2,घुम्छ ।
4|5,2,का छन्‌ ।
4|5,2,"तक विज्ञान तथा प्रविधि, कक्षा ४
"
4|7,2,"खाली ठाउँमा उपयुक्त शब्द लेख्नुहोस्‌ :
"
4|10,2,"यसका आधारमा तलका प्रश्नको उत्तर दिनुहोस्‌ :
"
4|9,2,विद्युत्‌ उत्पादन गर्न सकिन्छ ।
4|8,2,अब के हुन्छ अवलोकन गर्नुहोस्‌ ।
4|10,2,राखिएका हुन्छन्‌ ।
4|7,2,राखेर हेर्नुहोस्‌ ।
4|10,2,तालिकामा टिपोट गर्नुहोस्‌ ।
4|9,2,"फलामको
"
4|8,2,"चुम्बकले
"
4|9,2,"पक विज्ञान तथा प्रविधि, कक्षा ४
"
4|5,2,"तराई
"
4|10,2,आधारमा अनुमान गर्नुहोस्‌ ।
4|5,2,"चित्र हेरौं र छलफल गरौँ :
"
4|10,2,"च्ति 87
"
4|8,2,कस्तो छ ?
4|8,2,"मौसम
"
4|10,2,सकिएला ?
4|8,2,"छलफल गरेर लेख्नुहोस्‌ :
"
4|8,2,पुत्याउँछ ।
4|9,2,मर्छन्‌ ।
4|7,2,प्रयास गर्नुपर्छ ।
4|5,2,"चित्र अवलोकन गरौँ र छलफल गरौँ :
"
4|8,2,निम्त्याउन सक्छ ।
4|10,2,"त्यत्तिकैमा
"
4|5,2,बुझ्नुहोस्‌ ।
4|8,2,को रहेछ ।
4|7,2,"पाठ्यपुस्तक विद्यार्थीमा अपेक्षित दक्षता विकास
"
4|7,2,गर्ने एक मुख्य साधन हो ।
4|5,2,"समयसापेक्ष र गुणस्तरीय बनाउने उद्देश्यले पाठ्यक्रम तथा पाठ्यपुस्तकको विकास तथा परिमार्जन कार्यलाई
"
4|8,2,सम्पादन श्री श्रीहरि श्रेष्ठबाट भएको हो ।
4|5,2,"पाठ ७ : हाम्रा राष्ट्रिय विभूतिहरू
"
4|10,2,"उत्पादित
"
4|9,2,"चित्र (क) चित्र (ख)
"
4|7,2,"सामाजिक अध्ययन तथा मानव सूल्य शिक्षा कम्षा
"
4|7,2,ठाउँमा राख्नुपर्छ ।
4|9,2,"(फर्निचर
"
4|9,2,पार्न प्रयोग गरिन्छ ।
4|5,2,"लेख्न
"
4|10,2,आउनुभएको छ ।
4|5,2,"समुदायका
"
4|5,2,"घटना एक
"
4|5,2,देखिए ।
4|7,2,पुगिन्‌ ।
4|6,2,"सामाजिक (सञ्जालको प्रयोग ) २
"
4|6,2,"हाम्रो समुदायमा
"
4|5,2,र कक्षामा सुनाउनुहोस्‌ ।
4|9,2,"जनक
"
4|9,2,राजा जनक प्राचीन मिथिलाका राजा थिए ।
4|9,2,"अरनिको
"
4|7,2,बनाएका थिए ।
4|9,2,"राम शाह
"
4|8,2,चलन थियो ।
4|7,2,"राजाले
"
4|7,2,भाइ ।
4|8,2,सूची तयार गर्नुहोस ।
4|5,2,"यस भनाइमा
"
4|9,2,कर्तव्य भनेको के हो ?
4|8,2,"वाई
"
4|6,2,सक्नुहुने छ ।
4|10,2,"उहाँका
"
4|7,2,"काठ
"
4|7,2,"१. तलका पश्नको उत्तर दिनुहोस्‌ :
"
4|8,2,मानिस छन्‌ ।
4|10,2,"भाषाको
"
4|6,2,देख्नुभएको होला ।
4|5,2,खबर गर्नुपर्छ ।
4|7,2,"सामाजिक अध्ययन तथा मानव मूल्य शिक्षा; कम्चा-)
"
4|10,2,"यो मन्दिर प्यागोडा शैलीमा निर्माण
"
4|6,2,"मनकामना
"
4|9,2,"हो, ठिक भन्नुभयो ।"
4|8,2,गरिँदैन ।
4|5,2,(क) कस्तो समाजलाई असल समाज भनिन्छ ?
4|8,2,"यसबाट बच्न
"
4|10,2,"कुनै कनै
"
4|8,2,"सोनाम
"
4|10,2,"हुन्छ, लेख्नुहोस्‌ ।"
4|8,2,प्रस्तुति तयार पारेको छ ।
4|6,2,जानुपर्दछ ।
4|7,2,कक्षामा पस्तुत गर्नुहोस्‌ ।
4|7,2,"गरिएका छन्‌, लेख्नुहोस्‌ ।"
4|8,2,"सार्वजनिक
"
4|7,2,बढ्दो छ ।
4|5,2,"हजुरबुबा
"
4|7,2,"जिल्ला
"
4|7,2,"१. खेल खेलौं :
"
4|10,2,चिठी लेख्नुहोस्‌ ।
4|8,2,"१ ष्न
"
4|7,2,गौरव ।
4|8,2,हवस्‌ त धन्यवाद ।
4|9,2,टेवा पुग्छ ।
4|8,2,"घरमा पनि
"
4|8,2,लैजानुहोस्‌ ।
4|5,2,हुन्छ नि ।
4|9,2,कक्षामा निष्कर्ष प्रस्तुत गर्नुहोस्‌ ।
4|6,2,आफ्ना विचार प्रस्तुत गर्नुहोस्‌ ।
4|9,2,यसको महत्त्व लेख्नुहोस्‌ ।
4|5,2,सहयोग गर्छिन्‌ ।
4|8,2,उदाहरण दिनुहोस्‌ ।
4|7,2,शिक्षक: ठिक भन्नुभयो ।
4|5,2,"कमला :
"
4|6,2,सिर्जना गर्छ ।
4|7,2,र ति?
4|5,2,"विषय शिक्षक :
"
4|7,2,लान्‌ ।
4|10,2,क्षति भयो ।
4|10,2,"बाढी पहिरो
"
4|9,2,गएको थियो ।
4|5,2,"साथीहरूको
"
4|6,2,"तरिका
"
5|8,2,भनिन्थ्यो।
5|6,2,हामी जस्ता (६) ॥
5|7,2,छलफल गरी
5|6,2,निर्माण कार्य गर्दा जोडने तरिकाहरू खोज्न आवश्यक हुन्छ ।
5|10,3,“अहो !
5|8,2,यस क्रियाकलापबाट के निष्कर्ष निकाल्न सकिन्छ ?
5|6,2,कसरी निकाल्ने ?
5|7,2,"यहाँ, लम्बाइ ॥"
5|6,2,प्रतिशतलाई (%) चिहनले जनाइन्छ ।
5|9,2,"पाठ्यपुस्तकसमस्बन्धी पाठकहरूका कुनै पति प्रकारका सझावहरू भएमा पाठ्यक्रम विकास
"
5|8,2,"र गुणस्तरीय बनाउने उद्देश्यले पाठ्यक्रम तथा पाठ्यपुस्तकको विकास तथा परिमार्जन कार्यलाई निरन्तरता
"
5|8,2,"यसको भाषा सम्पादन श्री चिनाकुमारी
"
5|7,2,यस पाठयपुस्तकले विद्यार्थीमा निर्धारित सक्षमता विकासका लागि विद्यार्थीलाई सहयोग गर्ने छ ।
5|7,2,"यसले विद्यार्थीको सिकाइमा सहयोग पुच्याउने एउटा महत्त्वपूर्ण र आधारभूत सामग्रीका रूपमा कक्षा
"
5|7,2,क्रियाकलापबाट हुने सिकाइलाई मजबुत बनाउन सहयोग गर्ने छ ।
5|7,2,"यो शिक्षकको सिकाइ क्रियाकलापको
"
5|7,2,"पाठयपुस्तकलाई विद्यार्थीको सिकाइमा
"
5|7,2,"बृद्धिजीवी एवम्‌ सम्पूर्ण पाठकहरूको समेत विशेष भूमिका रहने हुँदा सम्बद्ध सबैको रचनात्मक सुझावका लागि
"
5|6,2,"सुरक्षा र प्राथमिक उपचार
"
5|8,2,लिनुपर्छ ।
5|8,2,"कुक स्वास्थ्य शारीरिक तथा विर्जवात्मक कला, कक्षा १
"
5|7,2,"पेम्बा
"
5|6,2,"महिनावारी
"
5|8,2,बताइन्‌ ।
5|8,2,"0 स्वास्थ्य, शारीरिक तथा चिर्जतात्मक कला, कक्षा १
"
5|10,2,थालेका छन्‌ ।
5|9,2,मल बन्छ ।
5|7,2,"कार्बोहाइड्रेट
"
5|6,2,"(डड -2५
"
5|10,2,"खनिज पदार्थ
"
5|6,2,"साथीसँग छलफल गर्दुहोस्‌ :
"
5|9,2,"मेरा
"
5|7,2,पौष्टिक तत्त्वयुक्त खाना खानुपर्छ ।
5|7,2,"यो देखेर
"
5|8,2,"शिक्षकको सहयोगमा
"
5|8,2,"सडकमा
"
5|7,2,"छलफल गर्दुहोय्‌ :
"
5|9,2,"क्र.स. | सं
"
5|6,2,"यसले हाम्रा
"
5|7,2,अवस्थामा ल्याउनुहोस्‌ ।
5|7,2,"यो आदेश
"
5|10,2,"अब यहाँ
"
5|8,2,"७.१.१ १०० मिटरको दौड (100 11 19८6)
"
5|10,2,"यहाँ हामी
"
5|7,2,रेखा खिच्नुहोस्‌ ।
5|6,2,"(ख) सेट (५९)
"
5|6,2,"(ग) गो (00)
"
5|8,2,क्रियाकलापको अभ्यास गर्नुहोस्‌ ।
5|7,2,सुत्नुहोस्‌ ।
5|9,2,"7016 1पफा117118)
"
5|7,2,एथलेटिक्स भनेको के हो ?
5|6,2,"1 कममा
"
5|10,2,निर्धारण गर्नुहोस्‌ ।
5|6,2,"(ख) पासिङ (7955118)
"
5|6,2,"(अ) चेस्ट पास (0165 ])955)
"
5|6,2,"यो पास गर्दा
"
5|10,2,"सोहीअनुसार
"
5|9,2,कक्षाकोठामा टाँस्नुहोस्‌ ।
5|6,2,०पपला0।
5|8,2,(क) योग भनेको के हो ?
5|7,2,"१०.६ रङ (८०1०)
"
5|9,2,"न्छै
"
5|6,2,"यसका लागि शिक्षक
"
5|10,2,निर्माण भएका छन्‌ ।
5|6,2,"११.१ छपाइ
"
5|7,2,"दो"",
"
5|10,2,"सामान्यतयाः
"
5|10,2,"१२.१ राष्ट्रिय गान (99110191 91111611)
"
5|8,2,समेटेको हुन्छ ।
5|6,2,"ताल:- सेलो
"
5|6,2,"औँला : ५ ४३ २१ ३ २१
"
5|6,2,"अवरोह : सांनिध- निधप- धपम- पमग- मगरे- गरेसा-
"
5|6,2,बजाउने अभ्यास गर्नुहोस्‌ ।
5|8,2,"(१३७. स्वास्थ्य, शारीरिक तथा तिर्जतात्मक कला, कक्षा १
"
5|8,2,चाडो गरी बजाउने अभ्यास गर्नुहोस्‌ ।
5|8,2,गुञ्जने गरी बजाउनुहोस्‌ ।
5|8,3,तितितिति।
5|8,5,२. नानानाना।
5|9,2,"आफूनो
"
5|6,2,"१३.५ अभिनय
"
5|10,2,"पाठकहरूबाट आउने सझावहरूलाई
"
5|7,2,निरन्तरता दिँदै आएको छ ।
5|10,2,यसको विकासमा संलग्न सम्पूर्णप्रति केन्द्र हार्दिक कृतज्ञता प्रकट गर्दछ ।
5|7,2,"१ रेखा र कोणहरू (11711€65 910 112165) १-२७
"
5|6,2,"१२ परिमिति, क्षेत्रफल र आयतन (२९।"
5|6,2,"रेखा र कोणहरू (1125 910 0018165)
"
5|8,2,"(छ) 2101277 च 1489
"
5|9,2,"०000 कार्य
"
5|8,2,"ल्‌
"
5|6,2,को नाप ३?
5|8,2,"%226 -369र
"
5|7,2,(ग) के 2106: 2 26:13 5 2103 हुन्छ ?
5|8,2,"हुन्‌, छुट्याउनुहोस्‌ ।"
5|9,2,"निम्नलिखित प्रश्नमा छलफल गर्नुहोस्‌ :
"
5|10,2,बराबर छ ।
5|7,2,उपयुक्त सङ्ख्यामा विद्यार्थीको समूह बनाउनुहोस्‌ ।
5|10,2,सतहहरू छन्‌ ?
5|9,2,गरेर लेख्नुहोस्‌ ।
5|8,2,सतहको नाम लेख्नुहोस्‌ ।
5|9,2,पस ॥
5|10,2,"उदाहरण |.
"
5|7,2,सबै विद्यार्थी उपयुक्त सङ्ख्यामा समूहमा बस्नुहोस्‌ ।
5|7,2,"४२ गगि कमा १
"
5|7,2,"(डङ) 48,09,45,307 (च) 79,45,32,681
"
5|7,2,"(गा) 60,48,01,205 (घ) 8,49,05,308
"
5|9,2,"घ) 96,75,48,231 उ
"
5|9,2,पढिन्छ ?
5|9,2,ए/।
5|7,2,"(ड) 904406751 (च) 999000009
"
5|10,2,परिभाषित गर्नुहोस्‌ ।
5|8,2,"अब उक्त
"
5|9,2,दिइन्‌ ।
5|9,2,गएछन्‌ ।
5|7,2,"(ङ) 39-18-3-4222 (च) 15-5%4--2
"
5|6,2,"उक्त चकलेटमध्ये
"
5|8,2,"नही
"
5|10,2,"__ त
"
5|10,2,"""[[[॥"
5|10,2,"हरे
"
5|10,2,"छि [७९९९ 0९00
"
5|9,2,"/०९९ 09000201 [0000000
"
5|6,2,"दशमलव (0€0119.)
"
5|8,2,"तलका दशमलवलाई भिन्नमा रूपान्तरण गर्नुहोस्‌ :
"
5|10,2,तलको संवाद अध्ययन गर्नुहोस्‌ ।
5|6,2,पनि गर्न सकिन्छ ।
5|8,2,"(ख) 1, «4.1
"
5|10,2,"(क) 0.3 7 0.6 ]
"
5|6,2,बनाउनुपर्दछ ।
5|9,2,"न43%)
"
5|8,2,"यसमा 10 ओटा
"
5|8,2,"७ दा
"
5|10,2,"3. प्रतिशतमा लेख्नुहोस्‌ :
"
5|10,2,"(क) 25% (ख) 15% (ग) 35% (घ) 20%
"
5|8,2,गरी कक्षाकोठामा प्रस्तुत गर्नुहोस्‌ ।
5|9,2,"आवश्यक पर्छ, पत्ता लगाउनुहोस्‌ ।"
5|8,2,गुरुआमा: हो ।
5|10,2,"हुन्छ भने,
"
5|10,2,"ग्राममा)
"
5|6,2,आयतको परिमिति च?
5|6,2,"जोडीमा छलफल गरी
"
5|8,2,"2 हद
"
5|8,2,हुने रहेछ ।
5|6,2,"उक्त षड्मुखाको आयतन
"
5|9,2,"से.
"
5|6,2,"बिल न. 012
"
5|8,2,"1 छुट 156
"
5|9,2,"र. 0000 रु. 42,000
"
5|8,2,"खानामा .
"
5|9,2,तथ्याङ्कको प्रस्तुतीकरण (२।
5|8,2,"उ | 7 3 3 2 7
"
5|10,2,"निलो
"
5|6,2,"आँप
"
5|7,2,"२०२ गगित कक्षा १
"
5|10,2,"यसका आधारमा
"
5|9,2,"भने % )
"
5|10,2,छुटयाउनुहोस्‌ ।
5|6,2,कक्षाकोठामा प्रस्तुत्‌ गर्नुहोस्‌ ।
5|6,2,"3. फरक निकाल्नुहोस्‌ :
"
5|6,2,"बराबरी तथ्यहरू
"
5|8,2,"गा, ८ न्‌ 11
"
5|8,2,"(:."" दुवैतर्फ 7 ले भाग गर्दा)
"
5|6,2,पानी पस्यो ।
5|8,2,"पाठ्यपुस्तकलाई यस रूपमा ल्याउने कार्यमा केन्द्रका महानिर्देशक
"
5|7,2,"दैनिकी
"
5|9,2,"पृष्ठसङख्या
"
5|6,2,"नेपालको नक्सा
"
5|7,2,"१ सुनाइ पाठ १ सुन्नुहोस्‌ र ठिक भए ठिक र बेठिक भए बेठिक भन्नुहोस्‌ :
"
5|7,2,/ न ।
5|10,2,मानिस सामाजिक प्राणी हो ।
5|10,2,थिएनन्‌ ।
5|9,2,"दिइएका शब्दको शुद्ध उच्चारण गर्नुहोस्‌ :
"
5|6,2,"दिइएको अनुच्छेद सुनेर लेख्नुहोस्‌ :
"
5|10,2,"८. दिइएका घटनाको क्रम मिलाएर लेख्नुहोस्‌ :
"
5|9,2,पढ्छु ।
5|7,2,"थोरै
"
5|6,2,सिकिरहेका हुन्छौँ ।
5|7,2,पुग्छौँ ।
5|6,2,साधन हुन्‌ ।
5|6,2,उपलब्ध गराउँछ ।
5|10,2,"रेश
"
5|10,2,"सम्पादक
"
5|7,2,"बेठिक छुट्याउनुहोस्‌ :
"
5|10,2,"द. दिइएका प्रश्नको उत्तर लेख्नुहोस्‌ :
"
5|9,2,"१३. दिइएको अनुच्छेद पढी सोधिएका प्रश्नको उत्तर लेख्नुहोस्‌ :
"
5|10,2,"१. सुनाइ पाठ ३ सुन्नुहोस्‌ र दिइएका खाली ठाउँ भर्नुहोस्‌ :
"
5|7,2,"उद नेपाली, कक्षा ५
"
5|9,2,"श्री प्रधानाध्यापकज्यू,
"
5|6,2,थाहा पाएँ ।
5|6,2,शुभकामना व्यक्त गर्दछौँ ।
5|9,2,ज्ञापन गर्दछौँ ।
5|7,2,सिर्जना भयो ।
5|9,2,राख्थे ।
5|6,2,"२०३५ सालमा
"
5|10,2,"एउटा अनुच्छेद लेख्नुहोस्‌ :
"
5|7,2,"उता
"
5|6,2,तयारी गरे ।
5|7,2,"कमिला बथान
"
5|6,2,"१, दिइएका शब्द शुद्ध उच्चारण गर्नुहोस्‌ :
"
5|6,2,"२. सुनाइ पाठ ६ सुनेर उत्तर भन्नुहोस्‌ :
"
5|6,2,सफा देखिन्छ ।
5|10,2,नाच्छन्‌ ।
5|6,2,"नेपाली, कक्षा ५ र २
"
5|7,2,"मतभेद
"
5|9,2,"फरक फरक
"
5|8,2,कुरा गरे ।
5|10,2,तयार गरी कक्षामा प्रस्तुत गर्नुहोस्‌ ।
5|9,2,"धारा
"
5|10,2,"प्रीति
"
5|6,2,गर्थिन्‌ ।
5|6,2,"(960) चिहत लगाउनुहोस्‌ :
"
5|9,2,"गुरु,
"
5|10,2,"हुन्छ, किन ?"
5|9,2,"यिनै
"
5|6,2,पढेर बुझ्नुहोस्‌ ।
5|8,2,सघाइरहेका थिए ।
5|10,2,"लाग्यो, लेख्नुहोस्‌ ।"
5|10,2,"विश
"
5|10,2,"(गाउ)
"
5|8,2,"प्राविधिक शिक्षा
"
5|6,2,"तपाईंले
"
5|10,2,रहेनछन्‌ ।
5|7,2,आउँथ्यो ।
5|8,2,"मैले पनि
"
5|6,2,माछा !
5|7,2,"विवाह
"
5|6,2,कक्षामा बताउनुहोस्‌ ।
5|10,2,देखिन्थिन्‌ ।
5|7,2,"पश्द नेपाली, कक्षा ५
"
5|7,2,५. पाठको तेस्रो अनुच्छेद शिक्षकबाट सुनेर लेख्नुहोस्‌ ।
5|9,2,"३. दिइएका वाक्यलाई सङ्केतका आधारमा परिवर्तन गर्नुहोस्‌ :
"
5|9,2,आएका हुन्‌ ।
5|6,2,"आफ्नै
"
5|9,2,"दिइएका शब्दको शुद्धसँग उच्चारण गर्नुहोस्‌ :
"
5|6,2,"र किन, कारणसहित लेख्नुहोस्‌ ।"
5|7,2,"नित्यकर्म
"
5|9,2,"४. दिइएका शब्द शुद्ध पारेर लेख्नुहोस्‌ :
"
5|9,2,"पकै ०
"
5|7,2,"अरूले
"
5|8,2,हो त नि !
5|10,2,उफ !
5|6,2,विद्यार्थी जीवनमा थुप्रै असामाजिक कुराहरूले आकर्षित गर्न सक्छ ।
5|6,2,गर्न मन लाग्छ ।
5|6,2,खराब र देखावटी साथीभाइको सिको गर्न मन लाग्न सक्छ ।
5|6,2,"त्यसैले यस समयमा
"
5|9,2,श्री अध्यक्षज्यू !
5|6,2,"छाला
"
5|6,2,"जिब्रो
"
5|7,2,"वक हर
"
5|9,2,"भअन्यास
"
5|6,2,क्रियाकलापहरू गर्नुपर्छ ।
5|6,2,पारिन्छ।
5|9,2,गरी टाँस्नुहोस्‌ ।
5|7,2,"त ७ विज्ञान तथा प्रविधि, कक्षा ५
"
5|6,2,के के होलान्‌ ।
5|6,2,"साथीहरूबिच छलफल
"
5|7,2,"यो पानीमा
"
5|6,2,"संसारका जुनसुकै
"
5|7,2,पनि पठाउन सकिन्छ ।
5|9,2,मान्छन्‌ ।
5|10,2,"घटना अध्ययन गरौँ :
"
5|7,2,"€11) र
"
5|10,2,€९ ७०१५/४०।
5|9,2,"यस प्रक्रियालाई
"
5|7,2,"150९ $1919, उ8
"
5|6,2,"(घ) $9060191 1:638 :
"
5|7,2,"9111. 1(69 : 9111. - अक्षर 5 090141 16८
"
5|8,2,"चित्र अवलोकन गरी छलफल गरौँ :
"
5|6,2,लागेको ।
5|7,2,पहिरो जान्छ ।
5|8,2,दाइ ।
5|6,2,सकिन्छ नि ।
5|8,2,"धेरैजसो
"
5|6,2,पखाल्नुहोस्‌ ।
5|9,2,"“जे
"
5|6,2,थिच्नुहोस्‌ ।
5|10,2,स्थान लेख्नुहोस्‌ ।
5|8,2,भाग मिलेर बनेको हुन्छ ।
5|7,2,फाल्छ ।
5|7,2,३. पुङ्केशर (॥
5|6,2,"फूल नफुल्ने बिरुवा फूल फुल्ने बिरुवा
"
5|7,3,फलभित्र बिउ हुन्छ ।
5|10,2,बिउमा दुईओटा फग्लेँटा हुन्छन्‌ ।
5|10,2,जाऔँ ।
5|6,2,"सही विकल्प छान्नुहोस्‌ :
"
5|8,2,"आफ्नो विचार
"
5|7,2,"| ७८८६) कर ७
"
5|10,2,"के चित्र-6.3
"
5|8,2,फरक फरक हुन सक्छ ।
5|8,2,"चित्र (ख) चित्र (ग)
"
5|7,2,कोसिस गर्नुहोस्‌ ।
5|10,2,राखौँ ।
5|10,2,र कक्षामा छलफल गर्नुहोस्‌ ।
5|10,2,राखिँदैन ?
5|10,2,"क जि
"
5|7,2,"मिश्रण
"
5|6,2,"तलको तालिकामा भर्दुहोस्‌ :
"
5|7,2,गर्दै जानुहोस्‌ ।
5|9,2,कस्तो आवाज आयो ?
5|8,2,"तलका प्रश्नका आधारमा छलफल गर्नुहोस्‌ :
"
5|8,2,सुनिन्छ ।
5|8,2,हिर्काउनुहोस्‌ ।
5|9,2,"प्रयोगबाट
"
5|9,2,"गरी तलको तालिकामा भर्नुहोस्‌ :
"
5|6,2,तारा हुन्‌ ।
5|8,2,"पृथ्वी
"
5|7,2,1 $9$161) भनिन्छ ।
5|6,2,"बृहस्पति 62
"
5|8,2,नामकरण गर्नुहोस्‌ ।
5|6,2,"1. ठिक बेठिक छुट्याउनुहोस्‌ :
"
5|8,2,"यस्तो अवस्थालाई
"
5|6,2,"60 मिनेट -1 घण्टा
"
5|6,2,"24 घण्टा - 1 दिन
"
5|8,2,परेको छ ।
5|8,2,"सामाजिक अध्ययन तथा
"
5|8,2,यसको भाषा सम्पादन श्री चिनाकुमारी निरौलाबाट भएको हो ।
5|9,2,"एकाइ सात
"
5|8,2,"९६£१-१£१८
"
5|9,2,"संस्कृतिको
"
5|6,2,१. समुदाय भनेको के हो ?
5|9,2,"समाजको
"
5|10,2,"सामुदायिक
"
5|7,2,जानुपर्थ्यो ।
5|6,2,"जोडी
"
5|7,2,छलफल भइरहेको छ ।
5|8,2,नै गरिन्छ ।
5|6,2,"पहिचान गर्न
"
5|10,2,खाने गरिन्छ ।
5|7,2,पाएँ ।
5|9,2,"पर्यटन
"
5|8,2,धेरै राम्रो !
5|7,2,तालिका देखाउनुहोस्‌ ।
5|10,2,खै !
5|9,2,"अमरसिंह थापा
"
5|9,2,"उनी नेपाल
"
5|9,2,"भक्ति थापा
"
5|9,2,महत्त्वपूर्ण भूमिका रहेको छ ।
5|9,2,"भीमसेन थापा
"
5|9,2,"भानुभक्त आचार्य
"
5|7,2,रूपमा चिनिन्छन्‌ ।
5|9,2,"मोतिराम भट्ट
"
5|9,2,"उनलाई नेपाली
"
5|9,2,"पासाङ ल्हामु शेर्पा
"
5|9,2,"फाल्गुनन्द लिङ्देन
"
5|6,2,"जयपृथ्वीबहादुर सिंह
"
5|8,2,"नागरिक चेतना, कर्तव्य र अघिकार
"
5|8,2,गरिरहेको छ ।
5|10,2,मानिएको छ ।
5|8,2,"ढिक्र
"
5|7,2,पूरा हुन्छ ।
5|9,2,बस्थे ।
5|7,2,"तिमीलाई
"
5|7,2,शिवानी ।
5|7,2,आफूनो विचार प्रस्तुत गर्नुहोस्‌ ।
5|8,2,"बुँदागत
"
5|7,2,"/० ८८ ८% ८ ८2.
"
5|7,2,थालिएको छ ।
5|10,2,स्‌ची तयार पार्नुहोस्‌ ।
5|8,2,"बताउन
"
5|10,2,बढ्नुपर्छ ।
5|8,2,"स्‌ची तयार
"
5|9,2,"समूह कार्य
"
5|6,2,"बिद्यालय
"
5|10,2,सुझाव प्रस्तुत गर्नुहोस्‌ ।
5|6,2,"सहभागी हुन
"
5|9,2,पठाए ।
5|7,2,"प्राचीन
"
5|7,2,पालैपालो सुनाउनुहोस्‌ ।
5|9,2,"हाम्रा आर्थिक क्रियाकलाप
"
5|8,2,आयोजना गरेका छन्‌ ।
5|6,2,"श्रम
"
5|9,2,"गरौँ, धन्यवाद ।"
5|9,2,"' तब
"
5|9,2,"सपना :
"
5|9,2,"राजेश. :
"
5|8,2,"सबै विद्यार्थी :
"
5|7,2,छ नि ?
5|10,2,"मनोवाद १
"
5|8,2,"एक ठाउँमा
"
5|10,2,चाहन्थे ।
5|8,2,"२. अभिनय गर्नुहोस्‌ :
"
5|9,2,टिपोट गरी कक्षामा सुनाउनुहोस्‌ ।
5|6,2,"प्रश्नहरूको उत्तर दिनुहोस्‌ :
"
5|8,2,आफ्नो विचार लेख्नुहोस्‌ ।
5|8,2,क्षेत्र छ ।
5|6,2,"गलत
"
5|10,2,"५€10[(0116
"
5|8,3,यस्तो किन हुन्छ ।
5|8,2,यो क्रम चलिरहन्छ ।
5|7,2,"ग्रहहरूको
"
5|6,2,२२४ दिन लाग्छ ।
5|6,2,"यस ग्रहको
"
5|7,2,यसका २७ ओटा उपग्रहहरू रहेका छन्‌ ।
5|6,2,"चन्द्रमा
"
5|7,2,गरिसकेका छौँ ।
5|8,2,यो गोलाकार हुन्छ ।
5|7,2,उदाहरणसहित उल्लेख गर्नुहोस्‌ ।
5|6,2,"यो नेपालको
"
5|9,2,भण्डार पनि भनिन्छ ।
5|10,2,१. कक्षाका विद्यार्थी चार समूहमा विभाजन हुनुहोस्‌ ।
5|10,2,वनजङ्गल हो ?
5|9,2,उपयोगी मानिन्छ ।
5|10,2,चल्यो ।
5|6,2,"आगलागीबाट बच्ने उपायहरू
"
5|8,2,रोक्न सक्छ ।
5|6,2,"कर्णाली
"
5|7,2,"पढ .
"
5|9,2,"चीन
"
5|8,2,"भारत
"
5|8,2,"नामसमेत
"
5|9,2,"(० निकुञ्ज
"
5|6,2,"४, नदी
"
5|7,2,उतार्नुहोस्‌ ।
6|10,3,कारणसहित स्पष्ट पार्नुहोस् ।
6|7,2,सर्छ ।
6|10,2,आफ्नो विचार लेख्नुहोस् ।
6|9,2,हैन त ।
6|10,4,उदाहरणसहित व्याख्या गर्नुहोस् ।
6|7,3,साथीसँग छलफल गर्नुहोस् ।
6|9,3,पर्याप्त आराम गर्नुपर्छ ।
6|10,2,छट ; ।
6|10,7,वर्णन गर्नुहोस् ।
6|7,2,"माटाबाट विभिन्न भाँडा, घैँटो, घैला, गाग्रो आदि सामान बनाउन सकिन्छ ।"
6|7,2,(ख) कुन कोष्ठभित्रको काम पहिले गर्नुपर्ला ?
6|9,8,उत्तर शिक्षकलाई देखाउनुहोस् ।
6|9,3,पत्ता लगाउनुहोस् | ॥
6|7,2,पत्ता लगाउनुहोस् र कक्षाकोठामा प्रस्तुत गर्नुहोस् ।
6|10,2,कति कति रहेछ ?
6|8,2,म यहाँ आरामै छु ।
6|10,2,५. निर्णायक मण्डलको निर्णय नै अन्तिम हुने छ ।
6|9,2,आदरणीय महानुभावहरू !
6|8,2,धत् !
6|7,2,अब कसको पालो ?
6|7,2,पनि थियो ।
6|9,2,अधिकारीबाट भएको हो ।
6|9,2,यसको कला सम्पादन श्री श्रीहरि श्रेष्ठबाट भएको हो ।
6|7,2,"शारीरिक कसरत र कवाज
"
6|7,2,प्रमुख अङ्ग हो ।
6|8,2,"बाहिरी
"
6|8,2,"चिह्न लगाउनुहोस्‌ :
"
6|8,2,"तपाईँहरूमध्ये
"
6|9,2,आएनन्‌ ।
6|8,2,"पहिलो समूहले
"
6|9,2,"जीवनमा
"
6|10,2,गर्न सक्दछ ।
6|10,2,सामुदायिक स्वास्थ्य भनेको के हो ?
6|7,2,के के हुन्‌ ?
6|8,2,सुझाउनुहोस्‌ ।
6|9,2,आदि खान्छौँ ।
6|7,2,वर्गीकरण गर्न सकिन्छ ।
6|7,2,आवश्यकता पर्दछ ।
6|10,2,विकासमा सहयोग गर्दछ ।
6|7,2,जानकारी दिनुभयो ।
6|7,2,"२. लामो उत्तर लेख्नुहोस्‌ :
"
6|7,2,छ होला ।
6|7,2,"० सङ्क्रमित
"
6|7,2,"दिसापिसाब गर्ने
"
6|7,2,छलफल गर्दुहोस्‌ ।
6|8,2,"अपनाउने
"
6|7,2,"स्वास्थ्यकर्मीले
"
6|8,2,"जाना
"
6|7,2,सहयोग गर्दछन्‌ ।
6|7,2,"यो बेला
"
6|10,2,प्रयोग गर्नुपर्दछ ।
6|7,2,"(च) गोडा चाल [१/911( 1116)
"
6|10,2,"हिँड्ने
"
6|10,2,बलियो बनाउँछ ।
6|7,2,आदेश हो ।
6|9,2,"विद्यार्थीहरू
"
6|8,2,समाप्त हुन्छ ।
6|7,2,"अर्थात्‌ क'
"
6|7,2,खेलको अभ्यास गर्न सकिन्छ ।
6|8,2,संवेगात्मक विकास हुन्छ ।
6|7,2,"यो खेल ४५/४५ मिनेटको दुई
"
6|7,2,चरणमा खेलिन्छ ।
6|9,2,"यो कार्य
"
6|7,2,उपयुक्त मानिन्छ ।
6|8,2,दिन सकिन्छ ।
6|7,2,यो खेलको सुरुआत सर्भिसबाट गरिन्छ ।
6|7,2,"तथा हल्लाउने
"
6|7,2,यी वस्तुको चित्रण गर्नु नै कला हो ।
6|7,2,"तसर्थ व्यक्तिमा भएका अन्तर्निहित
"
6|7,2,कला एक अन्तर्राष्ट्रिय भाषा पनि हो ।
6|7,2,बरु यो युग युगसम्मका लागि रहिरहन्छ ।
6|9,2,"रेखा
"
6|7,2,"यस अर्थले प्रकाशको उपस्थिति भएको अवस्था उज्यालो
"
6|7,2,उज्यालामा मात्र रङको अनुभव गर्न सकिन्छ ।
6|7,2,"कुनै वस्तुमा प्रकाश ठोक्किएर आँखामा
"
6|7,2,परावर्तित (1011601200) भएपछि रङ सिर्जना हुन्छ ।
6|9,2,बनाउन सकिँदैन ।
6|10,2,"हरियो
"
6|10,2,"त्यसमाथि
"
6|8,2,"प्राकृतिक रूपमा
"
6|10,2,"” यस
"
6|10,2,"मूल्य (४10९)
"
6|8,2,"आकृति (111426)
"
6|10,2,"सामान्य
"
6|7,2,"तिनीहरूको अवलोकन गर्नुहोस्‌ :
"
6|7,2,हाम्रो दैनिक क्रियाकलापमा माटाका विभिन्न सामग्रीहरू प्रयोग भएको पाइन्छ ।
6|7,2,"माटाबाट
"
6|7,2,"विभिन्न भाँडा, घैँटो, घैला, गाग्रो आदि सामान बनाउन सकिन्छ ।"
6|7,2,"(घ) तयार भएको कोलाज प्रदर्शन गर्ने
"
6|8,2,"उनका अनुसार
"
6|8,3,"सारे
"
6|10,2,"विर
"
6|8,4,मपध-।
6|8,3,गरेसा।
6|8,2,रेसा-।
6|8,2,"यसलाई कुनै
"
6|8,3,आरोह : ।
6|8,2,प-्ध-॥
6|8,2,नि-सां-॥
6|8,2,अवरोह : ।
6|8,2,सारेगम।
6|8,2,मगरेसा।
6|7,2,पनि गर्नुहोस्‌ ।
6|8,2,प्रयोग प्रायः स्थानीय तथा लोकगीतहरूमा गर्ने गरिन्छ ।
6|8,2,"नेपाली सङ्गीतमा थुप्रै यस्ता
"
6|8,2,बाजाहरू छन्‌ ।
6|7,2,"लोकगीत,
"
6|10,2,"त्यसमा
"
6|7,2,बोल ।
6|10,2,(क) सङ्गीत भनेको के हो ?
6|8,2,नामसहित उल्लेख गर्नुहोस्‌ ।
6|10,2,"नेपालमा धेरै
"
6|7,2,यसमा दुईओटा विभाग हुन्छन्‌ ।
6|7,2,ताल चिहन : ॥
6|8,2,"बोलीको प्रयोगद्वारा प्रस्तुत गरिने भाव वा अभिव्यक्तिलाई वाचिक वा भाषिक अभिनय
"
6|8,2,"जुन पात्र वा चरित्रको अभिनय गर्नु छ त्यहीअनुरूप कलाकारलाई शृङ्गार, वस्त्र, आभूषण
"
6|9,2,"व्याख्या
"
6|7,2,"भएको)
"
6|7,2,"बीजीय अभिव्यञ्जक
"
6|8,2,"समतलीय आकृति
"
6|10,2,"चरणहरू
"
6|8,2,"(ण) (€,- ५ 3, 6, 9,12, 15)
"
6|9,2,निष्कर्ष पत्ता लगाउनुहोस्‌ ।
6|9,21,| उदाहरण 2?
6|8,2,"सङ्केतमा लेख्नुहोस्‌ :
"
6|8,2,"सङ्ख्याहरू 2,3,5 र
"
6|8,2,"भनिन्छ, जस्तै : 4, 6, 8, 9, 10, ...
"
6|10,2,| || ।
6|10,2,"क्षियाकलाप 1
"
6|8,2,"चरण 1:
"
6|10,2,"समाधान. 2 | 3115. 2 2
"
6|9,2,"]. शिक्षकलाई देखाउनुहोस्‌ :
"
6|10,2,"श्‌
"
6|7,2,गुणनखण्डहरू लिनुहोस्‌ ।
6|7,2,"समतल सतह
"
6|8,2,"1, न [14, 28, 42, 56, 70, ...]
"
6|8,2,"1 न प35,00
"
6|10,2,"भनिन्छ |
"
6|10,2,"5 ] ०१; ]
"
6|10,2,"वक""
"
6|7,2,"७. गु
"
6|8,2,"न - छा)
"
6|9,2,"4. मान पत्ता लगाउनुहोस्‌ :
"
6|8,2,"0 |"" 0000 ८ न
"
6|8,2,"पकष
"
6|7,2,"बलले
"
6|7,2,"100 100 100 हत
"
6|8,2,"अर्थात्‌, 3.573:53,570 हुन्छ ।"
6|9,2,"पहिलो तरिका, दोस्रो तरिका,
"
6|7,2,(क) छात्राको सङ्ख्या कति रहेछ ?
6|9,2,"रु. 120 को 75%
"
6|9,2,हट ॥
6|8,2,"च 16%
"
6|7,2,"«रु. 150
"
6|7,2,त्यसैले नाफा भयो ।
6|9,2,"क रु. 22,000 - रु.18500
"
6|9,2,"ख रु. 2500 - रु. 200
"
6|7,2,नाफा हुन्छ ।
6|7,2,"हुन्छ |
"
6|10,2,"र (42: 0.5) ती.
"
6|9,2,०.०. 111 लामो हुन्छ ।
6|9,2,"अब, 2-५2(/4)
"
6|10,2,"क) 4४” ८ (ख)
"
6|9,2,"उ 13.5 गी
"
6|7,2,"..उक्त आयतको क्षेत्रफल (४) - 160 0112
"
6|8,2,"गा, 50 _ 2202
"
6|10,2,"0 लै
"
6|8,2,ब्रत 2?
6|8,2,"(०-८%८€
"
6|8,2,"तसर्थ, ४०5५ ४४५ ४ ४४ ०३ हुन्छ ।"
6|9,2,"छलफल गरी कक्षामा प्रस्तुत गर्नुहोस्‌ :
"
6|8,2,"यी दुवै
"
6|7,2,"(घ) 2020, 392) र 689) (ङ) 1222, 15:29 र 5222
"
6|8,2,"(च)-60) (छ)-29-20- 2९ (ज) 107 - ४० १ 210
"
6|8,2,"१ घा)
"
6|7,2,"(ख) 21 29 त १2 52242223-325445 1243 9-525
"
6|8,2,"0 न१ ला
"
6|7,2,लम्बाइ (/॥
6|10,2,"अब, १ 5० त 1)
"
6|9,2,"प्रश्नहरूको उत्तर लेख्नुहोस्‌ :
"
6|8,2,(ख) 305 58 हुन्छ।
6|9,2,जिका?
6|9,2,"|, को?"
6|7,2,"३... रछ
"
6|10,2,दिइएको चित्रको अवलोकन गर्नुहोस्‌ ।
6|8,2,समानान्तर छन्‌ ।
6|7,2,"(घ) 110 7 ता)
"
6|9,2,रेखाखण्ड 120 खिच्नुहोस्‌ ।
6|9,2,र “1947?
6|9,2,"बिन्दुलाई 1"" नाम दिनुहोस्‌ ।"
6|9,2,21300912 को मान कति होला ?
6|9,2,"रुलरको
"
6|7,2,०%५८)13 नाप्नुहोस्‌ ।
6|9,2,लगाउनुहोस्‌ र कक्षामा प्रस्तुत गर्नुहोस्‌ ।
6|8,2,"बिचमा
"
6|9,2,13% खिच्नुहोस्‌ ।
6|8,2,"०१ र 13 को
"
6|9,2,तारा?
6|9,3,अर्धव्यास (२॥
6|9,2,"व्यास (1014116161)
"
6|9,2,"प्ए
"
6|7,2,"प्रत्येक समूहले 12
"
6|7,2,"1. तलका वाक्यहरू ठिक वा बेठिक के हुन, छुट्याउनुहोस्‌ :
"
6|7,2,"माथिको छलफलबाट निम्नानुसारको निष्कर्ष पत्ता लगाउन सकिन्छ :
"
6|9,2,"(ङ) (0, 9), (5, 9), (0, -2) र (5, -2)
"
6|7,2,बाँड्न सकिन्छ ?
6|9,2,समानान्तर हुने गरी रेखाखण्ड 1२5 खिच्नुहोस्‌ ।
6|7,2,का कोणहरू खिच्नुहोस्‌ ।
6|7,2,क्ियाकलाप ।
6|10,2,"(290561 श006115)
"
6|10,2,चित्रमा देखाउनुहोस्‌ ।
6|7,2,जानकारी लिनुहोस्‌ ।
6|7,2,"बिधा
"
6|10,2,"वादविवाद
"
6|9,2,"निवेदन
"
6|7,2,"३. एक वाक्यमा उत्तर भन्नुहोस्‌ :
"
6|7,2,"न 2.2 1 नेपाली, कक्षा ६
"
6|7,2,"७. भावविस्तार गर्नुहोस्‌ :
"
6|9,2,"शब्र्वार्थ
"
6|9,2,"तपाइँले
"
6|10,2,हुनु ।
6|9,2,आउनु ।
6|10,2,"लक्ष्य
"
6|10,2,गरी वाक्यमा प्रयोग गर्नुहोस्‌ ।
6|9,2,फैलिएको छ ।
6|7,2,"क 7 नेपाली, कक्षा ६
"
6|7,2,आधारमा पुष्टि गर्नुहोस्‌ ।
6|9,2,"लिम्बू)
"
6|7,2,"कविता, गीत)
"
6|9,2,शुभाशीर्वाद !
6|7,2,"आत्मीय
"
6|12,2,सकेको छैन ।
6|7,2,"आदि भाग (मिति, ठेगाना, सम्बोधन, शिष्टाचार)
"
6|9,2,"सत्यमोहन जोशी
"
6|7,2,समावेश्य शब्द हुन्‌ ।
6|8,2,"त्यसपछि उनको
"
6|8,2,"(क) जन्म
"
6|9,2,"मृत्यु
"
6|9,2,दगुस्यो ।
6|9,2,आधारमा लेख्नुहोस्‌ ।
6|8,2,आफनो विचार प्रस्तुत गर्नुहोस्‌ ।
6|7,2,"शन्बार्थ
"
6|10,2,"आफू
"
6|7,2,"(जा : वर्तमान : अपूर्ण पक्ष )
"
6|10,2,आधारमा व्याख्या गर्नुहोस्‌ ।
6|7,2,बुझाएका छन्‌ ।
6|10,2,110101000010000 0 सक्नुपर्छ ।
6|7,2,"त्यो पनि
"
6|8,2,बसेका छन्‌ ।
6|7,2,"नेपाली, कक्षा ६ 1. पु -
"
6|9,2,"अवस्थामा
"
6|7,2,"गरी तालिकामा भर्नुहोस्‌ :
"
6|8,2,भन्ने गाउँमा भएको थियो ।
6|8,2,बेच्ये ।
6|7,2,दियो ।
6|7,2,देखाउनुभयो ।
6|7,2,"१. सुनाइ पाठ १२ सुन्नुहोस्‌ र ठिक बेठिक छुट्याउनुहोस्‌ :
"
6|9,2,"राब्दभण्डार .
"
6|7,2,"| 4702 नेपाली, कक्षा ६
"
6|10,2,"सङ्कट
"
6|9,2,"आँखा
"
6|7,2,: हुन्छ सर ।
6|9,2,दिइएका छन्‌ ।
6|7,2,"५००७०५०५५५५०५५५५०५०५०५५५०५०५५५%०५५०५५५०५०५०५०५५०५०५०५५५०५०५५५५०५०५५५५०५०५०%०५५०५०१५०५०५०५०५०५०५००५०७०%%
"
6|10,2,"(सामान्य आदर)
"
6|10,2,"नेपाली, कक्षा ६ पि 2220.
"
6|7,2,"- मूलपाठ .
"
6|9,2,"तर पनि
"
6|10,2,लियो ।
6|9,2,पाउँछौँ ।
6|8,2,दिन्छु ।
6|9,2,लाग्थ्यो ।
6|8,2,लगाउँथे ।
6|8,2,हेरौँ न ।
6|7,2,दछ ।
6|10,2,पारेका थिए ।
6|10,2,लेखेका थिए ।
6|10,2,गर्नु ।
6|10,2,कारण हो ।
6|9,2,अवलोकन गर्न सकिन्छ ।
6|8,2,ख्याल गर्नुपर्छ ।
6|9,2,"महत्त्वपूर्ण
"
6|9,2,"बढी
"
6|9,2,"अन्धविश्वास
"
6|8,2,अवलोकन गर्नु (005९।
6|7,2,"1. वरिपरिका वस्तु वा घटनाको अध्ययन गर्ने
"
6|10,2,"क्रियाकलाप 1.2 मा
"
6|7,2,"३. प्रश्नहरूको सम्भावित उत्तरको अनुमान गर्ने
"
6|8,2,मिलाउनुपर्छ ।
6|8,2,हुन थाल्यो ।
6|8,2,"तालिका 1.4
"
6|7,2,घटना हो ।
6|7,2,नापिन्छ ।
6|9,2,"यहाँ, कोठाको लम्बाइ ॥"
6|9,2,० चे 17 1?
6|10,2,", तापक्रमको ।"
6|9,2,"(अ) 3,6005 (आ) 4,8005 (ई) 2,400 5 (ई) 6,000 5
"
6|9,2,"तरकारी,
"
6|9,2,"बनाउने
"
6|8,2,खर्चिलो हुन्छ ।
6|7,2,"परिभाषा
"
6|9,2,तर्क दिनुहोस्‌ ।
6|8,2,तर्कसहित पुष्टि गर्नुहोस्‌ ।
6|9,2,"ब्‌
"
6|7,2,"बो 3100050
"
6|10,2,"/550 8 17 ए-:-०८ ०, ४ ॥"
6|10,2,"०) पनि
"
6|9,2,"| प्र ""२
"
6|8,2,"(0), 90) आदि हुन्‌ ।"
6|10,2,"सिउँडी,
"
6|9,2,"क्‌
"
6|10,2,यिनीहरू पानीमा बस्छन्‌ ।
6|7,2,मुटुमा चारओटा कोठा हुन्छन्‌ ।
6|9,2,आफैँ बनाउन सक्दैनन्‌ ।
6|7,2,दई ॥
6|10,2,"सल्लो,
"
6|9,2,"अल्गी
"
6|10,2,"वनस्पति
"
6|9,2,द्वितीय उपभोक्ता हुन्‌ ।
6|10,2,"पारिस्थितिक प्रणाली (६८०५ 611)
"
6|9,2,"विच्छेदक
"
6|8,2,आवश्यक पर्दछ ।
6|9,2,"प्याङक्रियाज (001061205)
"
6|8,2,"6.2 बल (:००७)
"
6|9,2,"6.3 सरल यन्त्र (91111210 110016)
"
6|8,2,2. त्यो शक्ति कहाँबाट आयो ?
6|10,2,कठिन हुन्छ ।
6|10,2,"फेरि उक्त
"
6|8,2,रूपान्तरण हुन्छ ।
6|8,2,दैनिक जीवनमा हामीलाई विभिन्न रूपमा शक्तिको आवश्यकता पर्दछ ।
6|8,2,तातो हुन्छ ।
6|7,2,"वरिपरि
"
6|9,2,पाइन्थ्यो ?
6|7,2,) | फा ५०।
6|10,2,तरल 2?
6|8,2,परिवर्तन आउँछ ?
6|10,2,उत्पादन गर्न सकिन्छ ?
6|7,2,रूपान्तरण गर्न सकिन्छ ।
6|9,2,"कलको,
"
6|9,2,परिणत हुन्छ ।
6|7,2,"त्यस्तै विभिन्न
"
6|9,2,छुट्टिन्छन्‌ ।
6|7,2,". पिन 0508
"
6|10,2,छुट्याइन्छ ।
6|7,2,"१७ बालुवा
"
6|7,2,कक्षामा साथीहरूसँग छलफल गर्नुहोस्‌ ।
6|9,2,घोल्नुहोस्‌ ।
6|10,2,लगाउँछौँ ।
6|10,2,"तीमध्ये केही
"
6|8,2,यो पानीमा घुल्छ ।
6|10,2,हानिकारक हुन्छ ।
6|9,2,०$1७) हुन्छ ।
6|8,2,"४, .- प्रविधि ४
"
6|8,2,प्रदूषण हुन्छ ।
6|9,2,"वर्तमान समयमा
"
6|9,2,"उदाहरण उदाहरण
"
6|9,2,", ग्राफाइट आदि
"
6|7,2,"(क) धातु र अधातु
"
6|9,2,€ ६ता॥
6|9,2,उम्रन्छन्‌ ?
6|7,2,काट्नुहोस्‌ ।
6|10,2,"0 1408 1100 फक.
"
6|8,2,"ष्द..
"
6|7,2,यस ग्रहको उपग्रह छैन ।
6|7,2,"चित्र 11.13 शुक्र
"
6|7,2,"चित्र 11.14पृथ्वी
"
6|7,2,"यस ग्रहका
"
6|7,2,ओटा उपग्रहहरू रहेका छन्‌ ।
6|7,2,"चित्र 11.16 वृहस्पति
"
6|8,2,"हालसम्म
"
6|7,2,"चित्र 11.18 अरुण
"
6|8,2,तात्छ ।
6|7,2,"एकाइ-एक हामी र हाम्रो समाज
"
6|7,2,"पाठ ३ हाम्रा चाडपर्वहरू
"
6|8,2,"एकाइ-सात
"
6|9,2,"अक्षांश र देशान्तर
"
6|9,2,"नेपालको हावापानी
"
6|9,2,"प्राकृतिक वनस्पति
"
6|9,2,"जनसङ्ख्या व्यवस्थापन
"
6|7,2,"पाठ ४ सामाजिक सञ्जालको उचित प्रयोग २०१
"
6|9,2,१. समाज भनेको के हो ?
6|10,2,"सीमित
"
6|10,2,"व्यापक
"
6|9,2,"त्यसैले हाम्रो
"
6|9,2,"""- व्यवहार
"
6|8,2,"समह 'ग'
"
6|9,2,"विद्या,
"
6|7,2,"श्याम :
"
6|8,2,फरक छन्‌ ।
6|9,2,उत्कृष्ट नमुना हुन्‌ ।
6|10,2,भ्रमण गर्नुहोस्‌ ।
6|7,2,"अजय
"
6|7,2,"छलफल गरी निष्कर्ष
"
6|9,2,रहेको पाइन्छ ।
6|10,2,पुन्याउँछ ।
6|7,2,१. बालक्लब भनेको के हो ?
6|7,2,रुचि थियो ।
6|9,2,"१, कस्ता व्यक्तिलाई राष्ट्रिय व्यक्तित्व भनिन्छ ?"
6|7,2,खोजी गरेर कक्षामा प्रस्तुत गर्नुहोस्‌ ।
6|7,2,शब्द हुन्‌ ।
6|10,2,गरेको हुन्छ ।
6|7,2,"साथीसँग छलफल
"
6|8,2,"लोकतान्त्रिक
"
6|10,2,"बालबालिका :
"
6|10,2,"बालबालिकालाई
"
6|9,2,"जिल्लाकै
"
6|9,2,रूपमा उल्लेख गर्नुहोस्‌ ।
6|9,2,टिपोट तयार गर्नुहोस्‌ र कक्षामा प्रस्तुत गर्नुहोस्‌ ।
6|8,2,"अब हामी
"
6|10,2,बिक ।
6|8,2,"हनी
"
6|9,2,विवरण कक्षामा प्रस्तुत गर्नुहोस्‌ ।
6|9,2,"शान्ति
"
6|10,2,"रोजगारी
"
6|9,2,निष्कर्ष सुनाउनुहोस्‌ ।
6|10,2,"परिवारमा
"
6|7,2,निर्वाह गर्नुपर्छ ।
6|10,2,"पक्ष
"
6|9,2,सिर्जना हुन्छ ।
6|9,2,"रणबहादुर
"
6|10,2,आएका थिए ।
6|8,2,स्थापना गरे ।
6|8,2,स्थापना भयो ।
6|8,2,प्रभाव पार्छ ।
6|10,2,तालिकामा देखाइएको छ ।
6|7,2,सिर्जना भए ।
6|8,2,संस्थाको स्थापना भयो ।
6|10,2,"आर्थिक क्रियाकलाप :
"
6|9,2,जीवनस्तरमा सुधार आउँछ ।
6|9,2,पुग्छु ।
6|9,2,"यसका अतिरिक्त
"
6|8,2,समूहमा छलफल गरी निष्कर्ष प्रस्तुत गर्नुहोस्‌ ।
6|10,2,"सांस्कृतिक विविधता
"
6|9,2,"नेपालको तराई
"
6|8,2,उपयुक्त हुन्छ ।
6|9,2,उपयोग गर्न सकिन्छ ?
6|10,2,"करिब
"
6|8,2,"अन्डाको
"
6|9,2,"यो तह
"
6|9,2,"अक्षांश (1,116)
"
6|9,2,"देशान्तर (1,011711006)
"
6|9,2,सबैभन्दा ठुलो महादेश हो ।
6|7,2,तार?
6|9,2,"यस महादेशले
"
6|9,2,"यो महादेश दक्षिणी
"
6|9,2,पनि पाइन्छन्‌ ।
6|8,2,भागमा विभाजन गर्न सकिन्छ ।
6|10,2,"वर्षाको
"
6|8,2,कम वर्षा हुन्छ ।
6|10,2,१. हावापानी भनेको के हो ?
6|9,2,"वनस्पतिलाई
"
6|8,2,भागमा पाइन्छ ।
6|9,2,भएका हुन्छन्‌ ।
6|7,2,हेर्नुहोस्‌ है त !
6|10,2,"तर कहिलेकाहीँ
"
6|8,2,कारणले हुन्छ ।
6|9,2,बुलेटिन बोर्डमा टाँस्नुहोस्‌ ।
6|9,2,"जनसङ्ख्या गतिशील हुन्छ
"
6|9,2,"यो निरन्तर
"
6|9,2,"अभिलेख
"
6|8,2,जनसङ्ख्या परिवर्तन भइरहन्छ ।
6|8,2,"जनसङ्ख्या परिवर्तनका
"
6|10,2,"पुरुष
"
6|7,2,"देशमा
"
6|9,2,"राष्ट्र
"
6|9,2,"अन्तर्राष्ट्रिय
"
6|10,2,"अमेरिका
"
6|8,2,"गुगल
"
6|10,2,सघाउँछ ।
6|7,2,"सूचना प्रविधिका
"
6|7,2,हेर्नु हुँदैन ।
6|7,2,कमजोर हुन्छ ।
6|8,2,"असल
"
6|10,2,"चीनको
"
7|9,2,3. इमेल
7|10,2,देखि ।
7|10,2,कारणसहित पुष्टि गर्नुहोस् ।
7|10,2,पातलो हुन्छ ।
7|8,2,(ग) क्षार भनेको के हो ?
7|8,2,यसैबाट चाँदीको प्रशोधन गरिन्छ ।
7|10,2,हेट?
7|10,3,पुष्टि गर्नुहोस् ।
7|8,3,"व्यक्तिमा भएका अन्तर्निहित भावना, कल्पना मानवीय संवेगलाई कलात्मक ढङ्गले अभिव्यक्त गर्नु नै कला हो ।"
7|8,2,यसको महत्त्व लेख्नुहोस् ।
7|9,5,7. शिक्षकलाई देखाउनुहोस् ।
7|9,2,छलफल गरी पत्ता लगाउनुहोस् ।
7|8,2,(क) समूह ॥
7|9,3,(ख) 320 m?
7|9,3,| उदाहरण 1 (x?
7|8,2,4 लाई सङ्ख्या रेखामा कसरी देखाउन सकिन्छ ?
7|9,2,' र 0 लाई जोडनुहोस् ।
7|9,2,उक्त चित्रलाई ।
7|10,2,घत्तेरी !
7|9,2,"(2 सर्वाधिकार पाठयक्रम बिकास केन्द्र
"
7|9,2,"पाठ्यपृस्तकसम्बन्धी पाठकहरूका कनै पनि प्रकारका सझावहरू थएमा पाठयक्रम विकास
"
7|9,2,केन्द्र समन्वय तथा प्रकाशन आखामा पठाइदितृहन अवुरोध छ ।
7|9,2,"पाठकहरूबाट आउज्ने
"
7|8,2,श्री सुमन सिलवालबाट भएको हो ।
7|8,2,"खेल
"
7|8,2,"कलाको परिचय, रेखाचित्र र रङ
"
7|10,2,जोडिएको हुन्छ ।
7|10,2,"यस प्रक्रियामा
"
7|10,2,"मुटुले
"
7|10,2,टा।
7|10,2,निचोड प्रस्तुत गर्नुहोस्‌ ।
7|8,2,"१, सही उत्तरमा ठिक (५) चिहन लगाउनुहोस्‌ :
"
7|10,2,"२.१. सामुदायिक स्वास्थ्य
"
7|10,2,सामुदायिक स्वास्थ्य हो ।
7|10,2,"३ छा'ए ८8)
"
7|9,2,व्यवहार गर्नुपर्छ ।
7|9,2,"अरूको
"
7|8,2,"लागुपदार्थको
"
7|9,2,जोगिन सकिन्छ ।
7|10,2,"पुष्टि
"
7|8,2,"भिटामिन
"
7|8,2,"मोहन
"
7|10,2,"गीता
"
7|9,2,"ब्याक्टेरिया
"
7|9,2,"बचाउने
"
7|10,2,"सामान्य अवस्थामा
"
7|10,2,"आँखाको
"
7|9,2,"उपकरण
"
7|9,2,"नलाग्ने
"
7|10,2,"यदि यस्तो
"
7|10,2,"त्यस्तो
"
7|8,2,बताउनु भयो ।
7|10,2,"झमक्क साँझ
"
7|8,2,राखिन्‌ ।
7|9,2,लागिन्‌ ।
7|10,2,चलाउनुपर्छ ।
7|8,2,"यसको साथै
"
7|10,2,क” ॥
7|9,2,"अन्यास
"
7|8,2,रूप हो ।
7|10,2,"यस अवस्थामा
"
7|8,2,"यसको अभ्यासले
"
7|8,2,उदाहरणसहित लेख्नुहोस्‌ ।
7|8,2,"यस खेलमा
"
7|8,2,"(क) किकिङ (६101)
"
7|8,2,क्रिकेट ।
7|10,2,"ती त्र
"
7|8,2,"चित्रमा देखाए
"
7|8,2,"८.५ कबड्डी
"
7|8,2,"८.६ खोखो
"
7|9,2,कक्षाकोठामा छलफल गर्नुहोस्‌ ।
7|8,2,विभाजन गर्न सकिन्छ ।
7|10,2,लिइन्छ ।
7|9,2,सम्भावना हुन्छ ।
7|8,2,तबलाको ।
7|8,2,तवला बोल ।
7|9,2,सकिन्छ होला ?
7|8,2,"यो आठ मात्राले बनेको
"
7|8,2,यसको १ ताली र १ खाली हुन्छ ।
7|8,2,यो ताल ६ मात्राले बनेको हुन्छ ।
7|8,2,भन्ने गरिन्छ ।
7|10,2,लिने गरिन्छ ।
7|8,2,भावमा प्रयोग गरिन्छ ।
7|8,2,"कौडा,
"
7|10,2,"त्यसका लागि
"
7|8,2,गरिएको हो ।
7|10,2,"10ा८€5)
"
7|8,2,समूहहरू हुन्‌ ।
7|9,2,यसलाई सङ्केतमा ॥
7|9,2,"(क) ७54१ 2, 312,3-4[2, 3)
"
7|10,2,समूहको निर्माण गर्नुहोस्‌ ।
7|8,2,"1.3 उपसमूह (५००5९९)
"
7|8,2,"यसलाई 8० ले
"
7|10,2,"€ २००1 0०१ 0 01501 1/€1100)
"
7|8,2,"(क) 169 (ख) 324 (ग) 1225 (घ) 5625 (डङ) 1212 196
"
7|9,2,"२२ र गणित कक्षा ७
"
7|8,2,"(क) 7 (ख) 206 (ग) 9 (घ) 6 (ड) ०
"
7|9,2,"2 ै 2 उ
"
7|10,2,"तेस्रो
"
7|10,2,"ज््
"
7|9,2,"(क) 28, 42, र 50 (ख) 3,11, 33
"
7|10,2,"(ग) 6, 15 र 21 (घ) 20, 306 र 44
"
7|8,2,हटाउनुहोस्‌ ।
7|8,2,"यहा, (-2)- (55)
"
7|9,2,"(ग) -8 (घ) -6 (ङ) -1
"
7|8,2,पार गर्ला ?
7|8,2,"(ख) -9 (ग) 0 (घ) 11 (ङ) ""46
"
7|9,2,"255(45)1[ |५(-3)-5104
"
7|10,2,गरिएका छन्‌ ।
7|10,2,"हिन ७३
"
7|10,2,"तका | ०.
"
7|8,2,"दशमलव सङ्ख्या
"
7|8,2,"2. क ता, 12 213
"
7|9,2,"यहाँ जम्मा विद्यार्थी सङ्ख्या 548
"
7|8,2,"6.1 अनुपात (२१1०)
"
7|10,2,"6 गा]
"
7|9,2,"अनुपात पत्ता लगाउनुहोस्‌ :
"
7|8,2,"6.2 समानुपात (2101001101)
"
7|8,2,"तलको अवस्थाको अध्ययन गरी छलफल गर्नुहोस्‌ :
"
7|9,2,"सरु. 300
"
7|11,2,"अ रु. 21000 27
"
7|10,2,"अथवा 2105, - रु. 21000 ० 100
"
7|9,2,"5 रु. 20,000 - रु. 20,000 को 10%
"
7|8,2,"ऐकिक नियम
"
7|8,2,निकाल्ने ?
7|8,2,लगाउनुपर्ला ?
7|9,2,"--25,0-58र ८-5-4 भए
"
7|8,2,"प्रश्नहरूमा छलफल गर्नुहोस्‌ :
"
7|9,2,आयत 80: को क्षेत्रफल (॥
7|9,2,भुजा 60 0) हुन्छ ।
7|9,2,"अथवा 0 513050.6115 60 ता)
"
7|10,2,"समाधात
"
7|8,2,"(क) (ख) र
"
7|10,2,सतहको क्षेत्रफल पत्ता लगाउनुहोस्‌ ।
7|10,2,भरिएको छ ।
7|8,2,"8 पटक
"
7|8,2,वृत्तको व्यास (0) 5?
7|9,2,"3“. उ: 8268
"
7|10,2,२१२५ को क्षेत्रफल पत्ता लगाउनुहोस्‌ ।
7|9,3,कसरी पत्ता लगाउन सकिन्छ ?
7|8,2,"(४२ २2) (०२ 8) वर्ग एकाइ
"
7|8,2,"२ 2202 - 4,// - 6202 -/- 2172 "" 327
"
7|8,2,"रज ७०००
"
7|10,2,"[च) (३5५००-००- 1202) - (5०-३30)
"
7|8,2,"(घ) /, 5 (०५ - 05)0112
"
7|8,2,"१२ ५ 3274 922 (ज 422 - 620/ "" 902
"
7|9,2,"क्रमशः 74, 4, 17
"
7|9,2,"] १ क०
"
7|9,2,"ह १ 212
"
7|10,2,अथवा (२ क) ॥
7|9,2,"यदि ०-०-15 भए प्रमाणित गर्नुहोस्‌ :
"
7|8,2,"(क) 7721 002 (ख) (1 0 नन
"
7|10,2,"(क) २०० १/० (ख) (४-))
"
7|8,2,"कक्षामा छलफल गरी
"
7|9,2,कोठाको चौडाइ 5१ ॥
7|8,2,समीकरण भनिन्छ ।
7|9,2,"रु. 50 र रु. 300
"
7|8,2,"समूहमा छलफल गरी कक्षामा प्रस्तुत
"
7|8,2,(क) उक्त गणितीय वाक्यलाई समीकरणमा लेख्नुहोस्‌ ।
7|9,2,सी 3 ॥
7|8,2,"11. (क 142 (ख) 140 12. (क) 209 (ख) 1921
"
7|9,2,प्रयोग गरी २8 नाप्नुहोस्‌ ।
7|10,2,"चट)
"
7|8,2,"देखिएका
"
7|9,2,एउटा सिधारेखा ?
7|12,2,हुन ।
7|9,2,पा) क?
7|9,2,"दिइएको चित्रबाट ५ को मान पत्ता लगाउनुहोस्‌ :
"
7|9,2,"अब 2200 5 7% 572 18-5 2262
"
7|10,2,"8८ को रचना गर्नुहोस्‌ :
"
7|9,2,"7 रि र
"
7|10,2,5 (लम्ब)?
7|8,2,"न्रि
"
7|10,2,"शीर्ष
"
7|10,2,"1९ उाग))
"
7|8,2,एकाइ हुन्छ ।
7|9,2,देखाए जस्तै गरी पट्याउनुहोस्‌ ।
7|10,2,"कान
"
7|8,2,"ब्वज्तर
"
7|10,2,"२(-३, 2) को प्रतिबिम्ब ?"
7|10,2,"[0 1210 0702 02 01171ए112191
"
7|8,2,"20.1 दिशा स्थिति (8221118)
"
7|10,2,"” के
"
7|9,2,"क्त
"
7|8,2,"(ख) पानीको मुहान
"
7|8,2,"(घ) हाटबजार
"
7|8,2,"1111 1 गन,
"
7|10,2,"नदि
"
7|8,2,"संस्कृति, क्षेत्रपति सम्मान र समभावको विकास पनि आधारभूत शिक्षाका अपेक्षित पक्ष हुन्‌ ।"
7|9,2,"मेरो देश
"
7|9,2,"भाइलाई चिठी
"
7|8,2,"परिकल्पना
"
7|8,2,"मदर टेरेसा
"
7|10,2,गर्न लागे ।
7|10,2,"शब्द लेख्नुहोस्‌ :
"
7|9,2,लाग ।
7|10,2,"शिक्षित
"
7|10,2,"त्यसपछि उनले
"
7|9,2,"भएका
"
7|10,2,"वि.सं. १९९० फागुन ३० गते
"
7|9,2,"योगको
"
7|9,2,गर्नु आवश्यक छ ।
7|10,2,"सुधार
"
7|9,2,कर्जा ।
7|10,2,"मानसिक
"
7|10,2,समावेश गरिएको छ।
7|9,2,"(भूत काल)
"
7|9,2,"(वर्तमान काल)
"
7|9,2,"(भविष्यत्‌ काल)
"
7|8,2,"संसारका
"
7|9,2,"(श्रीमान्‌,
"
7|9,2,मिल्छ ।
7|10,2,सफल भएका छन्‌ ।
7|8,2,"पहिला
"
7|9,2,"जसलाई
"
7|10,2,आउन थाले ।
7|9,2,"शब्बार्थ
"
7|12,2,यत्तिले सबैको पेट कसरी भरिन्छ ?
7|12,3,यति खाएपछि सबैको पेट भरियो ।
7|12,2,"तिमीहरूले मिलेर खायौ, तिमीहरू सबैको पेट भरियो ।"
7|8,2,"राष्ट्रपतिले
"
7|8,2,"(्ख
"
7|9,2,"समयको
"
7|10,2,"पहिचान गरी भन्नुहोस्‌ :
"
7|9,2,"१, तल दिइएका शब्दको शुद्ध उच्चारण गर्नुहोस्‌ :
"
7|9,2,वाक्य पहिचान गरी लेख्नुहोस्‌ ।
7|9,2,"(निम्न आदर)
"
7|10,2,"(मध्यम आदर)
"
7|10,2,"उद्घोषक
"
7|10,2,गर्नु भन्ने बुझिन्छ ।
7|10,3,"(घन्टी बज्छ)
"
7|8,2,धन्यवाद दिन्छु ।
7|10,2,हुने गर्छन्‌ ।
7|10,2,"३. कोष्ठकमा दिइएका सडकेतका आधारमा वाक्य परिवर्तन गर्नुहोस्‌ :
"
7|10,2,"नेपाली, कल्ला ७
"
7|9,2,"कहर ४... 27
"
7|9,2,रूप हुन्‌ ।
7|10,2,गर्दछौँ ।
7|9,2,"शन्दार्थ
"
7|9,2,बक ।
7|9,2,"र | नेपाली, कक्षा ७
"
7|8,2,"त्यहाँको
"
7|10,2,"(कर्मवाच्य)
"
7|8,2,"प्रकृति
"
7|8,2,"छुट्याउनु
"
7|9,2,"सञ्चारका
"
7|8,2,"यो एक
"
7|9,2,खाइएको छ।
7|8,2,"तिनीहरूमध्ये कुनै
"
7|9,2,आवश्यक परे शिक्षकको सहयोग लिनुहोस्‌ ।
7|9,2,"वक विज्ञान तथा प्रविधि कक्षा
"
7|9,2,"637) गाजा
"
7|9,2,& [014।
7|10,2,($€61€60८1 910 1106) - ५ ॥
7|10,3,| त 10491112 01 172 ४९९९॥
7|9,2,प्रस्तुत गर्न सकिन्छ ।
7|10,2,जसका ॥
7|9,2,"फोटो
"
7|9,2,"रि विज्ञान तथा प्रविधि कक्षा
"
7|8,2,", [2011 0105), 9]729405166, ""/०10
"
7|9,2,(क) सूचना तथा सञ्चार प्रविधि भनेको के हो ?
7|10,2,देख्न सकिन्छ ।
7|10,2,पनि हुन्छन्‌ ।
7|9,2,का हुन्छन्‌ ।
7|9,2,"शन विज्ञान तथा प्रविधि कक्षा ७
"
7|10,2,"यस समूहका
"
7|10,2,कन हो ?
7|10,2,भन्दा सानो हुन्छ ।
7|8,2,"दैनिक
"
7|8,2,को नाम लेख्नुहोस्‌ ।
7|9,2,1200 10 मात्र हुन्छ ।
7|10,2,"6.2.1 गणितीय समस्या
"
7|8,2,गति (४6100119) -5 ?
7|10,2,दिइएका चित्र अवलोकन गर्नुहोस्‌ ।
7|10,2,"9110 175 11695प/6116171)
"
7|10,2,तौल (७/61211) - पिण्ड (1055) ?
7|10,2,८ गुरुत्व प्रवेग (॥
7|8,2,"गुरुत्व प्रवेग (8) 5 9.8 111/52
"
7|8,2,"तू ७ - 122.451:2
"
7|10,2,"अवस्था ३
"
7|9,2,"छलफल तथा तिष्कर्ष
"
7|8,2,तान्नुहोस्‌ ।
7|8,2,दिइएका चित्रहरूको अवलोकन गर्नुहोस्‌ ।
7|9,2,115 19 « 110 हुन्छ ।
7|9,2,"%/0०1( (%/)
"
7|9,2,"समय () 11:60 960 5- 3600 $
"
7|8,2,परिमाण हो ।
7|10,2,मध्ये कुन हो ?
7|8,2,कार्य गर्न सक्ने क्षमतालाई शक्ति (6161) भनिन्छ ।
7|9,2,"कोइला
"
7|10,2,"वदर विज्ञान तथा प्रविधि कक्षा
"
7|9,2,"३. फरक छुदयाउनुहोस्‌ :
"
7|8,2,"तापको
"
7|10,2,"समुद्री
"
7|8,2,"हर विज्ञान तथा प्रविधि कक्षा
"
7|9,2,"कारण
"
7|9,2,"यान्त्रिक तरङ्ग
"
7|9,2,तरङ्गलाई ट्रान्सभर्स तरङ्ग भनिन्छ ।
7|8,2,") ६ तरङ्ग लम्बाइ (9)
"
7|10,2,"आपतित कोण (1816 01 1101061८66)
"
7|10,2,एउटा बेलुन लिनुहोस्‌ ।
7|8,2,उत्पन्न हुन्छन्‌ ।
7|9,2,"यस क्रममा
"
7|10,2,"आकाशमा
"
7|10,2,अन्तर आउँछ ?
7|9,2,"गणितीय समस्याहरू
"
7|8,2,"पानीको घनत्व (0) - 1000 1(8/113
"
7|8,2,"तत्त्व (11)
"
7|10,2,"पप०३, ए95७७
"
7|10,2,"पाट
"
7|8,2,"अम्ल (१८1०)
"
7|8,2,"गरिएको छु :
"
7|8,2,"लवण (54)
"
7|8,2,(क) अम्ल भनेको के हो ?
7|10,2,बनाउन प्रयोग गरिन्छ ।
7|9,2,"(सब विज्ञान तथा प्रविधि कक्षा ७
"
7|10,2,"५. तामा
"
7|8,2,"प्याज, लसुन, तोरीको तेलमा पनि सल्फर पाइन्छ ।"
7|9,2,"चाँदी
"
7|9,2,पिण्डहरू हुन्‌ ।
7|8,2,"कडा
"
7|9,2,"रह विज्ञान तथा प्रविधि कक्षा
"
7|10,2,"चित्र 11.27 मा
"
7|9,2,"यो लगभग 77 3 2
"
7|8,2,पाठयक्रम विकास केन्द्र हार्दिक अनुरोध गर्दछ ।
7|10,2,"पाठ १० नक्सा कार्य ११२
"
7|9,2,"समूहमा छलफल गरी कक्षामा
"
7|9,2,"व्यक्तिले
"
7|8,2,"जसबाट
"
7|9,2,गरिन्छन्‌ ।
7|10,2,वक्तृत्वकला प्रतियोगिता सञ्चालन गर्नुहोस्‌ ।
7|9,2,गर्न सजिलो हुन्छ ।
7|9,2,खोजी गरी लेख्नुहोस्‌ ।
7|8,2,वातावरण सिर्जना हुन्छ ।
7|9,2,"मानव मूल्य
"
7|10,2,सञ्चालन गर्नुपर्छ ।
7|8,2,"गराउने
"
7|9,2,"यिनको संरक्षण र
"
7|9,2,"मेलमिलाप,
"
7|9,2,आधार हो ।
7|10,2,ष्ट हो ।
7|10,2,"पूर्वी
"
7|9,2,यसको स्थापना कहिले भएको थियो ?
7|8,2,"राज्यले
"
7|9,2,"जनशक्ति
"
7|8,2,"यो नै
"
7|8,2,"त्यसैले संविधानलाई देशको मूल कानुन
"
7|9,2,"बेलायतको संविधान
"
7|8,2,"मुख्य विशेषता निम्नानुसार छन्‌ :
"
7|10,2,"यसले मानव
"
7|10,2,"पार्नुहोस्‌ र कक्षामा प्रस्तुत गर्नुहोस्‌ :
"
7|10,2,मानव अधिकार भनेको के हो ?
7|10,2,पाउनुपर्छ।
7|8,2,आफ्नो विचार प्रस्तुत गर्नुहोस्‌ ।
7|10,2,प्रतियोगिता सञ्चालन गर्नुहोस्‌ ।
7|9,2,"सामाजिक अवस्था
"
7|9,2,"आर्थिक अवस्था
"
7|10,2,"बौद्ध ५
"
7|9,2,फैलिएका छन्‌ ।
7|10,2,सक्थ्यो।
7|10,2,कारणसहित उल्लेख गर्नुहोस्‌ ।
7|9,2,"(ख) उद्देश्य
"
7|9,2,"(ङ) निष्कर्ष
"
7|8,2,सकिएको छैन ।
7|8,2,भन्तिन्छ ।
7|8,2,हुन थाल्छ ।
7|8,2,"प्रकाश परेको
"
7|10,2,अवस्थामा रहेका छन्‌ ।
7|8,2,पुप्याउँछ ।
7|9,2,बसोबास रहेको छ ।
7|8,2,कल क्षेत्रफलको १५.१ प्रतिशत भूभाग ओगटेको छ ।
7|8,2,"पश्चिम
"
7|9,2,भइरहन्छ ।
7|9,2,"भिरालो जमिनमा
"
7|9,2,रोप्नुपर्छ ।
7|9,2,नक्सा सूचनाको स्रोत हो ।
7|10,2,जनसङ्ख्या भनिन्छ ।
7|10,2,बनोट भनिन्छ।
7|9,2,बसोबास गर्छन्‌ ।
7|10,2,ल्याउन सकिन्छ ।
7|8,2,बढाउन सक्छ ।
8|9,2,गति अनुपात -?
8|10,2,अणुहरू मिली पदार्थ बनेको हुन्छ ।
8|10,3,तातोपानी र चिसोपानी मिसाएमा त्यसको मिश्रणको तापक्रम फरक हुन्छ ।
8|10,3,यसको एउटा छेउ फुकेको हुन्छ ।
8|9,2,साधारण ॥
8|10,3,२. यो ताप र विद्युत्को राम्रो सुचालक हो ।
8|12,3,= छ?
8|10,6,गम ।
8|10,13,ाा?
8|9,2,मात्र ।
8|10,2,नै हो ।
8|11,2,हुन्न र ?
8|9,2,"यसबाट विद्यार्थीले पाठ्यक्रमद्वारा
"
8|10,2,"सिकाइ र विद्यार्थीको जीवन्त अनुभर्वावच
"
8|9,2,"तादात्म्य कायम गर्दे यसको सहज प्रयोग गर्न शिक्षकले सहजकर्ता, उत्प्रेरक, प्रवर्धक र खोजकर्ताका रूपमा
"
8|9,2,"पाद्यपुस्तकलाई अझै परिष्कृत पार्नका लागि शिक्षक, विद्यार्थी, अभिभावक,
"
8|10,2,[42:01] भनिन्छ ।
8|9,2,"स्नायु
"
8|10,2,फैलिएका हुन्छन्‌ ।
8|9,2,नियन्त्रण गर्छ ।
8|9,2,"यी हर्मोनले
"
8|10,2,"(अ) ११ (आ) २१ (इ) ३१ (ई) ४१
"
8|9,2,"७६ भक 040
"
8|9,2,गर्ने प्रविधि हो ।
8|9,2,"तनाव
"
8|10,2,पाएनन्‌ ।
8|10,2,बाहिर निस्कन्छ ।
8|9,2,"३. तलका प्रश्नका उत्तर लेख्नुहोस्‌ :
"
8|9,2,गर्नु हो ।
8|9,2,"सुरुमा
"
8|10,2,"दोस्रो
"
8|9,2,सुरक्षित हुन्छ ।
8|9,2,घटदै जान्छ ।
8|9,2,"प्रयोग
"
8|9,2,"त्यसैले यो
"
8|10,2,पानुहोस्‌ ।
8|10,2,"साहसिक पर्यटन
"
8|9,2,"धातु
"
8|10,2,राम्रो हुन्छ ।
8|10,2,"विज्ञान र प्रविधिको
"
8|10,2,"आवश्यकताअनुसार
"
8|9,2,पद्धति (110510 11619109) भनिन्छ ।
8|10,2,बढाउँछ ।
8|9,2,समावेश छन्‌ ।
8|9,2,[२001 पनि भनिन्छ ।
8|10,2,50 1001 8) € 0) छ) ।
8|9,2,"गा |
"
8|10,2,कारणसहित प्रस्ट पार्नुहोस्‌ ।
8|10,2,पनि हो ।
8|10,2,जस्तो हुन्छ ।
8|10,2,"पाठकबाट आउने सझावलाई
"
8|10,2,"साधारण ब्याज
"
8|10,2,"क्षेत्रफल र आयतन
"
8|10,2,"बीजीय भिन्न
"
8|10,2,विधिबाट लेख्नुहोस्‌ ।
8|10,2,"२ च [2, 10]
"
8|9,2,भैनचित्रमा देखाउनुहोस्‌ ।
8|9,2,"(ज) 5, र 5,
"
8|9,2,"चू्‌ 1 ० 102 2 2 ० 102 1 5 २ 101 - 6 ० 100
"
8|9,2,"निम्नलिखित प्रश्नहरूमा छलफल गर्नुहोस्‌ :
"
8|10,2,"न्64-48-2221
"
8|9,2,"“. 1001011, ज्‌ 75
"
8|10,2,लेख्न सकिँदैन ।
8|9,2,गर्न सकिँदैन ।
8|10,2,0043 खिचौँ ।
8|9,2,"(क) -२ (ख) 4.5 (घ) 1.758621357...
"
8|9,2,"(ख) 39000 5 3.9 ० 10000 - 3.9 ० 10“
"
8|10,2,"(घ) 3,579 ० 104 न
"
8|10,2,"उदाहरणा 1
"
8|10,2,"(च) 8.4 ० 10“
"
8|9,2,"4 वर्ष पछि
"
8|9,2,"गा, 122 न 24,00,000
"
8|9,2,"(घ) 31६8 र 850 1901)
"
8|9,2,"विकि
"
8|9,2,"र ङा
"
8|9,2,अङ्कित मूल्य (1?
8|9,2,"प्रश्नानुसार, 22,080
"
8|9,2,"सूत्रअनुसार,
"
8|9,2,अङ्कित मूल्य कति होला ?
8|10,2,"(क) रु.220 (ख) रु.2070 0. (क) रु.15500 (ख) रु.1250
"
8|9,2,"समय (घण्टा
"
8|10,2,लिइएको छ ।
8|10,2,सम्बन्ध ।
8|10,2,1. उत्तर शिक्षकलाई देखाउनुहोस्‌।
8|10,2,"त्यसका लागि उनले
"
8|10,2,ब्याज () 5 ?
8|9,2,"करै
"
8|10,2,लम्बाइ '४' छ।
8|9,2,"स्् 1 ""
"
8|9,2,"4-%९/13(' को क्षेत्रफल
"
8|9,2,"१ सू
"
8|10,2,"क ग
"
8|9,2,"2. दिइएका त्रिभुजको क्षेत्रफल पत्ता लगाउनुहोस्‌ :
"
8|9,2,"3. दिइएका चतुर्भुजको क्षेत्रफल पत्ता लगाउनुहोस्‌ :
"
8|9,2,"७ जुट
"
8|10,2,"अब हामीलाई थाहा छ,
"
8|9,2,"परिधि (0) 5 125.6 101
"
8|9,2,"(एच -22)
"
8|9,2,१८२ )८ १४ 5 (% १८ 2८) १८ (% १८ १ १८ १ १८ ८) 5 % १८ १८ 2 )८ 2 )८ % ?
8|10,2,"च 1226 252631 त 1 ०823 - 24
"
8|9,2,"चित्र न. 1 चित्र न. 2
"
8|9,2,"ग) 220 - 2 4 222) - 220 (घ) 22 4 32० 20४ न 3)
"
8|9,2,"10.1.2 (०२ - 72) स्वरूपका अभिव्यञ्जकको खण्डीकरण
"
8|10,2,"प०-0१ न(८-५०)(०- 0)
"
8|9,2,खण्डीकरण गर्नुहोस्‌ : ।
8|9,2,"न०“- 4)
"
8|10,2,"(0 -[ज)
"
8|10,2,"ध्य ११ ११ 90 90
"
8|10,2,"(ध) (601 9206- 2) न) (00 1५20 11५)
"
8|9,2,"त 0१4)”
"
8|9,2,"न (22 1 3)”
"
8|9,2,"(घ) 4024 204125$ (ङ) 9०60: 100 (च) 3622 ० 84 ० 49
"
8|10,2,"छ छा
"
8|9,2,"(क) २-५12,9$ 7 (ख) 25 24,959 11
"
8|10,2,"(क) 322-11%46 (ख) 2022-52-18
"
8|9,2,"न 20, $ 59
"
8|9,2,"दोस्रो अभिव्यञ्जक - 15:02
"
8|9,2,दोस्रो अभिव्यञ्जक त 2-३?
8|9,2,"तेस्रो अभिव्यञ्जक - ४22. 4:2-4
"
8|9,2,".. ल.स. च साझा गुणनखण्ड बाँकी गुणनखण्ड
"
8|9,2,"साझा गुणनखण्ड च (८: 5)
"
8|9,2,":. ल.स. च साझा गुणनखण्ड २» बाँकी गुणनखण्ड
"
8|10,2,"910 $प701792001) 0 41261012912 11901011 1912 5916
"
8|10,2,"सरल गर्दा अपनाइने प्रक्रियाका बारेमा साथीसँग
"
8|9,2,"ऐर 04
"
8|10,2,"अब समान हर भएका भिन्न बनाउनका लागि,
"
8|10,2,"अब यसको सरल गर्दा
"
8|9,2,"बैकल्पिक तरिका
"
8|10,2,"__ (८-4)(%-4-1)
"
8|10,2,"“15:16 _ ०53
"
8|9,2,"अब तालिकामा प्रस्तुत गर्दा,
"
8|9,2,"र :-) त 25............ (1)
"
8|9,2,"समीकरण (7) बाट
"
8|10,2,"1912 €009170115$ 10१ 9010117911011 11611100)
"
8|10,2,दिइएको चित्रमा 43//0) छ ।
8|9,2,"छ ए
"
8|10,2,(क) दिइएको चित्रमा !
8|10,2,"ग) 40, 60”, 809
"
8|9,2,"अब समकोण २३ मा,
"
8|9,2,7. ९ र)) जोडनुहोस्‌ ।
8|10,2,तथा ८३0 र 01२?
8|9,2,त्रिभुजहरू हुन्‌ ।
8|9,2,नाप पत्ता लगाउनुहोस्‌ ।
8|10,2,"(ग) 2१ 1) छ
"
8|9,2,(क) यसमा कतिओटा समतलीय सतह छन्‌ ?
8|10,2,दिइएका ठोस आकृतिहरू पिरामिडका हुन्‌ ।
8|10,2,"यसका आधारमा सोधिएका
"
8|9,2,दुरी कति होला ?
8|9,2,एकाइ छ ।
8|9,2,"अब, (,,०1) 5 (5, 0) र (१०, ४) 5 (0, 6) ॥"
8|10,2,",1) (ङ) (2,7) र (4,9) (च) (-8,7) र (-3,4)
"
8|10,2,भनी प्रमाणित गर्नुहोस्‌ ।
8|10,2,"न |
"
8|10,2,कसरी गर्ने होला ?
8|9,2,चित्रको अवलोकन गरी तलका प्रश्नको उत्तर दिनुहोस्‌ ।
8|9,2,तलको तालिकामा दिइएको छ ।
8|10,2,तालिकामा दिइएको छ ।
8|9,2,विभाजन गर्दछ ?
8|10,2,"मध्यिका पत्ता लगाउनुहोस्‌ :
"
8|10,2,"यसको कला
"
8|10,2,([आ।
8|9,2,"बिधि
"
8|10,2,"[ख)
"
8|9,2,"विज्ञान तथा प्रविधि, कक्षा ९ रे
"
8|9,2,[५.(.. _ 1?
8|9,2,प्रतिवेदन तयार गर्नुहोस्‌ र कक्षामा प्रस्तुत गर्नुहोस्‌ ।
8|9,2,"समानान्तर
"
8|10,2,"चित्र अवलोकन गरी तलका प्रश्नमा छलफल गर्नुहोस्‌ :
"
8|10,2,बरावर हुन्छ ।
8|9,2,संयुज्यता (४॥
8|9,2,"क्याल्सियम क्लोराइड
"
8|10,2,सगर ।
8|12,2,कुन हो ?
8|10,2,पेरियोडिक तालिका भनिन्छ ।
8|10,2,आधुनिक पेरियोडिक तालिका (१॥
8|9,2,विद्युत्‌का सुचालक हुन्छन्‌ ।
8|9,2,"विशेषता
"
8|9,2,प्रतिक्रिया भनिन्छ ।
8|9,2,"रासायनिक
"
8|10,2,(क) तत्त्वहरूको वर्गीकरण गर्न आवश्यक छ ।
8|10,2,[ग।
8|9,2,"हाइड्डोक्लोरिक अम्ल
"
8|10,2,"पानीमा
"
8|9,2,"(रक० विज्ञान तथा प्रविधि, कक्षा ८
"
8|10,2,अम्ल बन्छन्‌ ।
8|9,2,"रदु६ विज्ञान तथा प्रविधि, कक्षा ८
"
8|10,2,कुचालक हुन्छन्‌ ।
8|10,2,रूपमा प्रयोग गरिन्छ ।
8|10,2,कारण के के हुन्‌ ?
8|9,2,"र विज्ञान तथा प्रविधि, कक्षा ८
"
8|10,2,भएका हुन्‌ ।
8|9,2,"(इ) 13191169/ (ई) 12911420105
"
8|9,2,उदाहरणसहित व्याख्या गर्नुहोस्‌ ।
8|9,2,"(%झ)
"
8|9,2,लागेको हो ?
8|10,2,"चिन्न 7.7
"
8|9,2,प्रक्रियालाई के भनिन्छ ?
8|9,2,"तपाईँ
"
8|9,2,५1161655 1061) को छोटो रूप हो ।
8|9,2,सम्पर्क स्थापित भएको हुन्छ ।
8|10,2,प्रदशन गर्नुहोस्‌ ।
8|10,2,प्रयोग भइरहेको छ ।
8|9,2,"सजीवको
"
8|9,2,आकारको हुन्छ ।
8|9,2,असर पर्छ ?
8|9,2,"सृक्ष्मदर्शक यन्त्र
"
8|9,2,"विज्ञान तथा प्रविधि, कक्षा ८ सर
"
8|10,2,(9091001001) हुन सहयोग गर्छ ।
8|10,2,गइरहेको छ ।
8|9,2,"जैविक
"
8|10,2,[ङ)।
8|10,2,अ) 1.1% ।
8|10,2,"यसले प्राकृतिक
"
8|9,2,"४९ 7004 101 छ पानी
"
8|10,2,विकास हुन्छन्‌ ।
8|10,2,"वर विज्ञान तथा प्रविधि, कक्षा ८
"
8|10,2,अड्याउनुहोस्‌ ।
8|9,2,इ) €?
8|10,2,उड्छ।
8|9,2,"पार गरेको दुरी
"
8|9,2,"निश्चित दिशामा पार गरेको दुरी
"
8|9,2,"6.1.2 औसत गति (4९1'9४९ ९100)
"
8|9,2,प्रवेग (॥
8|9,2,"लागेको समय
"
8|9,2,"अन्तिम गति (४)-50
"
8|9,2,गतिह्वास (9) 5 ?
8|9,2,"लोड
"
8|9,2,अनुपात भनिन्छ ।
8|10,2,-1/७ हन्छ।
8|9,2,निष्कर्ष कक्षामा प्रस्तुत गर्नुहोस्‌ ।
8|10,2,5 012 हुन्छ भनी प्रमाणित गर्नुहोस्‌ ।
8|10,2,गर्ने आदि ।
8|10,2,देख्नुभयो ?
8|10,2,सम्बन्धित छन्‌ ।
8|9,2,आइपुग्छ ।
8|9,2,"यान्त्रिक
"
8|10,2,"हाम्रो दैनिक जीवनमा हरित
"
8|10,2,झ) पारिस्थितिक प्रणालीमा असन्तुलन पैदा गर्दछ ।
8|9,2,"तफ 910 ५०१०८९
"
8|9,2,"आवृत्ति 40
"
8|10,2,"त्यसैले यिनीहरूको
"
8|9,2,"विज्ञान तथा प्रविधि, कक्षा ८ रस
"
8|10,2,ङु।
8|9,2,"पाठ्यपुस्तकसम्बन्धी पाठकहरूका कुनै पति प्रकारका सझावहरू भएमा पाठ्यक्रम विकास
"
8|9,2,यस पुस्तकको विकास कार्यमा संलग्न सबैप्रति पाठयक्रम विकास केन्द्र धन्यवाद प्रकट गर्छ ।
8|9,2,"एकाइ-दुई
"
8|9,2,"एकाइ-तीन
"
8|9,2,"विकासका पूर्वाधार
"
8|10,2,"विविधतामा एकता
"
8|9,2,"संविधानको परिचय
"
8|10,2,"न्यायपालिका
"
8|9,2,"एकाइ -पाँच
"
8|10,2,"पाठ »
"
8|9,2,"सुशासन
"
8|9,2,"हाम्रो विगत
"
8|9,2,"वैदेशिक व्यापार
"
8|9,2,"एकाइ-नौ
"
8|9,2,"हाम्रो पृथ्वी
"
8|9,2,"जलवायु परिवर्तन
"
8|9,2,"जनसङ्ख्या र यसको व्यवस्थापन
"
8|9,2,"साइबर अपराध
"
8|10,2,"समसामयिक घटना
"
8|9,2,"नेपालले
"
8|9,2,विकासका पूर्वाधार भनेको के हो ?
8|10,2,धन्यवाद दिन चाहन्छु ।
8|9,2,चाहे ।
8|10,2,मान्छ ।
8|10,2,भनाइलाई पुष्टि गर्नुहोस्‌ ।
8|10,2,"प्ररियोजना कार्य
"
8|10,2,विविधता छ ।
8|10,2,"सम्पदा संरक्षणका उपायहरू
"
8|10,2,"ति ७ |
"
8|10,2,कायम हुन्छ ।
8|9,2,"नेपालको संविधान
"
8|10,2,"नेपालको सङ्घीय
"
8|10,2,"पहिलो हुने निर्वाचित हुने निर्वाचन
"
8|10,2,"राष्ट्रिय सभा
"
8|10,2,राष्ट्रिय सभाका सदस्यहरूको पदावधि छ वर्षको हुन्छ ।
8|10,2,संविधान र कानुनको व्याख्या गर्ने अन्तिम अधिकार सर्वोच्च अदालतलाई हुन्छ ।
8|9,2,"विकास
"
8|9,2,महत्त्वपूर्ण भूमिका रहन्छ ।
8|10,2,"समाजले
"
8|9,2,"देशको आर्थिक
"
8|10,2,"त्यसले
"
8|10,2,उपायहरू लेख्नुहोस्‌ ।
8|10,2,सञ्चालन गर्दै आएको छ ।
8|10,2,सङ्कलन गरी कक्षामा प्रस्तुत गर्नुहोस्‌ ।
8|12,2,राम्रो छ।
8|10,2,"खोजी गर्न
"
8|9,2,सबैलाई नमस्कार ।
8|9,2,विश्वास गर्थे ।
8|9,2,विकास भयो ।
8|9,2,परेको थिएन ।
8|10,2,"त्यसर्पाछ
"
8|10,2,१. पर्यटन उद्योग भनेको के हो ?
8|10,2,"वैदेशिक
"
8|9,2,वादविवाद प्रतियोगिता आयोजना गर्नुहोस्‌ ।
8|10,2,पृष्टि गर्नुहोस्‌ ।
8|10,2,रूपमा प्रस्तुत गर्नुहोस्‌ ।
8|9,2,निर्धारण गरिएको हुन्छ ।
8|10,2,"मार्च २१
"
8|10,2,सहयोग गरेको थियो ।
8|10,2,यसको स्थापना सन्‌ १९४७ मा भएको हो ।
8|10,2,"समय समयमा
"
8|9,2,"विपत्‌
"
8|9,2,"प्रदेश सरकार
"
8|9,2,गरिदिए ।
8|9,2,१. विपत्‌ भनेको के हो ?
8|9,2,"बसाइँसराइ
"
8|10,2,"नेपालको जनसङ्ख्याको बनोट
"
8|10,2,"आधारमा
"
8|9,2,"पहाडी
"
8|9,2,"प्राप्त
"
8|9,2,"१्‌.
"
8|9,2,के गर्नुपर्ला ?
8|9,2,प्रदान गरिन्छ ।
8|9,2,"फा € ) 90110195
"
8|10,2,"क्रियकलाप
"
8|10,2,१. समसामयिक घटना भनेको के हो ?
9|10,3,"अथवा, (x - 3)?"
9|10,2,यो कति प्रकारको हुन्छ ?
9|10,3,"एकाइ १ हामी र हाम्रो समाज १. सामाजिकीकरणको अवधारणासँग परिचित हुन र व्यवहारमा प्रदर्शन गर्न २. हाम्रा सामाजिक, सांस्कृतिक विविधताको पहिचान र सामाजिक एकता प्रवर्धन गर्न ३. हाम्रा राष्ट्रिय गौरवको पहिचान"
9|10,3,"As a x =f) \ /// | PF | || / खि) 0 /ु क. oer. 2) q 2 सामाजिकीकरण राउटे समुदायको सामाजिकीकरण अभियान सुर्खेत, पुस २२ ज्वाला “yee Kin सन्देश) i tom on स्थायी बसोबास, लेखपढ र 2 ८ क : खेती कार्यमा अनिच्छा "
9|10,3,"७,200 एल, 91) ( छन् | आफूले बनाएका काठका Be री li = ठेकी, आरीलगायतका सामान ee 10 “म फि्याकका पदर स्थानीयलाई उपहार दिने र स्थानीयबाट खाद्यान्यलगायतका आवश्यक सामग्री उनीहरूले लाने तथा अन्तर्राक्रयात्मक "
9|10,3,आफूलाई बोटको राजा र अरूलाई कोटको राजा भन्न रुचाउने राउटेले कोट लगाएका छन् ।
9|10,3,राउटे समुदायको सामाजिकीकरण अभियानअन्तरर्गतको कार्यक्रममा कर्णाली प्रदेश सामाजिक विकास मन्त्रालयले वितरण गरेको कोट लगाएका हुन् ।
9|10,3,राउटे बस्तीमा स्थानीयहरूले सहभोज पानि गरेका छन् ।
9|10,3,"कर्णाली प्रदेशका पहाडी जङ्गलमा फिरन्ते जीवनयापन गर्ने राउटे समुदायको सामाजिकीकरण कार्यलाई अभियानका रूपमा सुर्खेतको लेकबेसी नगरपालिका, दैलेखको गुराँस गाउँपालिकामा सञ्चालन गरिएको हो ।"
9|10,3,सरकारले राउटै समुदायका प्रत्येक व्यक्तिलाई मासिक भत्ता दिँदै आएको छ ।
9|10,3,पहिले रुपयाँ पैसा लिँदा देवता रिसाउँछन् भन्ने राउटे समुदाय अहिले सजिलै उपहार पैसा स्विकार गर्दछन् | आफ्नो मातृभाषाबाहेक अरू भाषा नजान्ने उनीहरूले हाल नेपाली भाषामा राम्रैसँग बोल्न सक्छन् ।
9|10,3,"सरकारी तथा गैरसरकारी संस्थाको प्रयासले राउटेहरूले अरू समुदायसँग घुलमिल हुन सिकेका, बिस्तारै व्यवहार परिवर्तन गरेका र सामाजिकीकरणमा प्रगति भएको गुराँस गाउँपालिका अध्यक्ष बताउनुहुन्छ ।"
9|10,3,SS सामाजिक अध्ययन; कक्षा-१0 छलफलका लाणि प्रश्न (क) राउटे समुदायका के के विशेषता छन् ?
9|10,3,(@) Wed समाजसँग घुलमिल नहुँदा उनीहरूले कस्ता समस्यासँग सामना गर्नुपरेको छ ?
9|10,3,"(ग) राउटे समुदायले उनीहरूबाहेकको समुदायसँग सहकार्य, समन्वय र सहयोगको आदान प्रदान गर्ने किन आवश्यक छ ?"
9|10,3,मानिस समाजमा जन्मन्छ र हुर्कन्छ | मानिसले समाजमा विविध पक्षसँग साक्षात्कार गर्ने अवसर प्राप्त गर्दछ ।
9|10,3,उसले सामाजिकपनको विकास गर्दै मानव जीवनका लागि आवश्यक गुण पनि आर्जन गर्दछ | तसर्थ मानिसका लागि समाज अर्पारहार्य हुन्छ अर्थात् समाजबिना मानव जीवन अर्थहीन हुन्छ | जन्मदेखि जीवनको अन्तिम घडीसम्म मानिसले स
9|10,3,"यस क्रममा उसले व्यवहार सिक्छ, सिप आर्जन गर्दछ, आफ्नो जिम्मेवारी वहन गर्दछ र समाजको असल नागरिक तथा सदस्यका रूपमा स्थापित हुन्छ | अत. समाजका हरेक सदस्यले समाजका मूल्य मान्यता ग्रहण गर्ने, मेलमिलाप, सहका"
9|10,3,एक जैविक प्राणीलाई सामाजिक » क. व्यक्तिका रूपमा रूपान्तरण गर्नका ०३” ₹ ८ लागि अवलम्बन गरिने सम्पूर्ण aes ame प्रक्रिया नै सामाजिकीकरण हो | समाजले ॥
9|10,3,"he Tie Ve स्वीकार गरेका मूल्य मान्यता, सिद्धान्त, क) ""० आदर्श, व्यवहार ग्रहण गर्दै समाजमा — fF अन्तरघुलन हुनु पनि सामाजिकीकरण 071 Tae हो | सामाजिकीकरण समाजमा विद्यमान संस्कृति र यसका विभिन्न पक्षहरू ज"
9|10,3,शिक्षकबाट प्राप्त ज्ञान सिप र असल मूल्य मान्यताको अभ्यास गर्दै विद्यालयले विद्यार्थीको सामाजिकीकरणमा मदत गरेको हुन्छ ।
9|10,3,"दौतरी समूह : समान उमेर र तहका साथीहरू दौँतरी हुन् | विद्यालय आवतजावत, खेलकुद, मनोरञ्जनका कार्य गर्दा उनीहरूबिच सहजै अन्तरघुलन हुनुका साथै सामाजिक व्यवहारको आदान प्रदान हुन्छ | सहयोग, सहकार्य, मेलमिलाप"
9|10,3,"(घ) साँस्कृतिक गतिर्वृध : समुदायमा हुने विभिन्न जात्रा, मेला, पर्व जस्ता सांस्कृतिक गतिविधिले पनि सामाजिकीकरणमा मदत पुरयाइरहेका हुन्छन् | यीबाहेक छिमेकी, स्थानीय सड्घसंस्था, सहकारी, सञ्चारका साधन, हाट"
9|10,3,"यस्ता माध्यम र निकायबाट सामाजिक परम्परा, रीतिरिवाज, मूल्यमान्यता, सहयोग, सम्मानलगायतका व्यवहार सिक्दै समाजमा घुर्लामल हुन सकिन्छ ।"
9|10,3,चामाजिक अध्ययन कक्षा-10 aes क्रियाकलाप १. तपाईँ र तपाईँका मिल्ने साथीसँग के के सामाजिकीकरणका सिप छन् ?
9|10,3,एक अर्कामा तुलना गर्नुहोस् : मसँग रहेका सामाजिकीकरणका सिप | साथीसँग रहेका सामाजिकीकरणका सिप २. घर परिवारबाट तपाइँले सिकेका सामाजिकीकरणका गतिविधि सम्बन्धमा चित्र वा लेखका माध्यमबाट कक्षामा अभिव्यक्त गर
9|10,3,२. सामाजिकीकरणको महत्त्व उल्लेख गर्नुहोस् ।
9|10,3,"३. प्रेम र स्नेहले सामाजिकीकरणमा कसरी सहयोग गर्छ, प्रस्ट पार्नुहोस् ।"
9|10,3,"४. सामाजिकीकरणका माध्यम वा निकाय के के हुन्, तीमध्ये तपाइँका विचारमा सबैभन्दा महत्त्वपूर्ण निकाय वा माध्यम कृत हो र किन ?"
9|10,3,५. मानिस जैविक प्राणीबाट कसरी सामाजिक प्राणीमा रूपान्तरण हुन्छ ?
9|10,3,६. तपाइँले आफ्नो घर छिमिकमा कस्ता सामाजिकीकरणका अभ्यास गर्नुभएको छ ?
9|10,3,"ती अभ्यासले सामाजिकपनको विकास गर्न कसरी मदत पुस्याएका छन्, लेख्नुहोस् ।"
9|10,3,सामुदायिक कार्य छिमेकको कुनै एक घरका क्रियाकलाप अवलोकन गर्नुहोस् र तपाईँको परिवारमा भएका सामाजिकीकरणका अभ्याससँग तुलना गरी प्राप्त विवरण कक्षामा प्रस्तुत गर्नुहोस् ।
9|10,3,LS kwh al ara अध्ययत; FeT-Jo कक्षा १० मा शिक्षकले विभिन्न शीर्षकमा समूह कार्य गराउनु भएको थियो ।
9|10,3,तीमध्ये हाम्रा पहिचान भन्ने विषयमा विद्यार्थीको एक समूहले तयार पारेको विवरण यसप्रकार रहेको छ : 004 0 || || || ७ : | त | (कछ) nd हा ॥
9|10,3,"""९ J te , a ; 4 7 पहिचान के हो?"
9|10,3,"हरेक व्यक्ति, समुदाय र राष्ट्रको आआफनै किसिमको फरक फरक र साझा पहिचान हुन्छ | व्यक्ति र समुदायको पहिचान भाषा, संस्कृति, धर्म, जाति, भुगोल आदिका आधारमा बन्छ | पहिचानले व्याक्त र समुदायका विशिष्टतालाई जन"
9|10,3,"हामी सबैको आफनै वैर्याक्तक, जातीय, भाषिक, लैङ्गिक, धार्मिक, क्षेत्रीय पहिचान भए पनि हाम्रो राष्ट्रिय पहिचान नेपाली हो ।"
9|10,3,"पहिचानले अधिकार प्राप्ति, समावेशिता र सामाजिकीकरणमा मदत पुच्याउँछ | साथै यसले संस्कृति र संस्कारको निरन्तरता तथा संरक्षण गर्न मार्ग प्रशस्त गर्दछ ।"
9|10,3,तसर्थ पहिचानको महत्त्वपूर्ण भूमिका रहेको छ ।
9|10,3,सामाजिक अध्ययन कक्षा-१० हिर्छल्ा हाम्रा विविध पहिचान माथि चार्टमा उल्लेख गरिएका विषय नेपाल र नेपालीका पहिचान हुन् जसलाई निम्नानुसार व्याख्या गर्न सकिन्छ ।
9|10,6,(क) राष्ट्रिय पहिचान : नेपाल दाक्षिण एसियाको एक भृपरिवेष्टित राष्ट्र हो ।
9|10,6,नेपाल विविधतायुक्त विशेषता बोकेको राष्ट हो ।
9|10,6,"भूस्वरूपदेखि हावापानी, जातजातिदेखि भाषा र धर्ममा विविधता रहेको छ ।"
9|10,3,"नेपालको संविधानमा पनि नेपाललाई बहुजातीय, बहुभाषिक, बहुधामिक, तथा बहुसांस्कृतिक"
9|10,3,विषय नेपाल र नेपालीका पहिचान हुन् जसलाई निम्नानुसार व्याख्या गर्न सकिन्छ ।
9|10,3,"नेपालको संविधानमा पनि नेपाललाई बहुजातीय, बहुभाषिक, बहुधामिक, तथा बहुसांस्कृतिक राष्ट्र भनी परिभाषित गरिएको छ | भाषा, संस्कृति, वेशभूषा आदि हाम्रा राष्ट्रिय पहिचान हुन् ।"
9|10,3,राष्ट्रिय पहिचानले हाम्रा राष्ट्रिय गौरव वृद्धि गरेका छन् ।
9|10,3,(ख) जातीय पहिचान : नेपालमा रहेको विविधतामध्ये जातीय विविधता पनि एक हो ।
9|10,3,"नेपालमा विभिन्न जातजाति , भाषाभाषीको बसोबास भएकाले नेपाली समाजलाई बहुल समाजका रूपमा चिनिन्छ ।"
9|10,3,"नेपालको जनगणना, २०६८ अनुसार नेपालमा १२५ जातजातिको बसोबास रहेको छ ।"
9|10,3,"नेपालका मुख्य जातजाति र समुदायमा क्षेत्री, ब्राहमण, मगर, थारू, नेवार, तामाङ, Wes, यादव, stead, मुस्लिम आदि हुन् (ग) भाषिक पहिचान : भाषिक विविधता नेपालको एक महत्त्वपूर्ण पहिचान हो ।"
9|10,3,जनगणना २०६८ को तथ्याडकअनुसार नेपालमा १२३ भाषा छन् | नेपालको संविधानले दे वनागरी लिपिमा लेखिने नेपाली भाषा नेपालको सरकारी कामकाजको भाषा हुने उल्लेख गरेको छ ।
9|10,3,नेपाली भाषाका आतिरिक्त प्रदेशले आफ्नो प्रदेशभित्र बहुसङ् ख्यक जनताले बोल्ने एक वा एकभन्दा बढी अन्य राष्ट्रभाषालाई कामकाजको भाषा निर्धारण गर्न सक्ने अधिकार प्रत्याभूत गरेको छ ।
9|10,3,(घ) धार्मिक पहिचान : धर्मसँग व्यक्ति र समुदायको पहिचान जोडिएको हुन्छ | नेपाल हिन्दु धर्मावलम्बी अधिक भएको देश हो ।
9|10,3,"नेपालको जनगणना, २०६८ अनुसार नेपालमा १० ओटा धर्म मान्ने मानिसको बसोबास रहेको छ ।"
9|10,3,"जसअनुसार हिन्द ५१.३४%, बौद्ध ९.०४%, इस्लाम ४.३९%, किराँत ३.०५%, क्रिस्चियन १ ४२%, प्रकृति ०.५%, बोन ०.०४%, जैन ०.०१%, बहाई ०.०१% र शिखको ०.०१% जनसङ्ख्या रहेको छ ।"
9|10,3,नेपालमा विभित्त्न धार्मिक समुदाय रहे तापनि धार्मिक सहिष्णुता कायम रहँदै आएको छ।
9|10,3,"= ess, सामाजिक अध्ययत FeT-Io (ङ) लैङ्गिक पहिचान : व्यक्तिको आआफूनै लैगिक पहिचान हुन्छ | महिला, पुरुष र लैङ्गिक तथा यौनिक अल्पसङ्ख्यक गरी तीन थरिका लैङ्गिक पहिचान हुन्छन् | लैडगिक तथा यौनिक अल्पसङ्ख्यक"
9|10,3,(च) अपाङ्गता : व्यक्तिको पहिचान उसको शारीरिक तथा मानसिक अवस्था र प्रकृतिको फरकपनमा पनि आधारित हुन्छ ।
9|10,3,"अपाङ्गता भएका व्यक्तिको अधिकारसम्बन्धी एन, २०७४ अनुसार अशक्तताको गम्भीरताका आधारमा अपाड्गतालाई शारीरिक, दृष्टिसम्बन्धी, सुनाइसम्बन्धी, श्रवण दृष्टिविहीन, स्वर र बोलाइसम्बन्धी, मानसिक वा मनोसामाजिक, बौ"
9|10,3,"साथै अशक्तताको गम्भीरताका आधारमा अपाडगतालाई पुर्ण अशक्त, अति अशक्त, मध्यम र सामान्य गरी चार प्रकारमा विभाजन गरिएको छ ।"
9|10,3,व्यक्तिमा अपाडगता भए पनि उनीहरूले विभिन्न किसिमका क्षमता विकास गरी देश विकासमा सहयोग गरिरहेका हुन्छन् ।
9|10,3,"अत: हाम्रो पहिचान व्यक्ति, समुदाय र राष्ट्रसँग जोडिएको हुन्छ | पहिचान आफूलाई चिनाउने र जीवन जिउने एक आधार पान हा ।"
9|10,3,"यसले व्यक्तलाई कर्तव्य बोध गराउने, अनुशासनमा रहन प्रेरित WA, समुदाय र राष्ट्रप्रति Beas जागृत गराउने कार्य गर्दछ | पहिचानले राष्ट्रलाई विश्व समुदायमाझ परिचत गराउँछ | हामीले आफनो पहिचान कायम राख्दै राष"
9|10,3,क्रियाकलाप १. तपाइँले हाम्रा पहिचानको अध्ययन गरेको तथा आफ्नो सिकाइ र अनुभवका आधारमा
9|10,3,"रहन प्रेरित WA, समुदाय र राष्ट्रप्रति Beas जागृत गराउने कार्य गर्दछ | पहिचानले राष्ट्रलाई विश्व समुदायमाझ परिचत गराउँछ | हामीले आफनो पहिचान कायम राख्दै राष्ट्रलाई चिनाउने र आफ्नो मौलिक धर्म र संस्कृति"
9|10,3,क्रियाकलाप १. तपाइँले हाम्रा पहिचानको अध्ययन गरेको तथा आफ्नो सिकाइ र अनुभवका आधारमा निम्नलिखित तालिका पूरा गरी कक्षामा प्रस्तुत गर्नुहोस् : शीर्षक कुन ?
9|10,3,पाठमा उल्लेख गरिएबाहेक तपाईँ र तपाईँको समुदायको कुनै एक पहिचान तपाईँसँग सम्बन्धित नेपाली पाहिचानमध्ये तपाईँले परिचय दिन चाहने कुनै एक पहिचान चामाजिक अध्ययन कक्षा-10 [ree Weg] २. वर्तमान युगमा बढ्दो वि
9|10,3,"४. दिइएको तालिकामा भाषा आयोग, २०७८ ले सरकारी कामकाजका लागि प्रदेशमा सिफारिस गरेको भाषा प्रस्तुत गरिएको छ ।"
9|10,3,यसको कार्यान्वयन गर्दा देशमा पर्न सक्ने सकारात्मक प्रभावको सूची बनाई कक्षामा प्रस्तुत गर्नुहोस् ।
9|10,3,"प्रदेश सिफारिस गरिएका भाषा मैथिली र लिम्बु मैथिली, भोजपुरी र वाज्जका बाग्मती प्रदेश नेपाल भाषा र तामाङ गण्डकी प्रदेश मगर, भोजपुरी र गुरुङ लुम्बिनी प्रदेश थारू र अवध सुदुरपश्चिम प्रदेश डोटयाली र थारू अ"
9|10,3,पहिचानको महत्त्व उल्लेख गर्नुहोस् ।
9|10,3,२. “पहिचान आफूलाई चिनाउने आधार हो ।
9|10,3,” उदाहरणसहित प्रस्ट पार्नुहोस् ।
9|10,3,३. यौनिक तथा लैङ्गिक अल्पसङ्ख्यकको पहिचान र सम्मानका लागि के गर्नुपर्दछ ?
9|10,3,आफ्ना धारणा प्रस्तुत गर्नुहोस् ।
9|10,3,४. अपाङ्गता भएका व्यक्तिको पहिचान र अवसर वृद्धि गर्न तपाइँ रहेको स्थानको स्थानीय सरकारले के कस्ता कार्यक्रम सञ्चालन गर्दै आएको छ ?
9|10,3,खोजी गरी प्रस्तुत गर्नुहोस् ।
9|10,3,2 जे थिम सामाजिक अध्ययत; कक्षा-१० 3 | विविधतामा एकता आज शिक्षकले पत्रपत्रिकामा छापिएका समाचार र लेखका केही अंश लिएर कक्षाका विद्यार्थीलाई अध्ययनका लागि समूहमा वितरण गर्नुभएको छ ।
9|10,3,विद्यार्थीले ती सामग्री उत्सुकताका साथ पढ्दै एकआपसमा छलफल पनि गर्दै छन् ।
9|10,3,"पत्रपत्रिकाका केही नमुना अँश यसप्रकार परस्तृत गरिएको छ : जु सोचौँ, विविधतामा रमाऔँ | विविधताले फरकपनलाई जनाउँछ | नेपाल — विभिन्न जातजाति र भौगोलिक विविधतासहित Dy 0 a figs) -- बहुसांस्कृतिक, बहुभाषिक र"
9|10,3,¥ 4a} 4 | \v my हो ।
9|10,3,"नेपालमा सामाजिक, भाषिक, सांस्कृतिक, ‘Dig Va \/ | परम्परागत र धार्मिक विविधताहरू छन् | 1 = Ou विविधताको यो विशेषताले हाम्रो देशलाई ; ry विश्वमा चिनाएको छ ।"
9|10,3,"जातजाति, धर्म, भाषा, संस्कृति हाम्रा पहिचान हुन् ।"
9|10,3,नेपालीहरूविच सदियौँदेखि एकआपसमा विश्वास र समानता रहेको पाइन्छ | एकले अर्कोलाई हेयका दृष्टिले हेर्ने र नकरात्मक सोच कहिले पनि राखेको पाइँदैन ।
9|10,3,"आपसी मेलमिलाप, सहकार्य, समन्वय र समानताका व्यवहार नेपाली समाजका विशेषता हुन् ।"
9|10,3,विविधताले नेपाली एक्यबद्धतालाई जनाउँछ ।
9|10,3,"यहाँ रहेका १२५ जातजाति, १२३ भाषा र १० धामिंक सम्प्रदायका व्याक्तलाई स्वतन्त्रता, सार्वजनिक क्षेत्रमा भिन्नता व्यक्त गर्ने अधिकार प्राप्त छ ।"
9|10,3,"विविधताले राष्ट्रका परम्परा एवम् रीतिथिति, मौलिक संस्कृति र चालचलनको संरक्षण गर्दछ | यसले आपसी सदभाव र प्रेम, एकता तथा शान्ति, विकास र समृद्धिको AMT सुनिश्चित गर्छ | विविधतामा एकता, नेपालको विशेषता ने"
9|10,3,"आफ्ना जात, WA अध्ययन कक्षा-१० hee tea भाषा र धमअनुसार ATT विविध"
9|10,3,"एकता तथा शान्ति, विकास र समृद्धिको AMT सुनिश्चित गर्छ | विविधतामा एकता, नेपालको विशेषता नेपाल भौगोलिक तथा सांस्कृतिक विविधता र एकता भएको विश्वको एक महत्त्वपूर्ण र ष्ट्र हो | नेपाली समाजमा रहेका अधिकां"
9|10,3,"आफ्ना जात, WA अध्ययन कक्षा-१० hee tea भाषा र धमअनुसार ATT विविध प्रकारका सांस्कृतिक मूल्यमान्यता र (: ५ लि)» नेपाल गतिविधि छन् ।"
9|10,3,एक जातले अर्को जातको (| हे केक धर्म र संस्कारको सम्मान गर्ने परम्परा छ।
9|10,3,"७ ७. = हिन्दु, aig, इसाई धर्मलगायतका धार्मिक ७५१ 4000 (2?"
9|10,3,0) 00 र ती) विविधता छ ।
9|10,3,"त्यसैले हाम्रो देश नेपाल cd tn ae बहुधार्मिक, बहुसांस्कृतिक विविधतायुक्त देश भएर पनि विविधतामा एकतामा बाँधिएको मुलुक हो | सबै जातजाति, धर्म, भाषाभाषीलाई राज्य प्रणालीमा समानुपातिक सहभागिता सुनिश्चित ग"
9|10,3,धार्मिक सहिष्णुता र जातीय सद्भावको महत्त्वका विषयमा जनचेतना जगाई नेपालीको विविधतामा एकताको विरासतलाई wit युगसम्म निरन्तरता दिन सकिन्छ | शिक्षक: समूहमा अध्ययन र छलफल गर्नुभयो होइन त भाइबहिनी : ल अब हाम
9|10,3,तपाईँले भेटेका अस्पष्टता र मनमा लागेका क्रा मलाई सोध्न सक्नुहुन्छ ।
9|10,3,"रमिला: सर, हामीले समूहमा अध्ययन र छलफल पनि TST तर केही कुरामा स्पष्ट हुन सकेनौँ जस्तै कतिपय जातजातिबिचमा असमानता रहेको पाइन्छ ।"
9|10,3,"यसले विविधतामा एकताको भावनालाई कमजोर पार्छ नि, होइन र ?"
9|10,3,आजय : नेपालको संविधानले जातीगत विभेद गर्नेलाई कस्तो सजाय हुने कुरा उल्लेख गरेको छ ?
9|10,3,शिक्षक: तपाईँहरूले सही क्राको उठान गर्नुभयो | विविधतामा एकता नेपालको पहिचानकोरुपमा रहेको छ ।
9|10,3,"रमिलाले भने जस्तो कतिपय व्यक्तिमा त्यस्तो चिन्तन देखिन्छ तर देशमा आएको राजनीतिक, आर्थिक परिवर्तन र चेतनाको स्तर वृद्धिले समानतालाई स्थापित गरिरहेको छ ।"
9|10,3,अर्को कुरा अजयले भने जस्तै नेपालको संविधानले जातिगत विभैद गर्नेलाई अपराध किटान गरेको छ ।
9|10,3,"नेपालको विशेषता विविधतामा एकता नै हो | करण: सर, भाषा र संस्कृति तथा रहनसहन हाम्रा मौलिक पहिचान हुन् ।"
9|10,3,यी त क्षेत्र र जातजाति तथा धर्मअनुसार फरक फरक पर्न हुन्छन् | यस्तो विविधताको वातावरणमा कसरी एकता कायम भएको छ त ?
9|10,3,2 जनक सामाजिक अध्ययन; कक्षा-१० ST: were सवाल पानि आजभोलि चर्चामा छन् ।
9|10,3,महिला पुरुषका आतरिक्त लैडगिक तथा यौनिक अल्पसङ्ख्यक पानि छन् ।
9|10,3,"तिनीहरूको आवाज र पहिचानलाई स्विकार गर्दै विविधताको एकतालाई थप मजबृत बनाउन सकिन्छ, होइन त सर ?"
9|10,3,"शिक्षक : धेरै राम्रो, तपाइँहरूलाई धन्यवाद पनि ।"
9|10,3,नेपाली समाजमा धेरै भाषा छन् र यहाँ बोलिने सबै मातृभाषालाई राष्ट्रभाषा मानी सम्मान गरिएको छ ।
9|10,3,नेपालमा धार्मिक विविधताका साथै धार्मिक स्वतन्त्रता पनि छ ।
9|10,3,एक धर्म मान्ने ले अर्को धम मान्नेलाई सम्मान गरिन्छ ।
9|10,3,"सामाजिक रीतिरिवाज, चालचलन, वेशभूषा, मूल्यमान्यता, मयादामा विविधता एवम् स्वतन्त्रता छ | एक जाति, समुदायले अर्को जाति समुदायको संस्कृति तथा परम्परालाई सम्मान एवम् संरक्षण गर्दै आएको पाइन्छ ।"
9|10,3,"नेपालमा जाति, भाषा, धर्म, समुदायमा रहेको विविधताका आतरिक्त एकले अर्कोलाई सम्मान गर्ने, अस्तित्व स्वीकार गर्ने परम्परा रहेकाले विविधतामा एकता छ ।"
9|10,3,लैड्कगक सवालका सन्दर्भको कुरा गर्दा लैङ्गिक तथा यौनिक अत्पसङ्ख्यकको अधिकारलाई पनि कानुनी एवम् व्यावहारिक तवरले सम्बोधन गरिएको छ | नागरिकतालगायत सरकारी कागजातमा लैङ्गिक तथा यौनिक अल्पसङ्ख्यकको पहिचान ल
9|10,6,समाजमा यिनीहरूलाई हेर्ने दृष्टिकोणमा व्यापक परि वर्तन आएको छ ।
9|10,3,यसले नेपाली विविधताको एकतालाई थप सुदृढ बनाउन टेवा
9|10,3,सवालका सन्दर्भको कुरा गर्दा लैङ्गिक तथा यौनिक अत्पसङ्ख्यकको अधिकारलाई पनि कानुनी एवम् व्यावहारिक तवरले सम्बोधन गरिएको छ | नागरिकतालगायत सरकारी कागजातमा लैङ्गिक तथा यौनिक अल्पसङ्ख्यकको पहिचान लेख्न मिल
9|10,3,यसले नेपाली विविधताको एकतालाई थप सुदृढ बनाउन टेवा पुच्याएको छ।
9|10,3,यसका साथै आजको निर्धारित समय सकिएको हुनाले छलफल अन्तर्राक्रया पनि यही समाप्त भएको छ ।
9|10,3,"केही जिज्ञासा भए भोलिको कक्षामा पक्कै थप छलफल गर्ने छौँ | क्रियाकलाप १. नेपाली भाषा, जातजाति, संस्कृतिको विविधतामा एकताको सन्देश दिने चित्रकला प्रतियोगिता कश्षामा सञ्चालन गर्नुहोस् र उत्कृष्ट चित्र बु"
9|10,3,"२. विविधतामा एकता नेपालको पहिचान"" भन्ने शीर्षकमा एक वक्तृता तयार पार्नुहोस् ।"
9|10,3,३. नेपालको संविधानले विविधतालाई एकतामा समेटने प्रयाससम्बन्धी के के व्यवस्था गरेको छ : खोजी गरी लेख्नुहोस् | ४. नेपालको बिविधता र एकता विश्वकै नमुना मानिन्छ | यसको वर्तमान अभ्यास र थप सुधार गर्नुपर्ने 
9|10,3,"चामाजिक अध्ययन कक्षा-10 Basen विविधता | विद्यमान अवस्था र अभ्यास सधार गर्नपर्ने पक्ष र तरिका भौगोलिक |हिमाल,पहाड, तराई, उपत्यका | सम्मान र पहिचानलाई जनस्तरसम्म आदि फरक फरक भूगोलमा | स्थापित गर्नुपर्ने"
9|10,3,Sys) amatae अध्ययत; कक्षा-1० हौँ हाम्रा राष्ट्रिय गौरव विद्यार्थीले समूहगत रूपमा तयार पारेको कक्षा कार्यलाई भित्तामा टाँस गरेका छन् ।
9|10,3,सबै समूहले विस्तारै हिड्दै पालैपालो अध्ययन गरी आवश्यक सुझावसमेत दिएका छन् ।
9|10,3,हामी पनि ती विषयवस्तु अध्ययन गरौँ : समूह 'क' बहुसांस्कृतिकता नेपालको एक महत्त्वपूर्ण गौरव > & दु बहुसांस्कृतिकता हो ।
9|10,3,बहु भनेको 1 it sis Sec. \ 2 धेरैर सांस्कृतिकता भनेको संस्कृति gs ss: a ye be वा परम्परा भन्ने बुझिन्छ ।
9|10,3,"| nah . Se. i नेपालमा जाति, धर्म, भौगोलिक ॥"
9|10,3,"002 370 — es क्षेत्रको विविधता भएकाले संस्क्तिमा /,, ८ पा )]) ( पनि विविधता रहेको छ।"
9|10,3,नेपालमा fe | Kee ॥
9|10,3,"१), अनेक जातिजाति, भाषा र संस्कृति ew oe ॥"
9|10,3,उनीहरूका आआफ्नै मौलिक संस्कृति र चाडपर्व छन् ।
9|10,3,"नेपालमा हिन्दु, बौद्ध, मुस्लिमलगायत सबै धर्मका आआफ्नै विशेषताका चाडपर्व छन् | नेपाल हिमाल, पहाड र तराई मिलेर बनेको छ।"
9|10,3,यीक्षे त्रमा पनि क्षेत्रअनुसार चाडपर्व मनाउने गरिन्छ | नेपालमा हरेक जातजातिअनुसार पनि फरक फरक चाडपर्व रहेका छन् ।
9|10,3,"कृष्ण जन्माष्टमी, बुद्ध पूर्णिमा क्रिसमस, न्वागी र विश्वकर्मा पूजा पनि नेपालमा मनाउने गरिन्छ | यी चाडपवंमा फरक फरक परम्परागत वेशभूषा, मौलिक परिकार आदिको प्रयोग गरिन्छ | विविध लोक गित, लोक नाचले नेपाली"
9|10,6,त्यसैले नेपालमा मनाइने चाडपर्व र संस्कृतिले आफ्नै मौलिकता र विशेषता बोकेका छन् ।
9|10,6,चाडपर्व मनाउनु आफ्नो पहिचान प्रतिविम्बित गर्नु पनि हो ।
9|10,3,चामाजिक अध्ययन कक्षा-१० Fash समूह 'ख' वीरता “यो नेपाली शिर उचाली संसारमा लम्किन्छ जुनकिरी झौँ ज्योति बाली अन्धकारमा चम्किन्छ |” राष्ट्रकवि
9|10,3,लोक नाचले नेपाली संस्कृति जीवन्त छ ।
9|10,3,चामाजिक अध्ययन कक्षा-१० Fash समूह 'ख' वीरता “यो नेपाली शिर उचाली संसारमा लम्किन्छ जुनकिरी झौँ ज्योति बाली अन्धकारमा चम्किन्छ |” राष्ट्रकवि माधवप्रसाद घिमिरेद्वारा राचत यो हु हरफले नेपाली गौरवमय वीरगाथ
9|10,3,"नेपाली विश्वमा वीर गोरखाली भनी हि | \ चिनिन्छन् | नेपाललाई अङ्ग्रेजले आक्रमण गर्दा : =. १ वीर गोर्खालीहरू अमरसिंह थापा, बलभद्र कुँवर, y पर iA ले, “4 4 भक्ति थापालगायत नेपाली वीरविरङ्गनाले his r : t दे"
9|10,3,हामीले नेपाली भन्ने सौभाग्य पाएका छौँ ।
9|10,3,"१ , गोलीगट्ठा र अत्यार्धुनक हातहतियारबाट | सुसज्जित अङ्ग्रेज सेनाका बिरुद्ध नितान्त ~ = घरेल् हातहतियार खुक्री, खुँडा, तरवार, भाला, ढुङ्गाको प्रयोग गरी डटेर प्रतिवाद गरेका थिए ।"
9|10,3,"नेपालीको त्यो निडर र साहसीपनको अगाडि तिनीहरू नतमस्तक भएका थिए | यसका अतिरिक्त नेपाली ब्रिटिस गोरखा राजमे न्टमा काम गर्दा जुन इमानदारी, बहादुरी र कर्तव्य परायणता देखाए, त्यसबाटै विश्वको इतिहासमा ख्याति"
9|10,3,जर्मन सम्राट कैजर विलियमले जर्मन सेनालाई विश्वका जुनसुकै सेनासँग लडन पठाउन सकिने तर गोर्खाली सेना भन्ने बित्तिकै आफूनो मुटु थरर काम्ने अभिव्यक्ति दिएका थिए ।
9|10,3,प्रथम विश्वयुद्धमा नेपाली सेनाले देखाएको बहादुरी र प्रभावले दोस्रो विश्वयुद्ध अगाडि नेपाललाई आफ्नो पक्षमा fers वीर गोरखालीलाई आफ्नो सेनामा समावेश गरेको थियो | नेपालीहरूले युद्धमा अतुलनीय बहादुरी तथा स
9|10,3,"नेपालीले अति साहस, पराक्रम, बहादुरी र रणकौशल देखाएका कारण नेपाल विश्वमा 'वीर गोरखालीको देश' भनी चिनिन्छ ।"
9|10,3,हामीले पनि वीरपुर्खाको वीरतालाई सम्मान गर्नुपर्दछ ।
9|10,3,[छर े?
9|10,3,सामानिक अध्ययत; कक्षा-10 समूह 'ग' राष्ट्रिय झन्डा राष्ट्रिय झन्डा नेपालीको साझा पहिचान एवम् राष्ट्रिय गौर वको प्रतीक हो | नेपालको झन्डा विश्वमा एक मात्र त्रिकोण आकार भएको झन्डा हो | नेपालको झन्डा दुई 
9|10,3,झन्डाको माथिल्लो त्रिकोणमा आठओटा कोणको खुर्पे चन्द्रमा राखिएको छ | तल्लो त्रिकोणमा १२ ओटा कोणयुक्त सूर्यको आर्कृत रहेको छ ।
9|10,3,यसले आकाशमा चन्द्र र सूर्य रहुन्जेल नेपाल रहिरहने तथ्यलाई जनाउँछ | निलो किनारा शान्तिको प्रतीक हो भने सिम्रिक नेपालको राष्ट्रिय रङ हो ।
9|10,3,"नेपाली जनताको इतिहास, स्वाभिमान, सार्वभौमिकता, स्वतन्त्रता, अपनत्व, एकताको प्रतिबिम्बन राष्ट्रिय झन्डाले बोकेको छ ।"
9|10,3,यस प्रति सबै नेपालीको उच्च सम्मानभाव छ ।
9|10,3,"आकार, रङ, चिहन, शोभा विश्वमै विशिष्ट भएकाले नेपालको झन्डा अद्वितीय छ ।"
9|10,3,समूह 'घ' राष्ट्रिय गान क सयौँ थुँगा फूलका हामी..... नेपालको i iu fF राष्ट्रिय गान हो ।
9|10,3,नेपाल सरकारले २०६४ + i pl?
9|10,3,he साल साउन १० गते घोषणा गरेसँगै (छि राष्ट्रिय गानका रूपमा लागु गरिएको ७ | थियो ।
9|10,3,अम्बर गुरुङले सङ्गीत र प्रदीपकुमार राई ।
9|10,3,व्याकुल माइला) को शब्द सिर्जना रहेको राष्ट्रिय गानले नेपाली विविधतामा एकताको महिमा प्रस्तुत गरे को छ ।
9|10,6,हरेक औपचारिक सार्वजनिक समारोहको शुभारम्भ गर्दा नेपाल तथा विश्वको जुनसुकै ठाउँमा स्थापित नेपाली कार्यालय र संस्थामा राष्ट्रिय गान बजाइन्छ ।
9|10,6,यो गान बज्दा हामी नेपाली आआफ्नो स्थानमा सतर्क अवस्थामा उभिएर सम्मान गर्दछौँ | हाम्रो राष्ट्रिय गान यसप्रकार रहेको छ ।
9|10,3,सामाजिक अध्ययन कक्षा-१0 =
9|10,3,महिमा प्रस्तुत गरे को छ ।
9|10,3,सामाजिक अध्ययन कक्षा-१0 = Wor समूह 'ङ लुस्बिनी लुम्बिनी गौतम बुद्धको जन्मस्थल हो | — लुम्बिनी विश्वकै बौद्धधर्मावलम्बीका लागि yi 2] पवित्र तीर्थस्थल पनि हो ।
9|10,3,शान्तिका अग्रदूतका — ३. rs १ रूपमा चिनिने गौतम बुद्ध वैशाख पूर्णिमामा | ..; “कक जन्मिएका थिए | उनले वैशाख पूणमाकै दिन oo Stine em मी बुद्धत्व ।
9|10,3,ज्ञान) प्राप्त गरे ।
9|10,3,यतिमात्र होइन ।
9|10,3,“. = उनले वैशाख पूर्णमामा ज्ञान बाँडे र वैशाख बिक २ पूर्णिमाकै दिन महापरिनिर्माण प्राप्त गरे ।
9|10,3,बुद्धले विश्वभरि शान्ति र अहिंसाको सन्देश फैलाए ।
9|10,3,उनका अनुयायी विश्वभरि छन् ।
9|10,3,उनलाई शान्तिका दूतका रूपमा पूजा एवम् श्रद्धा गरिन्छ | गौतम बुद्धले नेपाल र ने पालीको नाम र पहिचान विश्वव्यापी बनाए ।
9|10,3,पवित्र र पर्यटकीय स्थल लुम्बिनी यिनै व्यक्तित्वको महिमा स्वरूप विकास गरिएको क्षेत्र हो ।
9|10,3,विश्व सम्पदा सूचीमा सूचीकृत यो स्थानले नेपाल र नेपालीको पहिचान बोकेको छ ।
9|10,3,प्रत्येक वर्ष लाखौँ पर्यटक यस क्षेत्रको अवलोकन गर्दछन् | यहाँ विभिन्न राष्ट्रले आफ्नोतर्फबाट गुम्बा तथा विहारसमेत स्थापना गरेका छन् | यिनै कारणले यस क्षेत्रलाई राष्ट्रिय गौरवका रूपमा लिइन्छ | समूह 'च'
9|10,3,"'सगर र माथा' मिलेर बनेको सगरमाथाको शाब्दिक अर्थ खि, at 'आकाश छुने शिखर' भन्ने हुन्छ ।"
9|10,3,fat yore ar फन्ड?
9|10,3,) ae इतिहास शिरोमणि बाबुराम आचार्यले यसको नाम gel ee Se सगरमाथा राखेका हुन | विश्वको सवोच्च शिखर ॥
9|10,3,— tae ३ सगरमाथा रहेको देश भनी नेपाल विश्वमा प्रख्यात _ छ ।
9|10,3,विश्व सम्पदा सूचीमा सूचीकृत र राष्ट्रिय निकुञ्ज क्षेत्रमा पर्ने सगरमाथाले देशको महिमा बढाएको छ ।
9|10,3,"प्रत्येक वर्ष सयौँ पर्यटक सगर माथाको आरोहण गर्न नेपाल आउने गर्दछन्, यसले नेपालको आर्थिक विकासमा पान ठुलो टेवा पुन्याएको छ ।"
9|10,3,नेपाल र नेपालीको सान सगरमाथा राष्ट्रको महत्त्पूर्ण गौरव हो | |. अन्जन | सामाजिक अध्ययन; FeT-Jo शिक्षक : सबै समूहको कार्य सफलतापूर्वक सम्पन्न भएकोमा तपाईँलाई धन्यवाद छ ।
9|10,3,"सामूहिक हिँडाइ, अवलोकन, आवश्यक पृष्ठपोषण आदान प्रदान तथा समग्रतामा निष्कर्ष निकाल्ने कार्य गर्नुभयो ।"
9|10,3,विधिको मर्मअनुसारको कार्य गर्नुभयो साथै सिक्नर पर्ने कुरा सिक्नु पनि भयो ।
9|10,3,वास्तवमा गौरव आत्मसम्मानको अनुभूति हो ।
9|10,3,"हामी नेपाली हुनुमा गौरव गर्छौं | नेपाललाई विश्वमा चिनाउने चिनारी जस्तै नेपाली इतिहास, संस्कृति, नेपाली मूल्यमान्यता, सम्मान गर्ने बानी हाम्रा गौरव हुन् ।"
9|10,3,त्यसैले त विश्वको जुन ठाउँमा गए पनि नेपालीको सान र सम्मान बेग्लै छ ।
9|10,3,"हामीले यसमा गौरव गर्नुपर्छ र गौरव बढाउने कार्यमा सदैव तल्लिन हुनुपर्छ, धन्यवाद ।"
9|10,3,क्रियाकलाप १. दिइएका चित्र अध्ययन गर्नुहोस् ।
9|10,3,यिनीहरूको नाम पत्ता लगाउनुहोस् र यिनीहरू किन राष्ट्रिय गौरव हुन् ?
9|10,3,"कारणहरू खोजी गरी प्रस्तुत गर्नुहोस् | = ——'s a er | ATs. a nt fiat oie = i —— uae 4 "" tie — , Sy <2 aS _ > पि &— tag!"
9|10,3,'ख' २. हाम्रा राष्ट्रिय गौरव बढाउने सम्पदाबाट देशलाई कस्तो फाइदा हुन्छ ?
9|10,3,"मस्तिष्क मन्थन गर्नुहोस्, मन्थनबाट प्राप्त भएको जानकारी टिपोट गर्नुहोस् र कक्षामा सुनाउनुहोस् ।"
9|10,3,संघीय वातावरणीय सम्मेलनले आनयकताकी परिपति प्राकृतिक | साझा दृष्टिकोण अगि सारी दिगो विकासका मेक = लागि पहिलोपल्ट विश्व समुदायको ध्यान खिच्यो | र दि सुनिश्चित ८ scan १ 2 १ सन् १९०० मा वातावरण संरक्षणको 
9|10,3,विकासको साझा भविष्य जारी गरी दिगो विकासको विश्व कार्यसूची दिगोपना र अधिकतम प्रकाशमा ल्यायो ।
9|10,3,लाभका लागि वातावरणीय | ' सन् २००० मा सहस्राब्दी विकास लक्ष्य जारी गरी वातावरण दिगोपनामा ध्यान दिनुपर्ने सन्तुलनलाई विकास गन्तव्यको एक आधारका रूपमा स्वीकार हुन्छ | विकास कार्य गयो ।
9|10,3,"गर्दा आर्थिकतथासामाजिक | ' सन् २००५ पछि जलबायु परिवर्तनबाट विश्वमा सती, प्रभाव र सास्कृतिक दिगोपनामा न्यूतीकरण गर्न विश्वको साफा अभिमत निर्माण भएको छ | समुचित ध्यान दिएमा दिगो विकास सम्भव हुन्छ | दिगो"
9|10,3,सन् १९७२ को जुन ५ देखि १६ सम्म स्विडेनको स्टकहोम सम्मेलनले वातावरणसम्बन्धी घोषणापत्र जारी गरी वातावरण र दिगो विकासतर्फ विश्वको पहिलो सामूहिक चासो देखाएको थियो ।
9|10,3,"दिगो विकास सम्बन्धमा नेपालले विभिन्न संवैधानिक, नीतिगत तथा कानुनी व्यवस्था गरेको छ ।"
9|10,3,नेपालको संविधानको धारा ३० मा स्वच्छ वातावरणको हकको प्रावधान उल्लेख छ ।
9|10,3,राष्ट्रको विकाससम्बन्धी कार्यमा वातावरण र विकासबिच समुचित सन्तुलन मिलाउन SS सामाजिक अध्ययन कक्षा-10 कानुनी व्यवस्था गरिने क्रा पनि संविधानमा उल्लेख गरिएको Bl भाग ४ धारा ५१ (६) मा प्राकृतिक साधन स्रोतक
9|10,3,"वातावरण संरक्षण कोषको स्थापना, जैविक विविधता सरक्षण कोषको स्थापनालगायतका दिगो विकाससम्बन्धी नीति नियमको निर्माण र कार्यान्वयनमा पनि नेपालले ध्यान दिइरहेको छ | दिगो विकासका उद्देश्य १. वातावरणको प्रभाव"
9|10,3,(छ) वातावरण संरक्षणमा ध्यान दिँदै विकासका गतिविधि सञ्चालन गर्नतर्फ क्रियाशील हुन सके दिगो
9|10,3,हुनुपर्दछ | (घ) पृथ्वीको भारवहन क्षमता र जनसाडख्यिकी गतिविधिबिच तालमेल मिलाई विकासलाई व्यवस्थापन गरिनुपर्छ | (डु) दिगो विकासमा सुशासन कायम गर्नु आवश्यक हन्छ | (च) सामाजिक सांस्कृतिक र धार्मिक भावनाको 
9|10,3,(छ) वातावरण संरक्षणमा ध्यान दिँदै विकासका गतिविधि सञ्चालन गर्नतर्फ क्रियाशील हुन सके दिगो विकासको प्रतिफल भावी पुस्ताले समेत सहज रूपमा प्राप्त गर्न सक्छन् ।
9|10,3,चामाजिक अध्ययन FRT-Io Beyer si क्रियाकलाप १. दिगो विकासका सन्दर्भमा तपाईँको समुदायमा भएका राम्रा अभ्यास खोजी गरी प्रस्तुत गर्नुहोस् ।
9|10,3,२. तपाइँको समुदायमा निर्माणाधीन कुनै एक विकास आयोजनाको कार्यस्थलमा गएर दिगो विकासको अवधारणाअनुरूप सञ्चालन भए नभएको सन्दर्भमा आयोजकसँग सोधपुछ गरी विवरण प्रस्तुत गर्नुहोस् ।
9|10,3,३ तल दिइएका दिगो विकासका आयाम अध्ययन गरी सोधिएका प्रश्नको उत्तर दिनुहोस् : दिगो विकासका आयाम वातावरणीय आयाम : विकास र वातावरणीय सन्तुलनबिच घनिष्ट सम्बन्ध स्थापित गर्दै उत्पादनका स्रोतसाधनको पुनः उपयोग
9|10,3,"प्राविधिक आयाम : कम प्रदृषणयुक्त प्रविधिको उपयोग गरी विश्व तापक्रम (Global warming) कम गर्ने कुरालई प्राविधिक आयामले प्रतिनिधित्व गर्दछ | मानवीय आयाम : विकासले व्यक्तिलाई काम उपलब्ध गराउने, भविश्य सुन"
9|10,3,शासकीय तथा राजनीतिक आयाम : वेधानिक र जनप्रातमूलक सरकार र विकेन्द्रित शासन प्रणाली कायम गर्ने कुरा शासकीय तथा राजनीतिक आयामअन्तर्गत पर्दछ | e=SRzs | सामाजिक अध्ययन; FeT-Io प्रश्नहरू (क) विकासका सामाजिक
9|10,3,(@) तपाईँको समुदायमा सञ्चालित विकास आयोजनामा कुन कुन आयाम समेटिएका छन् ?
9|10,3,सोधखोज गरी लेख्नुहोस् (ग) दिगो विकासको मानवीय आयामले कुन कुन विषयवस्तुमा जोड दिएको छ ?
9|10,3,अभ्यास १. दिगो विकासको अवधारणा प्रस्ट पार्नुहोस् | २. “अव्यवस्थित विकासले विनाश निम्त्याउँछ ।
9|10,4,” पुष्टि गर्नुहोस् ।
9|10,3,३. दिगो विकासका लागि तपाइँ कसरी योगदान दिन सक्नुहुन्छ ?
9|10,3,"४. दिगो बिकासका उद्देश्यको सूची तयार गर्नुहोस् | सामुदायिक कार्य तपाईँको समुदायमा सञ्चालित कुनै एक विकास आयोजनाको अध्ययन, अवलोकन गर्नुहोस् ।"
9|10,3,"उक्त आयोजनालाई दिगो विकासको अवधारणाअनुरूप तलको तालिका भर्नुहोस् : आयोजना नाम : क्रस, सुधारका क्षेत्र i A ak Pek समयावधि : कार्य निकाय गर्ने निकाय a) ae) es (ee seat ३. | जनसहभागिता सुनिश्चितताका पक्षम"
9|10,6,वि.सं. २०६५ जेष्ठ १५ गतेदेखि नेपाल सङ्घीय लोकतान्त्रिक गणतन्त्रात्मक राज्य बनेको हो ।
9|10,3,"१० वर्षे सशस्त्र विद्रोह,"
9|10,3,"यस कार्यक्रमका सभाध्यक्षज्यू, प्रमुख अर्तिथ, मूल्याङकन समितिका आदरणीय व्यक्तित्व, उपस्थित गुरु वर्ग र मेरा प्यारा प्रतियोगी र अन्य साथीहरू | म रूपेश “नेपालमा सङ्घीयता"" विषयक वक्तृत्वकला प्रतियोगितामा "
9|10,3,"१० वर्षे सशस्त्र विद्रोह, १९ दिने जनआन्दोलन र मधेस आन्दोलनलगायत विभिन्न आन्दोलनको पृष्ठभूमिमा नेपालमा ASH राज्य प्रणालीको स्थापना भएको हो ।"
9|10,3,"स्रोतको उचित बाँडफाँड र परिचालन तथा आर्थिक, सामाजिक र क्षेत्रीय विभेद कम गरी सबै क्षेत्रको समानुपातिक विकासका लागि देशलाई सङ्घीय संरचनामा रूपान्तरण गरिएको छ ।"
9|10,3,यो रूपान्तरणले सङ्घीय र प्रादेशिक विकासको अवधारणालाई आत्मसात् गरेको छ | हाल नेपालमा ७ ओटा प्रदेश र ७५३ स्थानीय तह रहेका छन् ।
9|10,3,"सङ्घीय शासन प्रणालीले प्रदेशहरूविच प्रतिस्पर्धा बढ्ने, स्थानीय स्रोत र साधनको अधिकतम परिचालन हुने, केन्द्रमा निर्भेर हुन नपर्ने र आत्मनिर्भरता तथा स्वावलम्बीपन बढ्ने हुनाले देशको समग्र विकासमा सहयोग ग"
9|10,3,यस प्रणालीले राज्य सत्ता र सार्वभौमसत्ताको अधिकार विभाजन गरी शासकीय क्रियाकलापमा बढीभन्दा बढी जनतालाई संलग्न गराउने गर्दछ ।
9|10,3,पादेशिक विकासको अवधारणाले विकास र समुन्नतिका लागि साधनस्रचोतको समुचित उपयोग हन्छ | जनताको सक्रिय सहभागितामा सामूहिक शासन पद्धतिको विकासका लागि मदत पुग्छ ।
9|10,3,जनताले सहज रूपमा सेवा सुविधा प्राप्त गर्ने पद्दति विकास हुन्छ | सडघीयताले देशको विविधतालाई पहिचान गरी सम्बोधन गर्ने हैसियत राख्ने भएकाले सांस्कृतिक र सामृहिक पहिचानका आधारका रूपमा यसलाई लिदै आएको छ ।
9|10,3,"नेपालको सन्दर्भमा भन्ने हा भने सङ्घ, प्रदेश र स्थानीय तह गरी तीन तहको राज्य प्रणालीसहितको सङ्घीय शासन प्रणाली कायम गरिएको छ ।"
9|10,3,प्रदेशहरूबिच विकास र स्रोतसाधनको पहिचान तथा Sa: सामाजिक अध्ययत कक्षा-10 परिचालनमा स्वस्थ प्रतिस्पधा बढ्ने हँदा सङ्घीयताले प्रदेशको आन्तरिक क्षमता वृद्धिमा सघाउने विश्वास गरिन्छ ।
9|10,3,सङ्घीयता हाम्रो देशका सन्दर्भमा नयाँ प्रयोग पनि हो | सभाध्यक्ष महोदय नेपालमा सङ्घीय व्यवस्था आएसँगै समावेशिता र सामाजिक न्यायले प्रश्रय पाएको अनुभूत गरिएको छ | सङ्घीयताको मूल मर्मलाई आत्मसात् गर्दै सु
9|10,3,प्रदेशहरूबिचको प्रतिस्पर्धाले विकास र प्रगतिलाई प्रोत्साहन दिन्छ ।
9|10,3,"सङ्घीयताले जनसहभागिताको अवसर उपलब्ध गराउने भएकाले राष्ट्रिय विकासलाई प्रोत्साहित गर्दछ | सामाजिक, आथिक, राजनीतिक समस्या समाधानका लागि पहलकदमी लिन्छ | सङ्घीयताले समावेशी लोकतन्त्रलाई सुदृढ बनाउँछ | साम"
9|10,3,सङ्घीयता भावात्मक रूपमा राष्ट्रिय विकास गर्ने एक मात्र हतियार नभई सामाजिक द्वन्द्वको दिगो व्यवस्थापन गर्ने आधार पान हो | यसो हुँदा सङ्घीयतालाई जनताको अधिकार स्थापित गर्ने भरपर्दो शासन प्रणालीका रूपमा 
9|10,3,नेपालमा सङ्घीय शासन प्रणाली स्थापना भएसँगै विकास र परिवर्तनका सङ्केत पनि देखिन थालेका छन् ।
9|10,3,"राज्यका सबै क्षेत्रका जनताको अपनत्व, स्वामित्व र सामिप्यता स्थापित गर्न तथा प्रतिनिधित्व र सहभागिता वृद्धि गर्ने सङ्घीय शासन प्रणाली महत्त्वपूर्ण मानिन्छ |"
9|10,3,आयोजनाबाट भेरी नदीको पानीलाई सुर्खेतको जहरेमा बाँध बाँधी डाइभर्सन सुरुडमार्फत् बबई नदीमा खसाली ४८ मेगावाट विद्युत् उत्पादन गर्ने लक्ष्य बहुउद्देश्यीय | लिइएको छ ।
9|10,3,साथै उक्त पानीलाई बर्दिया र बाँकेका ६० हजार हेक्टर आयोजना जमिनमा सिँचाइका लागि उपयोग गरिने छ ।
9|10,3,यस आयोजनामा करिव २७ अर्व रुपयाँ खर्च लाग्ने अनुमान गरिएको छ | यसबाट निकागिएको विद्युत् बाट दुई अर्ब प्रतिवर्ष मुनाफा हुने अपेक्षा छ ।
9|10,3,सरकारले आत्तरिक स्रोतबाट सुरुङ निर्माण गर्न लागेको यो नेपालकै पहिलो बहुउद्देश्यीय आयोजना हो ।
9|10,3,चामाजिक अध्ययन कक्षा-१० छ कट उ हुलाकी [नेपालको पूर्व पश्चिम हुँदै तराईका बस्तीमा यातायातको सहज पहुँच लोकमार्ग विस्तार गर्ने यस आयोजनाको तक्ष्य छ ।
9|10,3,यस आयोजनाले पूर्वमा झापादेखि पश्चिममा कञ्चनपुरसम्मको भूभागलाई जोडने छ ।
9|10,3,यस आयोजनाको कूल लागत अनुमान करिव ६५ अर्व २० करोड रुपयाँ रहेको छ ।
9|10,3,भारत सरकारबाट प्राप्त हुने अनुदान र नेपाल सरकारबाट यसमा लागत बेहोरिने छ ।
9|10,3,यो आयोजनाको अन्त्यमा कुल १७९२.४२ किमि. कालो पत्रे सडक र २१९ ओटा पुलको निर्माण हुने अनुमान छ ।
9|10,3,यो आयोजना आव. २०६८ ४६९ देखि राष्ट्रिय गौरवको आयोजनाका रूपमा कार्यान्वयन हुँदै आएको छ ।
9|10,3,पूर्व पश्चिम राजमार्गको समानात्तर भई जाने यस मार्गले तराईका २० जिल्लालाई छुने छ।
9|10,3,पशुपति क्षेत्र ।
9|10,3,पशुपति क्षेत्रलाई यसको प्रतिप्ठा एवम् गरिमाअनुरूप सुव्यर्वास्थित र विकसित विकास कोष ।
9|10,3,पार्ने desea विसं २०४३ सालमा एक अर्वाच्छन्न उत्तराधिकारवाला स्वायत्त संस्थाका रूपमा कोषको स्थापना भएको हो ।
9|10,3,"पशुपति क्षेत्रभित्रका पुर तात्त्विक सम्पदाको संरक्षण र संवर्धन, दर्शनार्थी तीर्थयात्रीको सुविधाका लागि भौतिक पूर्वाधार विकास, विद्युत् शवदाह गृह सञ्चालन तथा वातावरणमा सुधारसमेतको बृहत् गुरुयोजना तयार "
9|10,3,आ.व. २०७०।
9|10,3,०७१ देखि यो राष्ट्रिय गौरवको आयोजनामा समावेश गरिएको हो ।
9|10,3,मेलम्ची ।
9|10,3,|पहिलो चरणमा दैनिक १७ करोड free र दोस्रो चरणमा याडगी र खानेपानी «jae नदीबाट थप दैनिक १७/१७ करोड बिटर गरी जम्मा ५१ करोड आयोजना | लिटर खानेपानी काठमाडौँमा दैनिक आपूर्ति गराउने TAs यस आयोजनाको रहेको छ ।
9|10,3,"पहिलो चरण आ.व. २०५५,/५६ मा सुरु भई आ.व. २०७०/७१ मा सम्पन्न गर्ने TT रहेकामा हाल यस आयोजना सम्पन्न भई उपत्याकामा पानी वितरण गरिएको छ ।"
9|10,3,दोस्रो चरण आव. २०८०/०१ मा सम्पन्न गर्ने लक्ष्य लिइएको छ ।
9|10,3,यो आयोजना आव. २०६८ ४६९ देखि राष्ट्रिय गौर वको आयोजनामा समेटिएको थियो | [छक्क सामाजिक अध्ययन कक्षा-10 राष्ट्रपति चुरे | यस आयोजनाको चुरे क्षेत्रको प्राकृतिक स्रोतको सरक्षण र दिगो व्यवस्थापन तराई मधेस |
9|10,3,नेपाल सरकारको पूर्ण लगानीमा राष्ट्रपति चुरे संरक्षण कार्यक्रम विकास | आ.व. २०६६/६७ बाट सुरु भएको हो | आव. २०७०/७१ मा राष्ट्रपति समिति ।
9|10,3,चुरे तराई मधेस संरक्षण विकास समिति गठन भई उक्त कार्यक्रम राष्ट्रिय गौरवको आयोजनाका रूपमा सञ्चालन हुँदै आएको छ ।
9|10,3,चुरे र भित्री मधेसका ३७ जिल्तामा यो आयोजना A भएको छ ।
9|10,3,चुरे तराई मधेसको संरक्षणका TT २० वर्से गुरुयोजना नेपाल सरकारबाट मिति २०७४ जेठमा स्वीकृत भएको हो | काठमाडौं |यो आयोजना वारा freer निजगढदेखि राजधानी काठमाडौंसम्म चार तराई “मधेस | बेनमा सडक निर्माण हुने 
9|10,6,यो दूतमार्गको कुल तम्बाइ दुतमार्ग ।
9|10,6,७६ किमि रहेको छ ।
9|10,3,यस मार्गको प्रस्थान बिन्दु चबितपुरको खोकना
9|10,3,मधेसको संरक्षणका TT २० वर्से गुरुयोजना नेपाल सरकारबाट मिति २०७४ जेठमा स्वीकृत भएको हो | काठमाडौं |यो आयोजना वारा freer निजगढदेखि राजधानी काठमाडौंसम्म चार तराई “मधेस | बेनमा सडक निर्माण हुने आयोजना हो 
9|10,3,"यस मार्गको प्रस्थान बिन्दु चबितपुरको खोकना र अन्तिम बिन्द्रु बाराको निजगढ मानिएको छ | यसमा तीनओटा सुरुड मार्ग र ८७ ओटा पुल रहनेछन् | हाल नेपाल सरकारको निर्णयबाट आयोजना सञ्चालन कार्यावधि, २०७४ स्वीकृत "
9|10,3,नेपाली सेनाबाट उक्त आयोजना आ.व २०७४/७५ देखि सुरु भई २०८०:४५१ मा सम्पन्न हुने अनुमान रहेको छ ।
9|10,3,"यो आयोजना आ.व. २०६८ ,/६९ देखि राष्ट्रिय गौरवको आयोजनामा समावेश गरिएको हो ।"
9|10,3,यो आयोजनाले नेपालको राजधानी काठमाडौँसँग मध्य तराईका जित्नाको आवतजावतबाई सहज र छिटो गराउनुका साथै सो क्षे त्रका जनताको सामाजिक आर्थिक विकासमा मदत पुग्याउने छ।
9|10,3,सुनकोसी | यस आयोजनाले प्रारम्भमा सिन्धुनी Greer सुनकोसी गाउँपाविकाबाट मरिण सुरुङ खनी सुनकोसीको पानी मरिण खोलामा झारी २८ ६ मेगावाट विद्युत् डाइभर्सन | उत्पादन गर्ने नक्ष्य राखेको छ ।
9|10,3,"यसरी मिसिएको पानी पाछि वाग्मती नदीमा आयोजना (पुस्याउने बहुउद्देश्यका साथ आयोजना अगाडि बढाइएको छ | यस आयो जनाबाट मधेस प्रदेशका वारा, रौतहट, सर्लाही, महोत्तरी र धनुषा जिल्लाका करिब १,२२,००० हेक्टर जमिनम"
9|10,3,यो आयोजना आव. २०७६/७७ मा सुरु भई २०८०/०१ मा सम्पन्न गर्ने तक्ष्य चिइएको छ ।
9|10,3,यो आयोजना आव wow ee देखि नै राष्ट्रिय गौरवको आयोजनाका रूपमा कार्यान्वयन हुँदै आएको छ | AANA अध्ययन कक्षा-१० ea Sree | क्रियाकलाप १. नेपालमा सञ्चालित केही राष्ट्रिय गौरवका आयोजना तोकिएको समयमा सम्पन्न 
9|10,3,२. विभिन्न स्रोतसामग्गरी तथा इन्टरनेटका सहायताले नेपालमा सञ्चालित राष्ट्रिय गौरवका आयोजनाको जानकारी सड्कलन गरी कक्षामा पस्तृत गर्नुहोस् ।
9|10,3,अभ्यास १. विकास आयोजना भनेको केहो ?
9|10,3,२. कस्ता आयोजनालाई राष्ट्रिय गौरवका आयोजना भनिन्छ ?
9|10,3,३. राष्ट्रिय गौरवका आयोजना किन महत्त्वपूर्ण मानिन्छन् ?
9|10,3,४. नेपालमा तोकिएको समयमा विकास आयोजना सम्पन्न गर्न कुन कुन पक्षमा ध्यान दिनु पर्ला ?
9|10,3,५. हुलाकी लोकमार्गले Tass फाइदाको विवेचना गर्नुहोस् | सामुदायिक कार्य तपाइँको समुदायमा सञ्चालित कुनै एक विकास आयोजनाको अवलोकन गर्नुहोस् र सो आयोजनाका सम्बन्धमा सम्बद्ध व्यक्तिसँग छलफल गरी निम्नलिखित ब
9|10,3,गर्न ५. विश्ववन्धुत्व र मानवताको भावना परिपालन गर्न ६ जेष्ठ नागरिक तथा असहाय र अपाङ्गता भएका व्यक्तिप्रतिको दायित्व निर्वाह गर्न | सामाजिक अध्ययन कक्षा-१० aes 2 हाम्रा राष्ट्रिय सम्पदा तलका तस्बिर अध्
9|10,3,सम्पदा मूर्त र अमूर्त हुन्छन् ।
9|10,3,"त्यस्तै सम्पदालाई ऐतिहासिक, सांस्कृतिक र प्राकृतिक सम्पदाका रूपमा पनि वर्गीकरण गर्न सकिन्छ ।"
9|10,3,"मन्दिर, मस्जिद, गुम्बा, वनजङ्गल, धार्मिक Wer, लोक नृत्य, परिकार जस्तै : योमरी, खाप्से आदि मूर्त सम्पदाका उदाहरण हुन भने अमूर्त सम्पदाहरूमा संस्कार, विभिन्न चाड मनाउने पद्धति, पूजा विधि, मण्डला बनाउने "
9|10,3,"त्यस्तै दरबार, गढी, स्मारक आदि ऐतिहासिक सम्पदा हुन् भने धार्मिक स्थल, भाषा, कला, लवाइखवाइ आदि सांस्कृतिक सम्पदा हुन् ।"
9|10,3,"हिमाल, पहाड, नदी, ताल, वनस्पति आदि प्राकृतिक सम्पदा हुन् ।"
9|10,3,"हाम्रा पूर्वजबाट प्राप्त राष्ट्रिय महत्त्व बोकेका महत्त्वपूर्ण तथा संरक्षणयोग्य स्थान, Fe Fc, संस्कृति, प्राकृतिक स्थल हाम्रा राष्ट्रिय सम्पदा हुन् ।"
9|10,3,"aaarery सामाजिक अध्ययन; कक्षा-१0 हाम्रा सम्पदा सांस्कृतिक सम्पदा प्राकृतिक सम्पदा एतिहासिक सम्पदा धार्मिक स्थल, भाषा, |हिमाल, पहाड, झरना, दरबार,गढी, स्मारक कला, लवाइखवाइ, ताल, नदी, वनस्पति, जीवन शैली "
9|10,3,यसमध्ये ऐतिहासिक र सांस्कृतिक सम्पदामा काठमाडौँ उपत्यका सम्पदा क्षेत्रमा पर्ने सातओटा स्थलहरू र लुम्बिनी सम्पदा क्षेत्र पर्छन् भने प्राकृतिक सम्पदामा सगरमाथा र चितवन राष्ट्रिय निकुन्ज पर्छन् | क) काठम
9|10,3,गुहयेश्वरी मन्दरलगायतका क्षेत्र | rn ¢é पर्छन् | बाग्मती प्रदेशअन्तर्गत bw पर्ने यो क्षेत्रलाई सन् १९७९ eee - भनिनँ फे मा विश्व सम्पदा सूचीमा सूचीकृत गरिएको हो ।
9|10,3,यस क्षेत्रमा एक हजार भन्दाबढी शिर्वालङ्ग रहेका छन् ।
9|10,3,"साथै विभिन्न शैलीमा निर्माण भएका ४९२ ओटा मन्दिर, देवालय, सत्तल, चैत्यहरू पनि यहाँ रहेका छन् ।"
9|10,3,WATE अध्ययन कक्षा-१० 7S स्वयम्भूनाथ स्तृप बौद्धमार्गीहरूको महत्त्वपूर्ण धार्मिक स्थलका क. ४ i Se nd १ काठमाडौँमा 1s ale रूपमा परिचित स्वयम्भूनाथ स्तृप काठमाडौँमा BR ता ॥
9|10,3,यस स्थल वरपर सरस्वतीको मन्दिर १) a % टु r [| 4 र अन्य मठ मन्दिरहरू पनि रहेका छन् ।
9|10,3,८0६. ही यस कारण यहाँ धार्मिक सहिष्णुताको असल पी” % छ han अभ्यास देख्न तथा महसुस गर्न पाइन्छ ।
9|10,6,८...” ०३”) ee सन् १९७९ मा यस क्षेत्रलाई विश्व सम्पदा सूचीमा pee नु ey सूचीकृत गरिएको हो ।
9|10,6,Bari बौद्धनाथ महाचैत्य बौद्धमार्गीहरूको अर्को महत्त्वपूर्ण — धार्मिक स्थल बौद्धनाथ महाच्तैत्य क जा पनि काठमाडौँमा रहेको छ ।
9|10,3,धार्मिक सहिष्णुताको असल पी” % छ han अभ्यास देख्न तथा महसुस गर्न पाइन्छ ।
9|10,3,यस — महाचैत्यको निर्माण पाँचौँशताब्दीमा नव र् भएको विश्वास गरिन्छ ।
9|10,3,यसलाई : 1 4111 : सन् १९७९ मा विश्व सम्पदा सूचीमा : Are WEN जि सूचीकृत गरिएको हो ।
9|10,3,"यस क्षेत्रमा धेरै ae” any ASAT बौद्ध विहार रहेका छन् | = oe चाँगुनारायण मन्दिर चाँगुनारायण मन्दिर लिच्छवीकालीन ai, वास्तुकलाको उत्कृष्ट नमुना हो | यो ee मन्दिर क्षेत्र भक्तपुर जिल्लामा रहेको > ig छ।"
9|10,3,यो मन्दिर प्यागोडा शैलीमा निर्माण ge उँ ce गरिएको छ ।
9|10,3,नेपालको लिच्छवीकालीन i. pao ७. ।
9|10,3,"इतिहासको जीवित स्रोतका रूपमा हुन न Oy cee रहेको यस मन्दिरमा शिलालेख, ढुङ्गा, कलको जजिन “नै काठ र धातुका उत्कृष्ट कलाकृतिका नमुना रहेका छन् | यसलाई सन् १९७९ मा विश्वसम्पदा सूचीमा सूचीकृत गरिएको हो | be"
9|10,3,"यहाँ मल्लकालीन ७ वास्तुकलाको उत्कृष्ट नमुना eS ee f देख्न सकिन्छ | यस क्षेत्रमा SS १ i Z भवानीको fT ) बसन्तपुर दरबार, तलेजु भवानीको ७: ष्., Ae मन्दिर, कुमारी घर, काष्ठमण्डप, Meee = हनुमानको मूर्ति, ठु"
9|10,15,सन् १९७९ मा यसलाई विश्व सम्पदा सूचीमा समावेश गरिएको हो ।
9|10,3,पाटन दरबार क्षेत्र मल्लकालीन समयमा निर्माण भएको पाटन दरबार AT काठमाडौँ उपत्यकाको ललितपुर जिल्लामा पर्छ।
9|10,3,यहाँ ७ विभिन्न ऐतिहासिक र धार्मिक सम्पदाहरू रहेका छन् ।
9|10,3,"न क... कृष्ण मन्दिर, विश्वनाथ मन्दिर, कुम्भेश्वर महादेव, | ~ fa a. = रातो मच्छेन्द्रनाथ मन्दिर, राजा योग नरेन्द्र मल्लको i मि मूर्तिलगायत महत्त्वपूर्ण सम्पदाहरू यस क्षेत्रभित्र रहेका छन् ।"
9|10,3,भक्तपुर दरबार क्षेत्र जिल्लामा पर्ने भक्तपुर दरबार AT 000; ऐतिहासिक र साँस्कृतिक सम्पदा - ॥
9|10,3,"यहाँ मल्लकालीन समयमा oa 7 निर्माण भएका पचपन्न भयाले क १ rT दरबार, दत्तात्रय मन्दिर, न्यातपोल er gs 7. क ent ¢ r p s ॥"
9|10,3,"मन्दिर, स्वर्णद्वार, सिद्ध , रानी ee ॥"
9|10,3,"७ ( : पोखरी, आदि महत्त्वपूर्ण सम्पदाहरू रहेका छन् ।"
9|10,3,सामाजिक अध्ययत कक्षा-१० ft” oe) ख) लुम्बिनी लुम्बिनी शान्तिका अग्रदूत गौतम बुद्धको Be जन्म स्थल हो ।
9|10,3,"यो क्षेत्र लुम्बिनी प्रदेशको. हा “ee रूपन्देही जिल्लामा पर्छ | लुम्बिनी विश्वभरका ,;.....” = <i ५. बौद्धमार्गीहरूको पवित्र तीर्थस्थलको रूपमा go ene रहेको छ ।"
9|10,3,"अशोक स्तम्भ, पुस्करिणी पोखरी, = मायाँदेवी मन्दिर, बुद्ध पुस्तकालय, अन्वेषण Male केन्द्र, सङ्ग्रहालय आदि यस क्षेत्रमा रहेका महत्त्वपूर्ण सम्पदा हुन् ।"
9|10,3,यस क्षेत्रमा विश्वका विभिन्न राष्ट्रले बौद्धवहार निर्माण गरेका छन् ।
9|10,6,ग) चितवन राष्ट्रिय निकुञ्ज चितवन राष्ट्रिय निकुञ्ज नेपालको पहिलो राष्ट्रिय निकुञ्ज हो ।
9|10,6,"यो निकुञ्ज चितवन, मकवानपुर, नवपरासी बर्दघाट सुस्ता पूर्व र पर्सा जिल्लामा फैलिएको छ ।"
9|10,6,यसको क्षेत्रफल ९५२.६३ वर्ग कि.मि.रहेको छ ।
9|10,3,यो निकुञ्जमा विश्वको दुर्लभ मानिएको एक सिडगे गैँडा
9|10,3,यसलाई विश्व सम्पदा सूचीमा समावेश गरिएको हो ।
9|10,3,"यो निकुञ्जमा विश्वको दुर्लभ मानिएको एक सिडगे गैँडा पाइन्छ | यहाँ गोही, हात्ती, Weare, सालक, धनेस, मयुरलगायतका जीव जन्तुहरू पाइन्छन् | सन् १९५४ मा यसलाई विश्व सम्पदा सूचीमा सूचीकृत गरिएको हो ।"
9|10,3,घ) सगरमाथा राष्ट्रिय निकुञ्ज सगरमाथा राष्ट्रिय निकुञ्ज नेपालको प्रदेश न.१ को सोलुखुम्बु जिल्लामा पर्छ ।
9|10,3,"यो राष्ट्रिय निकुञ्जअत्तर्गत सगरमाथा, ~~ ल्होत्से, पुमोरी, Acs, चोयु, आमादब्लम जस्ता हिमाल पर्छन् | यहाँ डाँफे, हिमाली 0070 0 भालु, कस्तुरी, हिउँ चितुवा, घोरल, = न्याउरीमुसोलगायतका जीवजन्तुहरू र <4 गु"
9|10,3,"=e सामाजिक HEAT, कल्ला-10 विश्व सम्पदा सूचीमा सूचीकृत भएका बाहेक अन्य धेरै सम्पदाहरू देशका विभिन्न भागमा रहेका छन् ।"
9|10,3,यी सबै देशका अमूल्य सम्पत्ति हुन् ।
9|10,3,यिनको संरक्षण र संवर्धन गर्नु हामी सबैको कर्तव्य हो ।
9|10,3,"नेपालका अन्य सम्पदाहरूमा ताप्लेजुङको पाथीभरा, धरानको बुढासुब्बा, जनकपुरको रामजानकी मन्दिर, काभ्रेपलाञ्चोकको पलाञ्चोक भगवती र पनौती हुन् ।"
9|10,3,"त्यस्तै नुवाकोट दरबार, नुवाकोट भैरवी मन्दिर, रसुवाको Ware कुण्ड, धादिङको त्रिपुरासुन्दरी, गोरखाको गोरखकाली मन्दिर, मनकामना मन्दिर र गोरखा दरबार, मुस्ताङको मुक्तिनाथ र ल्होमान्थाङ दरबार, तनहुँको देवघाट"
9|10,3,"रारा ताल, फेवा ताल, तिलिचो ताल, कोशी, गण्डकी र कर्णाली नदी, राष्ट्रिय निकुञ्जहरू हाम्रा महत्त्वपूर्ण प्राकृतिक सम्पदा हुन् ।"
9|10,3,"बाग्लुङ कालिका मन्दिर, कपिलवस्तुको तिलौराकोट पुरातात्विक क्षेत्र, प्युठानको स्वर्गद्वारी, गुल्मीको रेसुङ्गा, जुम्लाको सिँजा उपत्यका, खप्तड क्षेत्र आदि पनि महत्त्वपूर्ण सम्पदाका रूपमा रहेका छन् | त्यस्"
9|10,3,राष्ट्रिय सम्पदाको महत्त्व : राष्ट्रिय सम्पदा हाम्रा अमूल्य सम्पत्ति हुन् | यिनीहरू गौरवपूर्ण इतिहास बोकेका हाम्रा पहिचान हुन् ।
9|10,3,"यिनको महत्त्व यसप्रकार रहेको छ : (क) पुर्खाको ज्ञान, सिप र प्रविधिको जानकारी तथा हस्तात्त्तरण हुन्छ | (ख) स्थानीय तथा राष्ट्रिय पहिचान स्थापित हुन्छ | (7) राष्ट्रिय गौरवमा वृद्धि हुन्छ | (घ) खोज तथा अ"
9|10,3,जैविक विविधता संरक्षणमा सहयोग पुग्छ | (छ| देशको चौतर्फी विकासमा सहयोग पुग्छ | सम्पदा संरक्षणका उपायहरू ।
9|10,3,क) सम्पदा क्षेत्रभित्र र आसपासमा फोहोर नगर्ने चामाजिक अध्ययन FRT-Io 0 2 क उउ॥
9|10,3,(ख) सम्पदा आसपासका क्षेत्रमा भौतिक संरचनाको निर्माण नगर्ने (ग) सम्पदाको संरक्षणमा स्थानीय व्यक्तिहरूलाई सचेत गराउने र सहभागी गराउने (घ) ऐतिहासिक र सांस्कृतिक सम्पदाको मर्मत र जिरणोदार गर्ने (ड) सम्पदा
9|10,3,सांस्कृतिक सम्पदाको मर्मत र जिरणोदार गर्ने (ड) सम्पदा अतिक्रमण हुनबाट जोगाउने (A) सम्पदाको महत्त्व सम्बन्धमा प्रचार प्रसार गर्ने (छ) प्राकृतिक सम्पदाको हकमा वनस्पति र जीवजन्तुको संरक्षण गर्ने क्रियापल
9|10,3,"३. राष्ट्रिय सम्पदा संरक्षणमा विद्यार्थी, समुदाय र राज्यले खेल्न सक्ने भूमिका सम्बन्धमा समूहगत छलफल गरी सूची तयार गर्नुहोस् ।"
9|10,3,४. तपाईँको स्थानीय तहमा राष्ट्रिय सम्पदा संरक्षणमा भएका प्रयासहरू समेटेर समाचार तयार गर्नुहोस् ।
9|10,3,अभ्यास १. राष्ट्रिय सम्पदा भनेको के हो ?
9|10,3,"ऐतिहासिक, सांस्कृतिक र प्राकृतिक सम्पदाको एक एकओटा उदाहरण दिनुहोस् ।"
9|10,3,२. मूर्त र अमूर्त सम्पदा भनेको के हो ?
9|10,3,"उदाहरणसहित लेख्नुहोस् | ३. हाम्रा राष्ट्रिय सम्पदाको आर्थिक, सामाजिक एवस् सांस्कृतिक महत्त्व उल्लेख गर्नुहोस् ।"
9|10,3,४. राष्ट्रिय सम्पदा संरक्षणमा प्रेरणा जगाउने नारा तयार गर्नुहोस् ।
9|10,3,५. “राष्ट्रिय सम्पदा संरक्षणमा सरोकारवालाको भूमिका” शीर्षकमा सम्पादकीय तयार गर्नुहोस् SS सामाजिक अध्ययन; FET-Jo (मच्छिन्द्र माध्यमिक विद्यालयको १० कक्षामा सामाजिक अध्ययन विषयको लोक गीत भन्ने पाठको सिक
9|10,3,"आज हामी तपाईँसँग लोकगीतसम्बन्धी केही जिज्ञासा राख्न चाहन्छौँ, आशा छ हाम्रो जिज्ञासा पूरा गरिदिनु हुने छ ।"
9|10,3,लोक गायक : भइहाल्छ नि !
9|10,3,म सक्दो प्रयास गर्ने छु।
9|10,3,सजना : लोकगीत भनेको के हो ?
9|10,3,"लोक गायक : लोकगीत र लोक सङ्गीत लोक संस्कृतिको अभिन्न AST हुन् | लोकगीतलाई स्थानीय स्तरमा सिर्जित र सङ्कलित कलात्मक आभिर्व्याक्तको रूपमा लिइन्छ | मानिसका स्.ख, TU, पीडा, उमङ्ग र सम्पूर्ण लोकजीवनको अनुभ"
9|10,3,"यो सरल, बोधगम्य र लोकप्रिय हुन्छ ।"
9|10,3,"सुजन : यसलाई समुदायको गीत पनि भनिन्छ, होइन र ः लोक गायक : लोकगीत समुदायको पनि गीत हो ।"
9|10,3,यो एकपछि अर्को पुस्तामा हस्तान्तरण हुँदै जान्छ ।
9|10,3,यो समाजमा गाइन्छ ।
9|10,3,यस्ता गीतलाई समाजले बचाएको हुन्छ ।
9|10,3,त्यसैले यसलाई समुदायको गीत भनिएको हो ।
9|10,3,प्रीति : ए !
9|10,3,"उसो भए लोकगीतको महत्त्व त धेरै पो हुने रहेछ, होइन त ?"
9|10,3,लोक गायक : हो नि !
9|10,3,लोकगीत हाम्रो मौलिक पहिचान हो ।
9|10,3,यसले मनोरञ्जन प्रदान गर्छ | सामाजिक एकता कायम राख्न मदत गर्छ | पुर्खाको परम्परा र संस्कृतिलाई बचाउन सहयोग गर्छ | मानिसलाई तनाव र चिन्ताबाट मुक्त हुन सहयोग गर्छ ।
9|10,3,समाजलाई राष्ट्रिय तथा अन्तर्राष्ट्रिय रूपमा चिनाउन सहयोग गर्छ | इतिहासको स्रोतका रूपमा काम गर्छ ।
9|10,3,त्यसैले यसको धेरै चामाजिक अध्ययन FRT-Io [छक्जहउलल्का ठुलो महत्त्व छ ।
9|10,3,"प्रीति : लोकगीतहरू उमेर, स्थान, परिवेश, भोगाइ, अनुभूतिअनुसार फरक फरक हुन्छन् भनिन्छ नि ?"
9|10,6,"लोक गायक : हो, फरक फरक उमेर समूहका मानिसका रुचअनुसार फरक फरक लोकगीत हुन्न सक्छन् ।"
9|10,6,"बृढबद्धाले सुन्ने र गाउने गीत, वयस्क, युवा, किशोर किशोरी र बालबालिकाले सुन्ने र गाउने लोकगीत फरक फरक हुन्छन् ।"
9|10,3,मानिसको भोगाइ र अनुभवअनुसार गीतहरू फरक फरक हुन्छन् | मानिसले प्रत्यक्ष
9|10,3,हुन्छन् भनिन्छ नि ?
9|10,3,मानिसको भोगाइ र अनुभवअनुसार गीतहरू फरक फरक हुन्छन् | मानिसले प्रत्यक्ष रूपमा अभिव्यक्त गर्न नसकेका कूराहरू गीतको माध्यमबाट सजिलैसँग व्यक्त गर्न सक्छन् | तसर्थ लोकगीतलाई मानिसको मनोभावना अभिव्यक्त गर्न
9|10,3,"प्रीति : लोकगीतको महत्त्व धेरै पो हुने रहेछ, होइन र ?"
9|10,3,"लोक गायक : हो नि, लोकगीतले समाजको वास्तविकताको प्रतिर्निधत्व गर्छ | यसमा मानिसका दुख, पीडा, खुसीको वास्तविक अभिव्यक्ति प्रकट हुन्छ | हाम्रा मूल्य मान्यता र संस्कृतिको उजागर गर्छ ।"
9|10,3,यसले मनोरञ्जन पनि प्रदान गर्छ | त्यसैले लोकगीतको महत्त्व धेरै छ ।
9|10,3,सजना : नेपाली लोकगीतका समस्या र चुनौती के के छन् ः लोक गायक : नेपाली लोकगीतले वर्तमानमा विभिन्न चुनौतीको सामना गर्नु परेका छ ।
9|10,3,ती चुनौतीको समाधान समयमा नै गर्न सकिएन भने लोक गीतको क्षेत्रमा ठुलो समस्या आउने छ ।
9|10,3,लोक गीतको पहिलो चुनौती मौलिकतालाई जोगाउनु हो ।
9|10,3,त्यसर्पाछ यसका स्रोताको मनोभावनाको सम्बोधन गर्ने कुरा अर्को चुनौतीको रूपमा देखिएको छ ।
9|10,3,बौद्धिक चोरीले कलाकारहरू मर्कामा परेका छन् भने युवाहरूमा विदेशी गीतप्रतिको मोहले यसको संरक्षणमा असर पुच्याएको छ ।
9|10,3,हाम्रा मौलिक संस्कृति बिस्तारै लोप हुँदै जानु र विदेशी संस्कृतिको प्रभाव बढ्नु आदि लोकगीतका प्रमुख समस्या र चुनौती हुन् ।
9|10,3,सुजन : लोक गीतको संरक्षण गर्न के के गर्नुपर्छ ?
9|10,3,बताइ दिनुहोस् न | लोक गायक : तपाईँले धेरै महत्त्वपूर्ण कुरा उठाउनु भयो ।
9|10,3,हामीले हाम्रो मौलिक परम्परालाई जोगाइ राख्नुपर्छ ।
9|10,3,तपाइँहरू जस्ता नयाँ पुस्ताले लोक गीत =e) सामाजिक अध्ययन; FeT-Io र सङगीतको महत्त्व बुभ्ने र बुझाउने गर्नुपर्छ | युवा पुस्ताले परम्पराको पुस्तात्तरणमा सहयोग गर्नुपर्छ | लोकगीतका मर्म र भावनाको सम्मान हु
9|10,3,विद्यालय र समुदायमा हुने सांस्कृतिक कार्यक्रममा लोकगीतलाई प्राथमिकता दिनुपर्छ | सर्जकको बौद्धिक सम्पत्तिको संरक्षण गर्नुपर्छ ।
9|10,3,लोकगीत सङ्कलक तथा गायकलाई हौसला र सम्मान दिनुपर्छ ।
9|10,3,यसो गरेको खण्डमा मात्रै लोकगीतको संरक्षण हुन सक्छ ।
9|10,3,विद्यार्थी: हाम्रो अनुरोधलाई स्वीकार गरी जिज्ञासा पूरा गरिदिनु भएकोमा धन्यवाद !
9|10,3,लोक गायक : मलाई पानि नेपाली लोकगीतको बारेमा केही कुरा राख्ने र तपाइँहरूको जिज्ञासा मेटाउने अवसर पाउँदा खुसी लागेको छ ।
9|10,3,"नेपाली लोकगीतलाई सुत्न र माया गर्न नभुल्नुहोला, धन्यवाद | केही नेपाली लोकगीतहरू नेपालका विभिन्न भौगोलिक क्षेत्र, जाति र समुदायमा आआफ्नै मौलिक लोकगीत प्रचलनमा छन् ।"
9|10,3,"तीमध्ये केही लोकगीतका नमुना तल दिइएका छन् : तामाङ सेलो खासगरी नेपालको बागमती प्रदेशलगायत देशका विभिन्न जिल्लामा बसोबास गर्ने तामाङ जातिले गाउने गीत : घोर्की स्याउरी ग्याल्मरी, गेङ्ला टुक्रा साप्ररी TS"
9|10,3,पछि गाउने जाँदा गाइने गीत हे. नारायण....... कस्की छोरी हौँ वानी लालीपाउडर घसेको हरि..हारि झन्डै मसँग माया बसेको राम रास राम राम छिट्को सारी गुन्युँ चोली फुर्के धागो लगाको पहिलो दर्शन... सिरुपाते त्यो 
9|10,3,सामाजिक अध्ययन; कक्षा-10 ठ्यकु्टा असारे गीत तिज गीत असारमा खेत रोपाईँ गर्ने खेतालाहरूले | तिज पर्वको अवसरमा महिलाले गाउने गाउने गीत गीतलाई तिज गीत भनिन्छ ।
9|10,3,गैरी खेतको रोपाइँ मेला आको तपाइँ .... | वर्ष दिनको तिजलाई आए दाजु लिनलाई मेला आको तपाइँ काँधमा हलो बोकेर...... | जान्छु म त माइत अब केही दिनलाई तिल्के र तारे एक हल गोरु मेरा बाँध्ने| यो रमाइलो तिजमा स
9|10,3,मिन्छाङगेन आनी याम्मी साग किनकाके हाथ कनक पिचकारी इक्सागेन खाम्बेक आधोखेल्ले किनकाके हाथ अबीर AT थिक्नाम्दातसारक आबोखेल्ने क्रियाकलाप १. तपाइँको स्थानीय क्षेत्रमा प्रचालित लोकगीतहरू खोजी गरी कक्षामा स
9|10,3,यो गीत मन पर्नुका कारण उल्लेख गर्नुहोस् ।
9|10,3,३. लोकगीत संरक्षणमा भएका स्थानीय अभ्यासहरू खोजी गरी कक्षामा प्रस्तृत गर्नुहोस् ।
9|10,3,४. विद्यालयका शिक्षक र प्रधानाध्यापकसँग समन्वय गरी विद्यालयमा लोकगीत प्रतियोगीता सञ्चालन गर्नुहोस् र कार्यक्रमको प्रभाव कस्तो रहयो कक्षामा समीक्षासमेत गर्नुहोस् ।
9|10,3,|. आल | सामाजिक अध्ययन; कक्षा-१० ५. नेपाली लोकगीतहरूले सामना गर्नुपरेका चुनौतीहरू र समाधानका उपायहरू समेट्दै संवाद तयार गर्नुहोस् | अभ्यास १. लोकगीत भनेको के हो ?
9|10,3,"२. पालम, तामाङ् सेलो र तिजको गीतको छोटो परिचय दिनुहोस् | ३. “लोक गीत हाम्रो मौलिक पहिचान हो” | यस भनाइलाई उदाहरणसहित प्रस्ट पार्नुहोस् ।"
9|10,3,"४. नेपाली लोकगीतको संरक्षणमा तपाइँको भूमिका उल्लेख गर्नुहोस् | परियोजना कार्य तपाईँको स्थानीय तहमा प्रचलित लोकगीतको खोजी गर्नुहोस्, ती गीत कुन कुन जाति समुदायसँग सम्बन्धित रहेका छन् : कुन कुन अवसरमा ग"
9|10,3,ती गीत संरक्षणका उपायहरूसमेत समेटी प्रतिवेदन तयार गर्नुहोस् ।
9|10,3,सामाजिक अध्ययन; कक्षा-१0 ayes नेपालका विभिन्न भूभागमा बसोबास गर्ने जातजाति तथा समुदायमा प्रचलत मौलिक वाद्यवादनका साधनलाई लोकबाजा भनिन्छ ।
9|10,3,यी नेपाली बाजाले नेपाली संस्कृतिको पहिचान दिएका छन् ।
9|10,3,जाति तथा समुदायलाई चिनाएका छन् ।
9|10,3,ती लोकबाजाहरू फरक फरक तरिकाले बजाइन्छ | कुनै फुकेर बजाइन्छन् | कुनै रेटेर बजाइन्छन् त कुनै ठटाएर बजाइन्छन् ।
9|10,3,"केही नेपाली लोकबाजाको परिचय तल दिइएको छ | गीतमा वर्णन गरिएअनुसार लोकबाजाहरूको परिचय, बनावट विशेषता, बजाउने स्थान र सम्बन्धित जाति समुदायहरूको पहिचान गर्नुहोस् ।"
9|10,3,“मादल” हाम्रो नेपाली लोकबाजा — सबैतिर प्रचलित छ आज मावल (बाँसको मुरली) २ बजाउँदै नाचौन आफ्नै सुरले | पे गर्न्धवले “सारङ्गी” रेटेर a : ait ७०४ बाँसुरी ~ गीत सुनौँ उहाँलाई भेटेर ॥
9|10,3,"सारङ्गी भयाउरे भाकामा) २ यो भाका लोकप्रिय डाँडापाखामा ) 9 aur en is “AT” हो बनेको बाँसबाट “भ्याली,” “FATT”, “SEAT” चै काँसबाट we ।"
9|10,3,लामो नर्रासङ्गा) २ घुमाउरो हुन्छ यो फुक्ने जोडसित (RE = ओठले च्यापी फुकेको “सहनाई” 2 ge) Lo पित्तल भन्ने
9|10,3,"सङ्गीतको भावलाई व्यक्त गरी प्रस्तुत गरिन्छ, जस्तै : पञ्चबृद्ध नृत्य, चर्या नृत्य, भैरव नृत्य, कार्तिक नृत्य आदि ।"
9|10,6,"यस्ता नृत्यले धार्मिक आस्था र विश्वासलाई मजबुत र बलियो बनाउँछ | नेपालमा प्रचलित केही लोक तथा शास्त्रीय नृत्य (क) देउडा नृत्य : गोलो घेरामा उभिएर _ ताम कु एकअर्काको हात र कुम जोडेर सामूहिक ($ a"" ५१४१ y"
9|10,6,मुख्यतया नेपालको कर्णाली तथा “खा सुदूरपश्चिम प्रदेशका पहाडी समुदायमा ‘3 यो नृत्य प्रचलित छ ।
9|10,6,"देउडा नाच नाच्दा गाइने गीतमा मानिसका विभिन्न क्रियाकलाप तथा स्वभाव, TU, पिर, हर्ष र परिवेशको वर्णन गरिन्छ | (ख) मारुनी नाच : विशेष गरी पुरुषहरूले महिलाको वेशभूषा लगाएर महिला जस्तै भएर नाच्ने यो नाच ने"
9|10,6,यो नाच मगर जातिमा प्रचलित नाच हो ।
9|10,6,हालका दिनहरूमा यो नाच अन्य जातिहरूमा पनि प्रचलित छ।
9|10,6,(ग) भझिभझिया नाच : यो नाच पूर्वी तराई क्षेत्रको मैथिली समुदायमा प्रचलित नाच हो ।
9|10,6,यस नाचमा माटाको घैलामा आगो बाली त्यसलाई महिलाका शिरमा राखी नाच्ने गरिन्छ ।
9|10,3,"सामाजिक अध्ययन कक्षा-10 Ea हौँ हाम्रा लोक तथा शास्त्रीय नृत्य नेपाली मौलिक लोकगीत वा लोक भाकाहरूमा आधारित भएर सुर, ताल, लयमा गरिने अभिनयसहितको प्रस्तुतिलाई लोक्नृत्य भनिन्छ | घाटु नाच, मारुनी नाच, चण्"
9|10,3,"यस नृत्यमा शरीरका विभिन्न अङ्ग जस्तै : आँखा, औँला, मुख, हातद्वारा गीत सङ्गीतको भावलाई व्यक्त गरी प्रस्तुत गरिन्छ, जस्तै : पञ्चबृद्ध नृत्य, चर्या नृत्य, भैरव नृत्य, कार्तिक नृत्य आदि ।"
9|10,3,"सामाजिक अध्ययन कक्षा-10 Ea (घ) घाटु नाच : यो नाच विशेष गरी गुरुङ, मगर र दुरा समुदायमा प्रचलित नाच हो ।"
9|10,3,यो नाच वसन्त पञ्चमीदेखि पूर्णमासम्म नाच्ने गरिन्छ ।
9|10,3,यो नाचमा परशुराम राजा र यम्मावती रानीको कथामा आधारित भएर रजस्वला नभएकी कन्यालाई नचाउने गरिन्छ | (ङ) धान नाच : यो लिम्बू जातिमा प्रचलित \ - bm नाच हो ।
9|10,6,यो नाच विशेष गरी नेपालको Pa a a ¥ ‘ पूर्वी पहाडी जिल्लामा नाचिन्छ ।
9|10,6,पालम 0. त Ss i गीत गाउँदै यो नाच नाचिन्छ
9|10,3,यम्मावती रानीको कथामा आधारित भएर रजस्वला नभएकी कन्यालाई नचाउने गरिन्छ | (ङ) धान नाच : यो लिम्बू जातिमा प्रचलित \ - bm नाच हो ।
9|10,3,विशेष |: ।
9|10,3,"रूपमा युवा युवतीले बाली भित्र्याउने समय . € र अन्य मेला पर्व तथा उत्सवमा यो नाच oe छ जी र नाच्ने गरिन्छ | च्याब्रुक, ढोलक बजाउँदै गोलो घेरामा नाचिन्छ | i — (च) चण्डी नाच : Sate तथा उँभौली पर्वको अवसरम"
9|10,3,सू र् ४ | eS गाउँदै यो नाच नाच्छन् | एक अर्काको हात समाउँदै «MS ४ TASH तालमा यो नाच नाच्ने गरिन्छ | 4 ae भेट (छ) सोरठी नाच : यो नाच गण्डकी र लुम्विनी प्रदेशका गुरुङ र मगर समुदायमा प्रचलित छ ।
9|10,3,यो नाच ठुलो समूहमा नाच्ने गरिन्छ ।
9|10,3,दिनभरको थकान मेटन तथा मनको भावना पोख्न सोरठी नाच नाचिन्छ ।
9|10,3,यस नाचले समाजिक सद्भाव र एकतालाई बलियो बनाउन महत्त्वपूर्ण भूमिका खेलेको पाइन्छ ।
9|10,3,(ज) जट जटिन नाच : जट जटिन नाच नायक जट र नायिका जटिनको प्रेम कथामा आधारित नाच हो ।
9|10,3,श्रावण पूर्णिमादेखि भाद्र पूर्णिमासम्म यो नाच नाच्ने गरिन्छ | यो नाच मिथिला क्षेत्रमा नाचिने परम्परागत नाच हो ।
9|10,3,खडेरीबाट मुक्त हुनका लागि इन्द्र देवतालाई खुसी पार्न यो नाच नाचिन्छ ।
9|10,3,"(झ्) बालन नाच : विभिन्न अवसरमा राम, कृष्ण, शिवलगायतका देवताको चरित्रलाई बयान गर्दै SHS बजाएर समूहमा नाचिने नृत्य बालन नृत्य हो ।"
9|10,3,"सत्यनारायणको पूजा, विवाह, व्रतबन्ध आदि जस्ता धार्मिक कार्यमा रात्रिको समयमा सार्मूहक == सामानिक अध्ययत; कक्षा-10 रूपमा नाच्ने गरिन्छ | विशेष गरी व्राहमण क्षेत्री समुदायमा यो नाच eT Gator छ।"
9|10,3,(अ) कार्तिक नाच : कार्तिक नाच राजा सिद्धिनररासंह मल्लको | — (01 पालादेखि प्रर्चलत शास्त्रीय नृत्य क 0 ?
9|10,3,| हो ।
9|10,3,यो नाच हरेक वर्ष कार्तिक ae a Pm We ७. a | ’ *. > महिनामा देखाइन्छ | यो नाच ।
9|10,3,विष्णु पुराणको नृसिंह अवतारको = कथामा आधारित नाच हो ।
9|10,3,"राजा लन्कन्त सिद्धिनरसिंह मल्लले आफनो दरबारमा देखाउने गरेका नाचको निरन्तरताको रूपमा यो नाच हालसम्म नाचिँदै आएको विश्वास गरिन्छ | यो नाचमा साताभर पोडखा, खीं, ताः र भ्याली बजाउँदै विष्णुका विभिन्न अवतार"
9|10,3,"(ट) सराय नाच : यो नाच खुँडा, खुक्री, तरबार आदि हतियार वा लट्ठी हातमा लिई समूहमा लाम लागेर नाचिन्छ ।"
9|10,3,यो देवीदेवताको मठमन्दिरमा दसैँको समयमा नाचिन्छ ।
9|10,3,"यो विशेष गरी गुल्मी, अर्घाखाँची, बागलुङ, पाल्पालगायतका जिल्लामा प्रचलित छ | (ठ) Wat नृत्य : यस नृत्य देवदेवताको अभिनय गरी नाचिन्छ ।"
9|10,3,यो नृत्य मुख्यगरी नेवार समुदायमा प्रचलित छ ।
9|10,3,(ड) पञ्चबुद्ध नाच : यो बुद्ध धर्म र परम्परामा आधारित नृत्य हो | (ण) मुन्धुम नाच : किराँतहरूको मुन्धुममा आधारित यो नृत्य नेपालको पूर्वी पहाडी भेगमा नाचिन्छ ।
9|10,3,(त) टप्पा नाच : यो नाच लुम्बिनी प्रदेशको दाङ र आसपासका पहाडी जिल्लाहरूमा बढी प्रचलित छ | शुरुमा मादलको तालमा विस्तारै नाच्दै अन्त्यतिर धेरै छिटोछिटो यो नाच नाच्ने गरिन्छ | यो नाच विशेषत: मगर समुदायमा 
9|10,3,पहाडी भेगमा नाचिन्छ ।
9|10,3,(त) टप्पा नाच : यो नाच लुम्बिनी प्रदेशको दाङ र आसपासका पहाडी जिल्लाहरूमा बढी प्रचलित छ | शुरुमा मादलको तालमा विस्तारै नाच्दै अन्त्यतिर धेरै छिटोछिटो यो नाच नाच्ने गरिन्छ | यो नाच विशेषत: मगर समुदायमा 
9|10,3,"यो नाच मेला, पर्व उत्सवहरूमा पनि नाच्ने गरिन्छ ।"
9|10,3,यो नाच SST तालमा नाच्ने गरिन्छ ।
9|10,3,"सामाजिक अध्ययन कक्षा-१0 SS ersi क्रियाकलाप १. यी माथि उल्लेख गरिएका बाहेक कौरा नृत्य, पुलकिसी नाच, सहलेस नाच, भैरव नाच, हनुमान नाच, चरित्र नृत्य, ख्याली नाच, तरबारे नाच, सिङ्गारु नाच आदि नाचहरूको विभि"
9|10,3,२. नेपाली लोक तथा शास्त्रीय नृत्यलाई लोप हुनबाट बचाईराख्न समुदाय र स्थानीयतहले के कस्ता कार्यहरू गर्नुपर्ला ?
9|10,3,"प्रत्येकको अलग अलग सूची तयार गर्नुहोस् | ३. नेपाली लोक नृत्य तथा शास्त्रीय नृत्यको संरक्षण गर्ने कार्यका लागि पर्यटन, संस्कृति तथा नागरिक उड्डयन मन्त्रालयलाई तपाईँले दिन सक्ने सुझावहरू समेटेर पत्र तया"
9|10,3,४. पाठमा उल्लेख गरिएका नृत्यहरूमध्ये कुन कुन शास्त्रीय नृत्य र कुन कुन लोक नृत्य हुन् छुट्याई तालिकामा देखाउनुहोस् ।
9|10,3,"अभ्यास १. “लोकबाजा, लोकगीत र लोक्नृत्य एक अर्काका परिपूरक हुन्” | यस भनाइलाई पुष्टि गर्नुहोस् ?"
9|10,3,२. लोक तथा शास्त्रीय नृत्यको महत्त्व उल्लेख गर्नुहोस् | ३. लोक्वृत्य र शास्त्रीय नृत्यबिचमा रहेका भिन्ततालाई तालिकामा देखाउनुहोस् | ४. तपाइँले अन्तर्राष्ट्रिय समारोहमा नेपाली लोक तथा शास्त्रीय नृत्यको
9|10,3,(ख) देशमा घटेका महत्त्वपूर्णा घटना र तिनले ल्याएको ॥
9|10,3,दिवसलाई 4 परिवर्तनको स्मरण गराइरहन्छ ।
9|10,3,"ae aes cig (ग) हाम्रो राष्ट्रको गौरव बढाउन मदत गर्छ | q रूपमा औपचारिकता ; परिवर्तनको (घ) महत्त्वपूर्ण घटना र तिनले ल्याएको परिवर्तनको रक्षा मात्र पूरा नगरी ती दिनहरूमा af Oa ae) घटेका जनम, शत परिवर्तन"
9|10,6,सार्थकता रहन्छ ।
9|10,6,"केही | (ज) ऐतिहासिक तथ्य, घटनाको महत्त्वपूर्ण स्रोतको रूपमा राष्ट्रिय दिवसहरूको परिचय उपयोग गर्न सकिन्छ ।"
9|10,6,तल प्रस्तुत गरिएको छ : संविधान दिवस : नेपालको हालको सोवधान २०७२ असोज २३ गते संविधानसभाबाट जारी गरिएको थियो ।
9|10,3,नेपालको संविधान जारी भएको
9|10,3,नागरिकमा चेतना र जागरण प्रदान गर्छ ।
9|10,3,नेपालको संविधान जारी भएको दिन असोज ३ गतेलाई राष्ट्रिय दिवसका रूपमा विभिन्न कार्यक्रम गरेर मनाइन्छ | संविधान दिवसले संविधानको रक्षा र पालना गर्ने सचेत गराउँछ ।
9|10,3,गणतन्त्र दिवस : नेपालमा गणतन्त्रको स्थापना २०६५ जेष्ठ १५ गते भएको हो | त्यस अगाडिसम्म नेपालमा राजतन्त्रात्मक शासन व्यवस्था थियो ।
9|10,3,गणतन्त्रको स्थापना भएपछि सर्वसाधारण जनताबाट राष्ट्र प्रमुख हुने व्यवस्था रहेको छ ।
9|10,3,त्यसैले जेष्ठ १५ गतेको दिनलाई गणतन्त्र दिवसको रूपमा विभिन्न कार्यक्रमहरू गरेर मनाइन्छ ।
9|10,3,यो यामाजिक अध्ययन कक्षा-१0 an दिवसले जनताको वर्षौदेखिको त्याग र बालदानको स्मरण गर्दै जनताप्रति उत्तरदायी हुन सिकाउँछ ।
9|10,3,सहिद दिवस : राष्ट्रिय स्वाधीनता र जनताको अधिकार प्राप्तिका लागि विभिन्न समयमा भएका आन्दोलनहरूमा कयौँ व्यक्तिले बालदानी दिए | यसरी साहदत प्राप्त गर्ने व्यक्तिलाई सहिद भनिन्छ ।
9|10,3,"राणा शासनको अन्त्यका लागि सङ्घष गर्ने व्यक्ति शुक्रराज शास्त्री, SAAT माथेमा, गङ्गालाल श्रेष्ठ र दशरथ चन्दलाई तत्कालीन राणा शासकले मृत्युदण्डको सजाय दिएको थियो ।"
9|10,3,यसै घटनाको सम्झना र सहिदहरू प्रति सम्मान गर्दै माघ १६ गतेको दिनलाई सहिद दिवसका रूपमा विभिन्न कार्यक्रम गरेर मनाइन्छ | लोकतन्त्र र गणतन्त्र प्राप्तिको आन्दोलनमा सहादत प्राप्त गर्ने वीर योद्धालाई सहिदको
9|10,3,यस दिवसले सहिदको बलिदानलाई कदर र सम्मान गर्न सिकाउनुका साथै उनीहरूको सपनालाई साकार पार्न अभिप्रेरित गर्छ ।
9|10,3,मजद्र दिवस : हरेक वर्ष मे १ मा अन्तर्राष्ट्रिय मजदुर दिवस मनाइन्छ | संसारभरका मजदुरले आफ्नो हकअधिकार प्राप्त गरेको दिनको स्मरणमा यो दिवस मनाइन्छ | नेपालमा पानि सोही दिन मजदुर दिवस मनाउने गरिन्छ ।
9|10,3,यस दिन विभिन्न कार्यक्रम गरी मजदुर दिवस मनाउने गरिएको छ ।
9|10,3,"यस दिवसले श्रम र श्रमिकप्रति सम्मान गर्न प्रेरित गर्छ | नारी दिवस : हरेक वर्ष मार्च द मा विश्वभर अन्तर्राष्ट्रिय नारी दिवस मनाइन्छ | महिला अधिकार, महिला सशक्तीकरणमा र लैङ्गिक समानता आदि सवालहरू अन्तर्"
9|10,3,नेपाललगायत संसारभर विभिन्न कार्यक्रम सञ्चालन गरेर महिला अधिकार प्राप्ति र शसक्तीकरणमा सवै पक्षको सहयोग सुनिश्चितताका लागि यो दिवस मनाउने गरिन्छ ।
9|10,3,बाल दिवस : सन् १९९० सेप्टेम्बर १४ मा हाम्रो देशले संयुक्त We सङ्घको बाल अधिकार महासन्धिमा हस्ताक्षर गरेको थियो ।
9|10,3,यसै दिनको अवसरमा नेपालमा बाल दिवस मानाउन थालिएको हो ।
9|10,3,"यस दिवसले बालबालिकाहरूको अधिकार प्राप्ति र संरक्षणमा लाग्न व्यक्ति, समुदाय र राष्ट्रलाई जिम्मेवारी बोध गराउँछ | Stes: सामाजिक अध्ययन कक्षा-1० क्रियाकलाप १. देशको राष्ट्रिय दिवसहरू मनाउने तौरतरिकामा के"
9|10,3,"समूहमा छलफल गरी प्राप्त निष्कर्ष कक्षामा प्रस्तुत गर्नुहोस् | २. तपाईँको विद्यालयमा पनि राष्ट्रिय दिवस मनाउने गरिएको छ होला, ती दिवस कसरी मनाउने गरिएको छ ?"
9|10,3,जोडी जोडीमा रहेर छलफल गरी ती दिवसले दिने सन्देशको टिपोट गर्नुहोस् ।
9|10,3,३. कुनै एक राष्ट्रिय दिवस मनाउने कार्यक्रमको खाका तयार पारी कक्षामा पस्तुत गर्नुहोस् ।
9|10,3,अभ्यास १. राष्ट्रिय दिवस भनेको के हो ?
9|10,3,राष्ट्रिय दिवसको महत्त्व उल्लेख गर्नुहोस् ।
9|10,3,"२. हामी सहिद दिवस किन मनाउँछौँ, कारण दिनुहोस् ।"
9|10,3,"३. “हाम्रा राष्ट्रिय दिवस हाम्रा चिनारी र गौरव हुन्"" भन्ने शीर्षकमा सम्पादकीय तयार"
9|10,3,भुमिमा आएपछि आफन्तसँग टाढा AT | आफन्तसँग कहिलेकाही हुने खटपट र चिसोपन पनि बेकारमा गरिएछ जस्तो लाग्छ।
9|10,3,"यहाँ अपरिचित, पराइ र विदेशीसँगको सम्बन्ध, सहयोग, सद्भाव अनि सहकार्यको संस्कृति बढ्न थालेको छ ।"
9|10,3,नयाँ नयाँ अनुभवहरू बटुल्दै छु ।
9|10,3,"मानवीय सम्बन्ध, सहयोग र मेलमिलापको आवश्यकता बोध भएको छ | छोरा, यो संसारमा बस्ने मानिस दुरीको हिसाबले टाढा होलान् ।"
9|10,3,"भूगोल, प्रजाति, पेसा, धर्म, संस्कृति र परम्पराका आधारमा भिन्न होलान् तर मानवीयता र मानवीय व्यवहारमा हामी सबै एक हौँ ।"
9|10,3,संसारका सबै मानव जाति आफन्त हौँ ।
9|10,3,यहाँ काम गर्ने स्थानमा हामी संसारका विभिन्न देशबाट आएका साथीहरू सँगै मिलेर बसेका छौँ ।
9|10,3,सबै एकै परिवारका सदस्य भझौँ मिलेर सँगै काम गर्छौँ ।
9|10,3,पोहोर म बिमारी हुँदा होस् या बिर्चबिचमा समस्या आइपर्दा पनि विभिन्न देशका साथीहरूले सहयोग गर्नुभएको थियो | यहाँका नागरिकले पनि हामी विदेशीहरूलाई आफ्नै परिवारका सदस्य जस्तै व्यवहार गर्नुभएको छ।
9|10,3,"यहाँ को काला, को गोरा, को हिन्दु, को मुस्लिम, को इसाईको भावनाभन्दा पनि मानवीयताको WAAR अध्ययन; कक्षा-१० a भावना ठुलो भन्ने हुँदो रहेछ ।"
9|10,3,"यहाँ त दाइ भाइको भावना, दिदीभाइको भावना, दाजु बहिनी, दिदी बहिनीको भावनाका साथ व्यवहार गरेको देख्दा खुसी लाग्छ ।"
9|10,3,"वास्तवमा विश्वबन्धुत्वको भावना भनेको नै यही हो, छोरा ।"
9|10,3,"विश्वबन्धुत्वको भावनाले समाजमा एकत्वको भावना, सबैले समान रूपमा शान्ति र सहअस्तित्वका साथ आफनो जीवन बाच्न पाउने मानवीय हकको सुनिश्चित गर्छ | युद्ध र हिसाबाटमुक्त विश्व समाज स्थापना गर्नु यसको मूल अभिप्"
9|10,3,"यी कुरालाई तिमीले पनि मनन गर्नुपर्छ, छोरा ।"
9|10,3,"जातीय, भाषिक, धार्मिक, क्षेत्रीय सबै विभेदको अन्त्य विश्वबन्धुत्वको मूल चासो हो ।"
9|10,3,"सम्मान, जिम्मेवारी बोध, सहिष्णुता र इमानदारिता जस्ता मानवीय मूल्यको परिपालनाले नै विश्वबन्धुत्वको भावना वृद्धि गर्न सकिन्छ ।"
9|10,3,"मलाई नै हेर त, आफ्ना घरपरिवारबाट टाढा भए पनि यहाँ मैले एक्लो महसुस गर्नुपरेको छैन ।"
9|10,3,"यहाँ मैले अनुभव गरेका मानवीयता, मानव धर्म, सहयोग र सद्भावको पक्ष अनुकरणाय छ ।"
9|10,3,यदि हामीलाई यहाँ फरक व्यवहार र असहयोग भएको थियो भने हामीले काम गर्ने वातावरण पाउने थिएनौँ र दुःख पाउने थियौँ ।
9|10,3,अहिलेको यो सूचना प्रविधिको युगमा संसार एउटा सानो गाउँ जस्तो भएको छ ।
9|10,3,कुनै ठाउँमा घटेका घटना तत्कालै विश्वको अर्को ठाउँमा जानकारी भई हाल्छ ।
9|10,3,"यसले गर्दा हामी संसारका मानिस एउटै घरपरिवारका सदस्यका रूपमा रूपान्तरित भएका छौँ | भूगोल अलग र दुरी टाढा भए तापनि हाम्रा मानवीय व्यवहार, सदभाव, सहकार्य र सहयोगका कारण विश्व सीमा विहीन समाजमा बर्दालएको "
9|10,3,यसैलाई विश्व ग्राम भनिन्छ ।
9|10,3,"छोरा, हामीले सडकीर्णतालाई त्यागेर विश्वबन्धुत्व कायम गर्न सक्नुपर्छ | विश्वबन्धुत्व भनेको विश्वभर बसेका मानिसलाई आफ्नै परिवारको सदस्य जस्तै ठानेर सुखदु:ःखमा साथ दिने भावना हो ।"
9|10,3,सहयोग र सहकार्यको संस्कार हो ।
9|10,3,एकले अर्कालाई आफन्त ठानेर मानवताको व्यवहार गर्नुपर्छ भन्ने अवधारणा हो ।
9|10,3,"विश्वबन्धुत्व कायम गर्न हामीले विभिन्न व्यवहारको अनुकरण र अनुसरण गर्न जरुरी छ, छोरा, जस्तै : तिमीलाई समाजका अन्य मानिसलाई नाता लगाएर काका, मामा, काकी भनेर सम्बोधन गर्ने र सोही अनुरूपको व्यवहार गर्ने ग"
9|10,6,"हामीले सबैलाई आफ्नो परिवारका सदस्य सरह मानेर व्यवहार गर्ने कति राम्रो व्यवहार, मलाई तिम्रो त्यो बानी व्यवहार मन परेको छ, छोरा ।"
9|10,3,अस्ति फुपाजु घरमा आउँदा उहाँलाई तिमीले गरेको आतिथ्यता र सम्मानको उहाँले हिजो फोनमा तारिफ गर्दै हुनुहुन्थ्यो | पाहुनालाई पारिवारिक वातावरण प्रदान गर्ने
9|10,3,गर्ने गरेको छु भन्थेउ नि !
9|10,3,अस्ति फुपाजु घरमा आउँदा उहाँलाई तिमीले गरेको आतिथ्यता र सम्मानको उहाँले हिजो फोनमा तारिफ गर्दै हुनुहुन्थ्यो | पाहुनालाई पारिवारिक वातावरण प्रदान गर्ने तिम्रो व्यवहार मलाई पनि उचित लाग्यो ।
9|10,3,"योबाहेक तिमीले सबैलाई सहानुभूति र सहयोगको भावना प्रकट गर्ने र अरूको अस्तित्वलाई स्वीकार गर्ने गर्दा विश्वबन्धुत्वको भावनालाई अरचिवृद्धि गर्ने मदत =e सामाजिक HEAT, कक्षा-10 पुग्छ ।"
9|10,3,"ल, चिठीमा धेरै क्रा नलेखौँ | लेख्दालेख्दै चिठी पनि धेरै लामो भएछ ।"
9|10,3,यी माथिका कुराहरू आत्मसात् गर्ने नै छौ भन्दै आजलाई बिदा चाहन्छु ।
9|10,3,ल शुभरात्रि ।
9|10,3,"तिम्री आमा सुजना क्रियाकलाप १. तल दिइएको तालिका पूरा गर्नुहोस् : विश्वबन्धुत्वका फाइदाहरू विश्वबन्धुत्वका मूल्यहरू २. तपाईँको समुदायमा विदेशमा गएर फर्किएका मानिस हुनुहुन्छ होला, उहाँहरूसँग भेटेर विदेश"
9|10,3,त्यस प्रकारको व्यवहारबाट उहाँले कस्तो महसुस गर्नुभएको थियो ?
9|10,3,सोधखोज गरी प्रतिवेदन तयार गर्नुहोस् ।
9|10,3,अभ्यास १. विश्वबन्धुत्व भनेको के हो ?
9|10,3,"विश्वबन्धुत्व कायम गर्न हामीले के के गर्नुपर्छ, लेख्नुहोस् ।"
9|10,3,२. विश्वग्रामको परिचय दिँदै यसले मानव जीवनमा पारेको प्रभाव उल्लेख गर्नुहोस् ।
9|10,3,३. वर्तमान विश्वमा विश्वबन्धुत्व र मानवताको महत्त्व उल्लेख गर्नुहोस् ।
9|10,3,४. “sede कुटुम्बकम्” भनेको के हो ?
9|10,3,"चामाजिक अध्ययन कक्षा-१० we ee) GC हाम्रो सामाजिक दायित्व समाजमा विभिन्न सहयोग र सेवाको जरुरत पर्ने मानिस हुन्छन् | तिनीहरूमध्ये जेष्ठ नागरिक, असहाय र अपाङ्गता भएका व्याक्तप्रति व्यक्ति, परिवार र समाजक"
9|10,3,"ती व्यक्तिलाई सामाजिक सुरक्षा, सहयोग र मानवीय सेवा प्रदान गर्नु समाजका हरेक नागरिकको दायित्व हो | उनीहरूप्रतिको सामाजिक दायित्व वहन गर्नाले सामाजिक सहअस्तित्व, सामाजिक एकता सुदृढ भई असल सामाजिक संस्का"
9|10,3,"“जेष्ठ नागरिक तथा असहाय र अपाङ्गता भएका व्यक्तिप्रतिको दायित्व"" शीर्षकमा कक्षा १० का एक विद्यार्थीले तयार पारेको सम्पादकीय अध्ययन गरौं | सम्पादकीय जेष्ठ नागरिक तथा असहाय र अपाङ्गता भएका व्यक्तिप्रतिको"
9|10,3,"उनीहरू समाज, संस्कृति, मूल्य मान्यता र परम्पराका स्रोत हुन् ।"
9|10,3,हामीलाई असल बाटो देखाउने पथप्रदर्शक हुन् ।
9|10,3,"हाम्रा कला, संस्कृति र मूल्य मान्यतालाई पुस्तान्तरण गराउने अग्रज हुन् ।"
9|10,3,"उनीहरूले आफ्नो जीवनको महत्त्वपूर्ण समय आफनो परिवार, समाज र राष्ट्रका लागि समर्पण गरेका हुन्छन् ।"
9|10,3,"उनीहरूसँग ज्ञान, सिप र अनुभवको भण्डार रहेको हुन्छ ।"
9|10,3,"यो ज्ञान, सिप, अनुभव हामीले समाज र राष्ट्रका हितमा उपयोग गर्न सक्नुपर्छ | समाजका लागि पुच्याएको योगदानबाट प्रेरणा लिनुपर्छ | जेष्ठ नागरिकको विशेष हेरचाह गर्नु व्यक्ति, समुदाय र राज्यको सामाजिक दायित्व"
9|10,3,यसले जेष्ठ नागरिकलाई राज्यबाट विशेष संरक्षण तथा सामाजिक सुरक्षाको हकको पत्याभूत गरेको छ ।
9|10,3,त्यस्तै जेष्द्ध नागरिकसम्बन्धी ऐनले पनि आर्थिक हैसियत तथा इज्जतअनुसार पालन पोषण तथा हेरचाह गर्नु परिवारको प्रत्येक सदस्यको कर्तव्य हुने कुरा उल्लेख छ ।
9|10,3,यसै गरी राज्यले जेष्ठ नागरिकलाई मासिक रूपमा सामाजिक सुरक्षा भत्तासमेत उपलब्ध गराउँदै आएको छ ।
9|10,3,"उनीहरूको सहज जीवनयापनका लागि सार्वजनिक सवारी साधन, स्वास्थ्य सेवालगायतका सेवा, सुविधा र छुटको समेत प्रबन्ध गरेको छ ।"
9|10,3,राज्यले प्रदान गरेका सेवा सुविधाले मात्रै उनीहरूप्रतिको हाम्रो दायित्व पूरा हुँदैन ।
9|10,3,हामी सबै आआफो स्थानबाट पनि उत्तिकै जिम्मेवार हुनुपर्छ ।
9|10,3,जेष्ठ नागरिकलाई उचत
9|10,3,एवम् समाधानका उपायहरू खोजी गर्न २. समस्या समाधान सिपको प्रदर्शन गर्न ३. सामाजिक सुधारमा अन्तर्राष्ट्रिय संस्थाहरूले खेलेको भूमिका खोजी गर्न ।
9|10,3,सामाजिक अध्ययन कक्षा-१० [१७ “४: | सहिद शुक्र मा.वि. का विद्यार्थीले विद्यालयको वार्षिकोत्सवको अवसरमा मानव बेचबिखन विरुद्धमा प्रदर्शन गरेको जनचेतनामूलक नाटकको एक झलक : (बाहिरबाट ढोकामा टक टक टक गरेको आ
9|10,3,ढोका ढकढक्याउँदै।
9|10,3,भित्र को हुनुहुन्छ ?
9|10,3,"(कोही नबोलेपछि प्रहरी घरभित्र जान्छन्, चारैतिर हेर्छन्, अन्त्यमा बुझँगलमा एक व्यक्तिलाई लुकेर बसेको देख्छन् ।"
9|10,3,) प्रहरी : तपाईँ यहाँ यसरी किन बस्नुभएको ?
9|10,3,धनवीर : (अत्तालिँदै) मेरो नाम धनवीर हो ।
9|10,3,म यहाँ धान उठाउन बसेको हजुर | प्रहरी : ए !
9|10,3,यसरी लुकेर धान उठाइन्छ ?
9|10,3,(धनवीरको पाखुरामा समाउँदै घर बाहिर निकाल्छन् ।
9|10,3,") (केही हल्ला भएको सुनेपछि छिमेकी मदनका दम्पति आउँछन् |) मदन : केको हल्ला हो धनवीर : बुहारी आइछन् कि क्या हो ;: को हो, त्यता (प्रहरीलाई देखेपछि) ए प्रहरी बाबुहरू पो आउनु भएको रहेछ त ।"
9|10,3,"प्रहरी : नमस्ते आमा, बुबा | हजुरहरू धनवीरको छिमेकी हुनुहुन्छ, हो ?"
9|10,3,मदन : हो हजुर | हजुरहरू किन आउनु भएको नि ?
9|10,3,प्रहरी : धनवीरका विरुद्ध इलाका प्रहरी कार्यालयमा उजुरी परेको छ ।
9|10,3,पक्राउ पुर्जी जारी भएकाले हामी यहाँ आएका हौँ ।
9|10,3,"मदनकी श्रीमती : अस्ति भर्खर जेलबाट छुटेर आएको, होइन फेरि के उपद्रो गर यिनले ?"
9|10,3,EF) त्तामाजिक अध्ययन कक्षा-1० प्रहरी : उहाँको विरुद्ध एक माहलालाई विदेशमा लगेर बेचेको आरोप लागेको छ।
9|10,3,मदनकी श्रीमती : को महिला ?
9|10,3,त्यही पल्लो गाउँबाट हराएकी नानी हो ?
9|10,3,"मदन : आम्मै, ती नानी सोझी थिइन्, ae भयो उनी सम्पर्क बिहीन भएकी | यसैको कुकर्म पो रहेछ ।"
9|10,3,पहिले मृगौला बेच्ने गिरोहमा लागेर जेल परेको थियो ।
9|10,3,निस्कने बित्तिकै अर्को ककर्म गरिहालेछ » प्रहरी : उसैले गरेको भन्ने प्रमाणित त भएको छैन ।
9|10,3,उजुरी परेपछि हामीले अनुसन्धानका लागि समाउनै TAT | (नजिकै बाटाबाट विद्यालय जाँदै गरेकी शिक्षक सानुमाया धनवीरको घरतिर आउँदै।
9|10,3,सानुमाया : नमस्ते है सबै जनालाई ।
9|10,3,के भएछ आज यहाँ ?
9|10,3,मदन बा र आमा पनि हुनुहँदोरहेछ त | मदनकी श्रीमती : के हुनु नि ।
9|10,3,उहाँहरू (प्रहरीलाई देखाउँदै) धनवीरलाई पक्रिन आउनुभएको नानी ।
